ma_van_de,muc_do,pham_vi,van_de,so_dong,ti_le_%,cach_phat_hien,top_category,vi_du_product_ids,vi_du_bang_chung
D00,0 - Vấn đề gốc,toàn bộ,Phía tiếng Việt là bản máy dịch của Alibaba (không phải người dịch),16348,100.0,Cách 1688 sinh bản tiếng Việt (README mục nguồn dữ liệu); mọi lỗi D01-D17 là hệ quả,,(tất cả),Xem D01-D05: lỗi đặc trưng của máy dịch
D01,1 - Nghiêm trọng,title,Bản dịch sai nghĩa nặng,20,0.12,Similarity bge-m3 dưới ngưỡng 'chắc sai' của category (trung vị điểm các cặp sai cố ý cùng category),"food:15, beauty:4, fashion:1","655657203105, 674111993698, 796699186420, 822969947362, 785329535292",sim=0.504 < ngưỡng 'chắc sai' 0.506
D02,1 - Nghiêm trọng,title,Chưa dịch / còn chữ Hán trong title_vi,7,0.04,Regex chữ Hán trên title_vi,"fashion:2, bags:1, beauty:1","1043561115166, 1058721001412, 906656433533, 956583248092, 872054230824",chữ Hán còn lại: 新款 真皮马鞍包女高级感通勤单肩斜挎包小众设计感腋下
D03,1 - Nghiêm trọng,title,Máy dịch hiểu sai nghĩa từ / tên riêng,156,0.95,"Duyệt tay bảng từ Latin + mẫu dịch sát chữ, đếm dòng chứa từ lỗi","bags:102, food:19, shoes:13","694399617240, 895595225521, 920124480096, 1000087007906, 1001532136545",网红 (nổi tiếng trên mạng) -> 'Net Red'
D04,1 - Nghiêm trọng,title,Dịch thiếu ý (bản Việt quá ngắn),160,0.98,Tỉ lệ số từ vi / số chữ Hán < phân vị 1%,"beauty:37, mother_baby:21, auto:18","41907586179, 713481760562, 715559046885, 723834735743, 750560800898",tỉ lệ từ vi/chữ zh = 0.417
D05,1 - Nghiêm trọng,title,"Mất số liệu (năm, dung tích, số lượng)",221,1.35,So khớp các con số giữa zh và vi,"electronics:57, home:36, bags:32","749364410345, 826353007905, 831003371545, 838981993586, 863849181249",số trong zh không có ở vi: 70
D06,2 - Cao,description,Description còn chữ Hán,2098,12.83,Regex chữ Hán trên description_vi,"home:400, beauty:312, mother_baby:286","1000787279495, 1000904160405, 1001744080768, 43657612636, 520378973055",chữ Hán còn lại: 是否智能 非智能 毛重 安装类型 通用 画面视角
D07,2 - Cao,description,"Giá trị thuộc tính dính số thứ tự ('Không1', 'Có2')",9286,56.8,Regex trên từng cặp thuộc tính,"home:1650, mother_baby:1629, shoes:1622","1001744080768, 41907586179, 43657612636, 520378973055, 522993170539","2 giá trị, vd '速卖通, 独立站, LAZADA, 其他' -> 'AliExpress, Trạm độc lập, LAZADA, Khác1'"
D08,2 - Cao,description,Không ghép cặp được thuộc tính zh-vi,72,0.44,Số đoạn 'tên: giá trị' của zh khác vi,"home:29, food:24, mother_baby:15","596045303562, 720257410711, 823218614888, 1029278418883, 1031160052035",zh 12 đoạn / vi 13 đoạn
D09,2 - Cao,title,Thuật ngữ 1688 dịch sát chữ / không thống nhất,562,3.44,Từ điển mẫu dịch sát chữ + bảng title_term_consistency.csv,"auto:315, bags:172, beauty:28","1000698476426, 1000787279495, 1000904160405, 1001541528697, 520378973055",行车记录仪->camera hành trình
D10,2 - Cao,title,Trùng lặp và nguy cơ rò rỉ train/test,876,5.36,"Trùng cặp (zh, vi) hoặc cùng zh khác vi","home:288, mother_baby:145, shoes:123","523307015972, 630745844482, 670224806960, 672904260583, 797819752452",cùng title_zh với dòng khác nhưng title_vi khác
D11,3 - Trung bình,title,Tiếng Anh thừa / pinyin chưa Việt hoá,3138,19.2,Bảng quyết định title_latin_tokens_editted.csv (hành động khác GIU),"food:775, shoes:741, beauty:446","557915795254, 560899824392, 586413933644, 609186431641, 617829761985",voy[XEM_TAY]
D12,3 - Trung bình,title,Cả cụm tiếng Anh chưa dịch,269,1.65,>= 3 từ tiếng Anh liền nhau,"beauty:152, food:52, shoes:26","579200136777, 609186431641, 694399617240, 835692791490, 867323976274",Ying Accord Civic Crown Road
D13,3 - Trung bình,title,Lặp cụm liền nhau (2 từ gốc bị dịch thành 1),506,3.1,Regex cụm 2-3 từ lặp liền,"beauty:113, home:97, food:90","523007667240, 611247055426, 617214055066, 657762627445, 674646695835",lặp: 'rèm che nắng'
D14,3 - Trung bình,title,Nghi ngờ (vùng xám similarity),2032,12.43,"Similarity trong khoảng [p50, p95) điểm cặp sai cùng category","food:747, beauty:438, fashion:211","1000787279495, 1001445622251, 1001744080768, 560899824392, 563365156826","sim=0.621 trong vùng xám [0.506, 0.635)"
D15,4 - Thấp,title,Viết Hoa Mỗi Từ,518,3.17,>= 60% số từ viết hoa chữ đầu,"food:115, beauty:108, shoes:84","1000188294086, 598360346821, 652331956647, 678741899393, 692412467354",100% số từ viết hoa chữ đầu
D16,4 - Thấp,title,Ký hiệu / ngoặc thừa (【】[]~|*),393,2.4,Regex ký hiệu,"food:70, fashion:59, mother_baby:57","737180491607, 794396987758, 897746315841, 923329751448, 924659317597",ký hiệu: []
D17,4 - Thấp,title,Kết thúc dở dang,13,0.08,Kết thúc bằng 'và/cho/của...' hoặc dấu phẩy,"shoes:7, mother_baby:4, auto:1","808530623189, 959363637796, 1033145727117, 598625892735, 804520783813",kết thúc: '...hìn ban đêm adas Không có'
