word,count,columns,flag,zh_translations,synsets
iPhone,6779,"description_zh,title_zh",not_physical_object,,
Pro,5734,"description_zh,title_zh",physical_object_no_zh,,professional.n.02
XL,4368,"description_zh,title_zh",not_physical_object,,
PU,2927,"description_zh,title_zh",not_physical_object,,
Max,2385,"description_zh,title_zh",not_physical_object,,
USB,1517,"description_zh,title_zh",not_physical_object,,
PROMAX,1448,"description_zh,title_zh",not_physical_object,,
Plus,1439,"description_zh,title_zh",not_physical_object,,
PP,1226,"description_zh,title_zh",not_physical_object,,
WIFI,1157,"description_zh,title_zh",physical_object_no_zh,,wireless_local_area_network.n.01
EVA,1085,"description_zh,title_zh",not_physical_object,,
iPhone14,912,"description_zh,title_zh",not_physical_object,,
ABS,894,"description_zh,title_zh",not_physical_object,,
PC,859,"description_zh,title_zh",physical_object_no_zh,,personal_computer.n.01
PVC,839,"description_zh,title_zh",not_physical_object,,
PPSU,785,"description_zh,title_zh",not_physical_object,,
x200cm,622,"description_zh,title_zh",not_physical_object,,
x200,593,"description_zh,title_zh",not_physical_object,,
iPhone13,572,"description_zh,title_zh",not_physical_object,,
AI,478,"description_zh,title_zh",physical_object_zh_match,三趾树懒,three-toed_sloth.n.01
XS,429,"description_zh,title_zh",not_physical_object,,
iPhone17,428,"description_zh,title_zh",not_physical_object,,
PET,425,"description_zh,title_zh",physical_object_zh_match,宠物|亲昵的人|亲爱的人|喜欢的事物|心爱的人|爱人,pet.n.01|darling.n.01
iPhone16,401,"description_zh,title_zh",not_physical_object,,
Air,346,"description_zh,title_zh",physical_object_zh_match,空中|大气层|空气,air.n.02|atmosphere.n.03
mini,299,"description_zh,title_zh",physical_object_zh_match,超短裙|迷你短裙|迷你裙,miniskirt.n.01
iPhone15,286,"description_zh,title_zh",not_physical_object,,
XR,244,"description_zh,title_zh",not_physical_object,,
TPU,219,"description_zh,title_zh",not_physical_object,,
OEM,217,"description_zh,title_zh",not_physical_object,,
CD,211,"description_zh,title_zh",physical_object_zh_match,CD|光盘|光碟,compact_disk.n.01
OPPO,210,"description_zh,title_zh",not_physical_object,,
APP,199,"description_zh,title_zh",not_physical_object,,
GPS,198,"description_zh,title_zh",physical_object_zh_match,全球定位系统,global_positioning_system.n.01
b30,195,"description_zh,title_zh",not_physical_object,,
F1,182,"description_zh,title_zh",not_physical_object,,
iPhone12,180,"description_zh,title_zh",not_physical_object,,
vivo,168,"description_zh,title_zh",not_physical_object,,
iPhone17promax,168,"description_zh,title_zh",not_physical_object,,
iPhone16Pro,168,"description_zh,title_zh",not_physical_object,,
iPhone14Pro,165,"description_zh,title_zh",not_physical_object,,
iPhone17Pro,162,"description_zh,title_zh",not_physical_object,,
PE,157,"description_zh,title_zh",not_physical_object,,
iPhone15Pro,157,"description_zh,title_zh",not_physical_object,,
POLO,149,"description_zh,title_zh",not_physical_object,,
SS,147,"description_zh,title_zh",not_physical_object,,
iPhone16promax,135,"description_zh,title_zh",not_physical_object,,
TSA,130,"description_zh,title_zh",not_physical_object,,
ANC,130,"description_zh,title_zh",not_physical_object,,
M416,130,"description_zh,title_zh",not_physical_object,,
B5,129,"description_zh,title_zh",not_physical_object,,
iPhone15promax,128,"description_zh,title_zh",not_physical_object,,
tea,128,"description_zh,title_zh",physical_object_zh_match,茶树,tea.n.03
iPhone18promax,125,"description_zh,title_zh",not_physical_object,,
A4,123,"description_zh,title_zh",not_physical_object,,
iPhone16plus,122,"description_zh,title_zh",not_physical_object,,
ACC,121,"description_zh,title_zh",not_physical_object,,
pro6,119,"description_zh,title_zh",not_physical_object,,
iPhone15plus,116,"description_zh,title_zh",not_physical_object,,
iPhone14promax,115,"description_zh,title_zh",not_physical_object,,
HIFI,111,"description_zh,title_zh",not_physical_object,,
LED,108,"description_zh,title_zh",physical_object_zh_match,发光二极管,light-emitting_diode.n.01
iPhone14plus,107,"description_zh,title_zh",not_physical_object,,
KT,106,"description_zh,title_zh",not_physical_object,,
baby,104,"description_zh,title_zh",physical_object_zh_match,娃娃|婴儿|婴幼儿|孩儿|宝宝|小娃娃|幼儿,baby.n.01|baby.n.02|child.n.03|baby.n.04|baby.n.05|baby.n.06
SEOMOU,104,"description_zh,title_zh",not_physical_object,,
Type-C,99,"description_zh,title_zh",not_physical_object,,
GT,97,"description_zh,title_zh",not_physical_object,,
XSMAX,97,"description_zh,title_zh",not_physical_object,,
Samsung,95,"description_zh,title_zh",not_physical_object,,
Ultra,94,"description_zh,title_zh",not_physical_object,,
bags,92,"description_zh,title_zh",physical_object_zh_match,包|袋|袋子|垒|手提包|皮包|钱包|手提箱|衣箱,bag.n.01|base.n.03|bag.n.04|bag.n.06|bag.n.07
C10,90,"description_zh,title_zh",not_physical_object,,
iPhone18PRO,88,"description_zh,title_zh",not_physical_object,,
HDMI,86,"description_zh,title_zh",not_physical_object,,
ADAS,85,"description_zh,title_zh",not_physical_object,,
KISSMWAH,84,"description_zh,title_zh",not_physical_object,,
pro4,82,"description_zh,title_zh",not_physical_object,,
Gelianna,81,"description_zh,title_zh",not_physical_object,,
Carplay,77,"description_zh,title_zh",not_physical_object,,
G800,73,"description_zh,title_zh",not_physical_object,,
clothes,72,"description_zh,title_zh",physical_object_zh_match,服装|服饰|衣服|衣裳,apparel.n.01
SHEIN,71,"description_zh,title_zh",not_physical_object,,
TWS,71,"description_zh,title_zh",not_physical_object,,
YKK,68,"description_zh,title_zh",not_physical_object,,
P9,65,"description_zh,title_zh",not_physical_object,,
SE2,65,"description_zh,title_zh",not_physical_object,,
b22,65,"description_zh,title_zh",not_physical_object,,
X6,63,"description_zh,title_zh",not_physical_object,,
ODM,62,"description_zh,title_zh",not_physical_object,,
PS,62,"description_zh,title_zh",not_physical_object,,
b25,62,"description_zh,title_zh",not_physical_object,,
DASSFN,59,"description_zh,title_zh",not_physical_object,,
BSD,58,"description_zh,title_zh",not_physical_object,,
Minitutu,58,"description_zh,title_zh",not_physical_object,,
IPX4,57,"description_zh,title_zh",not_physical_object,,
mAh,57,"description_zh,title_zh",not_physical_object,,
DVR,56,"description_zh,title_zh",not_physical_object,,
FLOWERWAY,56,"description_zh,title_zh",not_physical_object,,
NK,54,"description_zh,title_zh",not_physical_object,,
LL,51,"description_zh,title_zh",not_physical_object,,
SADOER,49,"description_zh,title_zh",not_physical_object,,
ENC,49,"description_zh,title_zh",not_physical_object,,
POUQUR,48,"description_zh,title_zh",not_physical_object,,
iPhone16E,46,"description_zh,title_zh",not_physical_object,,
NUK,46,"description_zh,title_zh",not_physical_object,,
bag,45,"description_zh,title_zh",physical_object_zh_match,包|袋|袋子|垒|手提包|皮包|钱包|手提箱|衣箱,bag.n.01|base.n.03|bag.n.04|bag.n.06|bag.n.07
A5,44,"description_zh,title_zh",not_physical_object,,
C309,43,"description_zh,title_zh",not_physical_object,,
magsafe,43,"description_zh,title_zh",not_physical_object,,
A3,42,"description_zh,title_zh",not_physical_object,,
HERORANGE,41,"description_zh,title_zh",not_physical_object,,
X55,41,"description_zh,title_zh",not_physical_object,,
A810,39,"description_zh,title_zh",not_physical_object,,
A6,39,"description_zh,title_zh",not_physical_object,,
A1,39,"description_zh,title_zh",not_physical_object,,
X87,38,"description_zh,title_zh",not_physical_object,,
A22,36,"description_zh,title_zh",not_physical_object,,
bear,36,"description_zh,title_zh",physical_object_zh_match,熊,bear.n.01|bear.n.02
VC,36,"description_zh,title_zh",not_physical_object,,
SE,36,"description_zh,title_zh",not_physical_object,,
NOVO,35,"description_zh,title_zh",not_physical_object,,
S1,34,"description_zh,title_zh",not_physical_object,,
A8,34,"description_zh,title_zh",not_physical_object,,
iPhone18,34,"description_zh,title_zh",not_physical_object,,
iPhoneXR,34,"description_zh,title_zh",not_physical_object,,
A400,33,"description_zh,title_zh",not_physical_object,,
OWS,33,"description_zh,title_zh",not_physical_object,,
S25,33,"description_zh,title_zh",not_physical_object,,
A6S,32,"description_zh,title_zh",not_physical_object,,
X3,32,"description_zh,title_zh",not_physical_object,,
iPhone7,32,"description_zh,title_zh",not_physical_object,,
LOG,32,"description_zh,title_zh",physical_object_zh_match,测程器|计程仪,log.n.05
kitty,31,"description_zh,title_zh",physical_object_zh_match,小猫|猫仔|猫咪|猫,kitten.n.01|kitty.n.04
kakashow,31,"description_zh,title_zh",not_physical_object,,
Whsa,31,"description_zh,title_zh",not_physical_object,,
X5,30,"description_zh,title_zh",not_physical_object,,
KORMESIC,30,"description_zh,title_zh",not_physical_object,,
S23,30,"description_zh,title_zh",not_physical_object,,
DUUDUU,30,"description_zh,title_zh",not_physical_object,,
P6000,30,"description_zh,title_zh",not_physical_object,,
cf,29,"description_zh,title_zh",not_physical_object,,
iPhoneXSMAX,29,"description_zh,title_zh",not_physical_object,,
U3,28,"description_zh,title_zh",not_physical_object,,
V13,28,"description_zh,title_zh",not_physical_object,,
S24,28,"description_zh,title_zh",not_physical_object,,
C01,27,"description_zh,title_zh",not_physical_object,,
NHA,27,"description_zh,title_zh",not_physical_object,,
Dr,27,"description_zh,title_zh",not_physical_object,,
oversize,27,"description_zh,title_zh",not_physical_object,,
W65,26,"description_zh,title_zh",not_physical_object,,
AWM,26,"description_zh,title_zh",not_physical_object,,
A510,25,"description_zh,title_zh",not_physical_object,,
pro5s,25,"description_zh,title_zh",not_physical_object,,
i12,25,"description_zh,title_zh",not_physical_object,,
MD,25,"description_zh,title_zh",physical_object_zh_match,医师|医生|大夫,doctor.n.01
tritan,25,"description_zh,title_zh",not_physical_object,,
AA,24,"description_zh,title_zh",not_physical_object,,
M310,24,"description_zh,title_zh",not_physical_object,,
IPS,24,"description_zh,title_zh",not_physical_object,,
Temu,24,"description_zh,title_zh",not_physical_object,,
HK6,24,"description_zh,title_zh",not_physical_object,,
S90,24,"description_zh,title_zh",not_physical_object,,
IMD,24,"description_zh,title_zh",not_physical_object,,
PM,23,"description_zh,title_zh",physical_object_no_zh,,prime_minister.n.01
hello,23,"description_zh,title_zh",not_physical_object,,
G30,22,"description_zh,title_zh",not_physical_object,,
QQ,22,"description_zh,title_zh",not_physical_object,,
AC,21,"description_zh,title_zh",not_physical_object,,
Lite,21,"description_zh,title_zh",not_physical_object,,
RNW,21,"description_zh,title_zh",not_physical_object,,
X15,21,"description_zh,title_zh",not_physical_object,,
P60,21,"description_zh,title_zh",not_physical_object,,
SPLUS,21,"description_zh,title_zh",not_physical_object,,
shoes,21,"description_zh,title_zh",physical_object_zh_match,鞋|鞋子|马蹄铁|制动靴,shoe.n.01|shoe.n.02|horseshoe.n.02|brake_shoe.n.01
Auto,20,"description_zh,title_zh",physical_object_zh_match,机动车|汽车|车,car.n.01
Typec,20,"description_zh,title_zh",not_physical_object,,
X7,20,"description_zh,title_zh",not_physical_object,,
ZA,20,"description_zh,title_zh",not_physical_object,,
JM,20,"description_zh,title_zh",not_physical_object,,
A16,20,"description_zh,title_zh",not_physical_object,,
LF,20,"description_zh,title_zh",not_physical_object,,
KC,20,"description_zh,title_zh",not_physical_object,,
HH,20,"description_zh,title_zh",not_physical_object,,
ALGO,20,"description_zh,title_zh",not_physical_object,,
finercare,20,"description_zh,title_zh",not_physical_object,,
Car,19,"description_zh,title_zh",physical_object_zh_match,机动车|汽车|车|有轨车|自动道车|吊舱|电梯车厢|电缆车|空中缆车|索道车辆|缆车,car.n.01|car.n.02|car.n.03|car.n.04|cable_car.n.01
GIK,19,"description_zh,title_zh",not_physical_object,,
GENE,19,"description_zh,title_zh",not_physical_object,,
X70,19,"description_zh,title_zh",not_physical_object,,
hips,19,"description_zh,title_zh",physical_object_zh_match,玫瑰实|玫瑰果实|野玫瑰果,hip.n.04|hip.n.05
M2K,19,"description_zh,title_zh",not_physical_object,,
MP5,18,"description_zh,title_zh",not_physical_object,,
M8,18,"description_zh,title_zh",not_physical_object,,
kekemood,18,"description_zh,title_zh",not_physical_object,,
mask,18,"description_zh,title_zh",physical_object_zh_match,假面具|面具|面罩|口罩,mask.n.01|mask.n.04
M91,18,"description_zh,title_zh",not_physical_object,,
Pro3,18,"description_zh,title_zh",not_physical_object,,
BOXY,18,"description_zh,title_zh",not_physical_object,,
G5,18,"description_zh,title_zh",not_physical_object,,
PD,18,"description_zh,title_zh",not_physical_object,,
Y108,17,"description_zh,title_zh",not_physical_object,,
S18,17,"description_zh,title_zh",not_physical_object,,
AD,17,"description_zh,title_zh",not_physical_object,,
MK,17,"description_zh,title_zh",not_physical_object,,
Gege,17,"description_zh,title_zh",not_physical_object,,
K50,17,"description_zh,title_zh",not_physical_object,,
P80,17,"description_zh,title_zh",not_physical_object,,
mate70pro,17,"description_zh,title_zh",not_physical_object,,
K14,17,"description_zh,title_zh",not_physical_object,,
HR,16,"description_zh,title_zh",not_physical_object,,
backpack,16,"description_zh,title_zh",physical_object_zh_match,帆布背包|背包|背囊,backpack.n.01
TWG,16,"description_zh,title_zh",not_physical_object,,
HK3,16,"description_zh,title_zh",not_physical_object,,
M10,16,"description_zh,title_zh",not_physical_object,,
P2961,16,"description_zh,title_zh",not_physical_object,,
Pro2,16,"description_zh,title_zh",not_physical_object,,
M118,16,"description_zh,title_zh",not_physical_object,,
chic,16,"description_zh,title_zh",not_physical_object,,
M09,16,"description_zh,title_zh",not_physical_object,,
M79,16,"description_zh,title_zh",not_physical_object,,
S26,16,"description_zh,title_zh",not_physical_object,,
dash,15,"description_zh,title_zh",not_physical_object,,
A10,15,"description_zh,title_zh",not_physical_object,,
AHD,15,"description_zh,title_zh",not_physical_object,,
jk,15,"description_zh,title_zh",not_physical_object,,
DNA,15,"description_zh,title_zh",not_physical_object,,
M76,15,"description_zh,title_zh",not_physical_object,,
X22,15,"description_zh,title_zh",not_physical_object,,
F80,15,"description_zh,title_zh",not_physical_object,,
Q86,15,"description_zh,title_zh",not_physical_object,,
samba,15,"description_zh,title_zh",physical_object_no_zh,,obeche.n.02
K18,14,"description_zh,title_zh",not_physical_object,,
BIOAOUA,14,"description_zh,title_zh",not_physical_object,,
Facial,14,"description_zh,title_zh",not_physical_object,,
AOPY,14,"description_zh,title_zh",not_physical_object,,
EQED,14,"description_zh,title_zh",not_physical_object,,
mate60pro,14,"description_zh,title_zh",not_physical_object,,
Q16,14,"description_zh,title_zh",not_physical_object,,
Q10,14,"description_zh,title_zh",not_physical_object,,
iOEO,14,"description_zh,title_zh",not_physical_object,,
K70,14,"description_zh,title_zh",not_physical_object,,
A55,14,"description_zh,title_zh",not_physical_object,,
Ginseng,14,"description_zh,title_zh",physical_object_no_zh,,ginseng.n.01|ginseng.n.02
X60,14,"description_zh,title_zh",not_physical_object,,
USB-C,14,"description_zh,title_zh",not_physical_object,,
GG,14,"description_zh,title_zh",not_physical_object,,
PLOVER,14,"description_zh,title_zh",physical_object_zh_match,千鸟|千鸟类|鸻科鸟,plover.n.01
birstory,14,"description_zh,title_zh",not_physical_object,,
S91,14,"description_zh,title_zh",not_physical_object,,
cam,13,"description_zh,title_zh",physical_object_zh_match,凸轮,cam.n.02
AR,13,"description_zh,title_zh",not_physical_object,,
A98,13,"description_zh,title_zh",not_physical_object,,
aj,13,"description_zh,title_zh",not_physical_object,,
Y15,13,"description_zh,title_zh",not_physical_object,,
miss,13,"description_zh,title_zh",physical_object_no_zh,,girl.n.01
Cappuvini,13,"description_zh,title_zh",not_physical_object,,
ENSEO,13,"description_zh,title_zh",not_physical_object,,
bb,13,"description_zh,title_zh",physical_object_zh_match,BB猎枪弹,bb.n.01
M88,13,"description_zh,title_zh",not_physical_object,,
S2,13,"description_zh,title_zh",not_physical_object,,
P47,13,"description_zh,title_zh",not_physical_object,,
D2,13,"description_zh,title_zh",not_physical_object,,
S88,13,"description_zh,title_zh",not_physical_object,,
M163,13,"description_zh,title_zh",not_physical_object,,
V18,13,"description_zh,title_zh",not_physical_object,,
P70,13,"description_zh,title_zh",not_physical_object,,
hegen,13,"description_zh,title_zh",not_physical_object,,
ROSE,12,"description_zh,title_zh",physical_object_zh_match,月季|玫瑰|蔷薇,rose.n.01
eiio,12,"description_zh,title_zh",not_physical_object,,
MAZO,12,"description_zh,title_zh",not_physical_object,,
MAIGOOLE,12,"description_zh,title_zh",not_physical_object,,
X93,12,"description_zh,title_zh",not_physical_object,,
Remax,12,"description_zh,title_zh",not_physical_object,,
VJ901,12,"description_zh,title_zh",not_physical_object,,
ZR,12,"description_zh,title_zh",not_physical_object,,
XT16,12,"description_zh,title_zh",not_physical_object,,
W919,12,"description_zh,title_zh",not_physical_object,,
XY,12,"description_zh,title_zh",physical_object_no_zh,,xy.n.01
Nova14,12,"description_zh,title_zh",not_physical_object,,
HD,11,"description_zh,title_zh",not_physical_object,,
VG3,11,"description_zh,title_zh",not_physical_object,,
A6L,11,"description_zh,title_zh",not_physical_object,,
E3,11,"description_zh,title_zh",not_physical_object,,
K10,11,"description_zh,title_zh",not_physical_object,,
AKF,11,"description_zh,title_zh",not_physical_object,,
E6S,11,"description_zh,title_zh",not_physical_object,,
X51,11,"description_zh,title_zh",not_physical_object,,
S510,11,"description_zh,title_zh",not_physical_object,,
J6,11,"description_zh,title_zh",not_physical_object,,
SK19,11,"description_zh,title_zh",not_physical_object,,
Buds3,11,"description_zh,title_zh",not_physical_object,,
X90,11,"description_zh,title_zh",not_physical_object,,
A57,11,"description_zh,title_zh",not_physical_object,,
Note20,11,"description_zh,title_zh",not_physical_object,,
mate70,11,"description_zh,title_zh",not_physical_object,,
S01,11,"description_zh,title_zh",not_physical_object,,
Q103,11,"description_zh,title_zh",not_physical_object,,
V90,10,"description_zh,title_zh",not_physical_object,,
K6000,10,"description_zh,title_zh",not_physical_object,,
luggage,10,"description_zh,title_zh",physical_object_zh_match,手提箱|旅行包|箱笼|行李,baggage.n.01
c60,10,"description_zh,title_zh",not_physical_object,,
X27PRO,10,"description_zh,title_zh",not_physical_object,,
S190,10,"description_zh,title_zh",not_physical_object,,
YX09,10,"description_zh,title_zh",not_physical_object,,
pro4s,10,"description_zh,title_zh",not_physical_object,,
M62,10,"description_zh,title_zh",not_physical_object,,
W895,10,"description_zh,title_zh",not_physical_object,,
X80,10,"description_zh,title_zh",not_physical_object,,
A35,10,"description_zh,title_zh",not_physical_object,,
cleanfit,10,title_zh,not_physical_object,,
SPACEXPERT,10,"description_zh,title_zh",not_physical_object,,
K40,10,"description_zh,title_zh",not_physical_object,,
A56,10,"description_zh,title_zh",not_physical_object,,
A17,10,"description_zh,title_zh",not_physical_object,,
Yahababy,10,"description_zh,title_zh",not_physical_object,,
TPE,10,"description_zh,title_zh",not_physical_object,,
babypal,10,"description_zh,title_zh",not_physical_object,,
Q3,9,"description_zh,title_zh",not_physical_object,,
CE,9,"description_zh,title_zh",not_physical_object,,
K30,9,"description_zh,title_zh",not_physical_object,,
TC,9,"description_zh,title_zh",not_physical_object,,
TK,9,"description_zh,title_zh",not_physical_object,,
CISU,9,"description_zh,title_zh",not_physical_object,,
Air7,9,"description_zh,title_zh",not_physical_object,,
K54,9,"description_zh,title_zh",not_physical_object,,
M90,9,"description_zh,title_zh",not_physical_object,,
V5,9,"description_zh,title_zh",not_physical_object,,
Pro5,9,"description_zh,title_zh",not_physical_object,,
BABOGGE,9,"description_zh,title_zh",not_physical_object,,
x8,9,"description_zh,title_zh",not_physical_object,,
M47,9,"description_zh,title_zh",not_physical_object,,
M165,9,"description_zh,title_zh",not_physical_object,,
M21,9,"description_zh,title_zh",not_physical_object,,
Pura70,9,"description_zh,title_zh",not_physical_object,,
Six,9,"description_zh,title_zh",physical_object_no_zh,,six-spot.n.01
x200x230,9,title_zh,not_physical_object,,
PRO16,9,"description_zh,title_zh",not_physical_object,,
Duo,9,"description_zh,title_zh",not_physical_object,,
power,9,"description_zh,title_zh",physical_object_zh_match,企业界大亨|大亨|大款|大王|巨头|最有势力者|财阀,baron.n.03
HelloKitty,9,"description_zh,title_zh",not_physical_object,,
LV,9,"description_zh,title_zh",not_physical_object,,
OK,9,"description_zh,title_zh",not_physical_object,,
BV,9,"description_zh,title_zh",not_physical_object,,
dashcam,8,title_zh,not_physical_object,,
ROHS,8,"description_zh,title_zh",not_physical_object,,
BM,8,"description_zh,title_zh",not_physical_object,,
ChuongKaiye,8,"description_zh,title_zh",not_physical_object,,
Piana,8,"description_zh,title_zh",not_physical_object,,
hobo,8,"description_zh,title_zh",physical_object_no_zh,,tramp.n.01
MYG,8,"description_zh,title_zh",not_physical_object,,
lip,8,"description_zh,title_zh",physical_object_zh_match,边|边沿|边缘,lip.n.02|brim.n.01
BLACK,8,"description_zh,title_zh",physical_object_zh_match,黑色棋子|丧服,black.n.05|black.n.06|black.n.07
LESSXCOCO,8,"description_zh,title_zh",not_physical_object,,
YINBA,8,"description_zh,title_zh",not_physical_object,,
N35,8,"description_zh,title_zh",not_physical_object,,
i2,8,"description_zh,title_zh",not_physical_object,,
X17,8,"description_zh,title_zh",not_physical_object,,
A9Pro,8,"description_zh,title_zh",not_physical_object,,
D5,8,"description_zh,title_zh",not_physical_object,,
X7s,8,"description_zh,title_zh",not_physical_object,,
S6pro,8,"description_zh,title_zh",not_physical_object,,
S25ultra,8,"description_zh,title_zh",not_physical_object,,
NASA,8,"description_zh,title_zh",not_physical_object,,
day,8,"description_zh,title_zh",not_physical_object,,
Treasures,8,"description_zh,title_zh",physical_object_zh_match,佳作|珍品|珍宝,gem.n.01
Green,8,"description_zh,title_zh",physical_object_zh_match,公园|平民|绿色环保主义者,park.n.02|green.n.04|green.n.06
herbal,8,"description_zh,title_zh",not_physical_object,,
AB,8,"description_zh,title_zh",not_physical_object,,
L8,8,"description_zh,title_zh",not_physical_object,,
mate80promax,8,"description_zh,title_zh",not_physical_object,,
mate40pro,8,"description_zh,title_zh",not_physical_object,,
ACE5,8,"description_zh,title_zh",not_physical_object,,
DJ,8,"description_zh,title_zh",physical_object_no_zh,,disk_jockey.n.01
he,8,"description_zh,title_zh",not_physical_object,,
lodi,8,"description_zh,title_zh",not_physical_object,,
PVA,7,"description_zh,title_zh",not_physical_object,,
pa,7,"description_zh,title_zh",physical_object_zh_match,爸|爸爸|爹|爹爹,dad.n.01|public_address_system.n.01
V22,7,"description_zh,title_zh",not_physical_object,,
ulzzang,7,title_zh,not_physical_object,,
fox,7,"description_zh,title_zh",physical_object_zh_match,狐狸,fox.n.01|dodger.n.01|fox.n.06
V2,7,"description_zh,title_zh",not_physical_object,,
S7,7,"description_zh,title_zh",not_physical_object,,
YX,7,"description_zh,title_zh",not_physical_object,,
MARK,7,"description_zh,title_zh",physical_object_no_zh,,chump.n.01|crisscross.n.01
RYDEN,7,"description_zh,title_zh",not_physical_object,,
ladies,7,title_zh,physical_object_zh_match,女士|贵妇,lady.n.01|dame.n.02|lady.n.03
MC,7,"description_zh,title_zh",not_physical_object,,
Fykly,7,"description_zh,title_zh",not_physical_object,,
D88,7,"description_zh,title_zh",not_physical_object,,
Air31,7,"description_zh,title_zh",not_physical_object,,
Edifier,7,"description_zh,title_zh",not_physical_object,,
D4,7,"description_zh,title_zh",not_physical_object,,
S26ultra,7,"description_zh,title_zh",not_physical_object,,
S24FE,7,"description_zh,title_zh",not_physical_object,,
Reno16,7,"description_zh,title_zh",not_physical_object,,
CTC,7,"description_zh,title_zh",not_physical_object,,
EU,7,"description_zh,title_zh",not_physical_object,,
JQ,7,title_zh,not_physical_object,,
SUP,7,"description_zh,title_zh",not_physical_object,,
Peach,7,"description_zh,title_zh",physical_object_zh_match,桃树,peach.n.01|smasher.n.02|peach.n.03
California,7,"description_zh,title_zh",not_physical_object,,
E1,7,"description_zh,title_zh",not_physical_object,,
slippers,7,"description_zh,title_zh",physical_object_no_zh,,slipper.n.01|skidder.n.01
GEL-NYC,7,"description_zh,title_zh",not_physical_object,,
DOUBCARE,7,"description_zh,title_zh",not_physical_object,,
ModelY,6,"description_zh,title_zh",not_physical_object,,
camera,6,"description_zh,title_zh",physical_object_zh_match,照相机|相机,camera.n.01|television_camera.n.01
U20,6,"description_zh,title_zh",not_physical_object,,
V60,6,"description_zh,title_zh",not_physical_object,,
A68,6,"description_zh,title_zh",not_physical_object,,
A4L,6,"description_zh,title_zh",not_physical_object,,
HT,6,"description_zh,title_zh",not_physical_object,,
BT,6,"description_zh,title_zh",not_physical_object,,
M18,6,"description_zh,title_zh",not_physical_object,,
Q5,6,"description_zh,title_zh",not_physical_object,,
T03,6,"description_zh,title_zh",not_physical_object,,
Q7,6,"description_zh,title_zh",not_physical_object,,
Q2,6,"description_zh,title_zh",not_physical_object,,
LP,6,"description_zh,title_zh",physical_object_zh_match,密纹唱机,lp.n.01
Polene,6,"description_zh,title_zh",not_physical_object,,
NB,6,"description_zh,title_zh",not_physical_object,,
handbag,6,title_zh,physical_object_zh_match,手提包|皮包|钱包,bag.n.04
Toot,6,"description_zh,title_zh",not_physical_object,,
Dodo,6,"description_zh,title_zh",physical_object_no_zh,,dodo.n.01|dodo.n.02
ART,6,"description_zh,title_zh",physical_object_zh_match,艺术品,art.n.01
SENKA,6,"description_zh,title_zh",not_physical_object,,
KYTY,6,"description_zh,title_zh",not_physical_object,,
Q1,6,"description_zh,title_zh",not_physical_object,,
M48,6,"description_zh,title_zh",not_physical_object,,
F9-5c,6,"description_zh,title_zh",not_physical_object,,
CHVAINS,6,"description_zh,title_zh",not_physical_object,,
KUEN,6,"description_zh,title_zh",not_physical_object,,
MINSHZEE,6,"description_zh,title_zh",not_physical_object,,
SM,6,"description_zh,title_zh",not_physical_object,,
fit,6,"description_zh,title_zh",not_physical_object,,
VT,6,"description_zh,title_zh",not_physical_object,,
R630,6,"description_zh,title_zh",not_physical_object,,
X85,6,"description_zh,title_zh",not_physical_object,,
U21,6,"description_zh,title_zh",not_physical_object,,
B13,6,"description_zh,title_zh",not_physical_object,,
S26PLUS,6,"description_zh,title_zh",not_physical_object,,
pura80pro,6,"description_zh,title_zh",not_physical_object,,
Franzzi,6,"description_zh,title_zh",not_physical_object,,
Five,6,"description_zh,title_zh",physical_object_zh_match,有五点的纸牌,five-spot.n.03
m1,6,"description_zh,title_zh",not_physical_object,,
x7pro,6,"description_zh,title_zh",not_physical_object,,
K90,6,"description_zh,title_zh",not_physical_object,,
S24ultra,6,"description_zh,title_zh",not_physical_object,,
bank,6,"description_zh,title_zh",physical_object_zh_match,岸|河边|银行大厦,bank.n.01|bank.n.03|bank.n.07|savings_bank.n.02|bank.n.09
PD22,6,"description_zh,title_zh",not_physical_object,,
big,6,"description_zh,title_zh",not_physical_object,,
butt,6,"description_zh,title_zh",physical_object_zh_match,对接端|平头端|对接|端接|大酒桶|烟头|烟蒂,butt.n.01|butt.n.03|target.n.04|butt_joint.n.01|butt.n.08|butt.n.09
detox,6,"description_zh,title_zh",physical_object_zh_match,戒毒所|戒瘾病房|戒瘾诊所,detox.n.01
AK,6,"description_zh,title_zh",not_physical_object,,
ZHR,6,"description_zh,title_zh",not_physical_object,,
HOBIBEAR,6,"description_zh,title_zh",not_physical_object,,
sneakers,6,"description_zh,title_zh",physical_object_zh_match,体操鞋|球鞋,gym_shoe.n.01|fink.n.01
J4701,6,"description_zh,title_zh",not_physical_object,,
J6801,6,"description_zh,title_zh",not_physical_object,,
H789,6,"description_zh,title_zh",not_physical_object,,
mlpp,6,"description_zh,title_zh",not_physical_object,,
SML,6,title_zh,not_physical_object,,
TS03,5,"description_zh,title_zh",not_physical_object,,
mai,5,title_zh,not_physical_object,,
cardvr,5,title_zh,not_physical_object,,
u16,5,"description_zh,title_zh",not_physical_object,,
K309,5,"description_zh,title_zh",not_physical_object,,
TT,5,"description_zh,title_zh",not_physical_object,,
handbags,5,title_zh,physical_object_zh_match,手提包|皮包|钱包,bag.n.04
wholesale,5,"description_zh,title_zh",not_physical_object,,
gail,5,"description_zh,title_zh",not_physical_object,,
Judydoll,5,"description_zh,title_zh",not_physical_object,,
NANA,5,"description_zh,title_zh",not_physical_object,,
DSU,5,"description_zh,title_zh",not_physical_object,,
J16,5,"description_zh,title_zh",not_physical_object,,
M6,5,"description_zh,title_zh",not_physical_object,,
D300,5,"description_zh,title_zh",not_physical_object,,
D350,5,"description_zh,title_zh",not_physical_object,,
HS1,5,"description_zh,title_zh",physical_object_no_zh,,herpes_simplex_1.n.01
PRO4SS,5,"description_zh,title_zh",not_physical_object,,
J07,5,"description_zh,title_zh",not_physical_object,,
H18,5,"description_zh,title_zh",not_physical_object,,
G08,5,"description_zh,title_zh",not_physical_object,,
JS683,5,"description_zh,title_zh",not_physical_object,,
BIOAQUA,5,"description_zh,title_zh",not_physical_object,,
EII,5,"description_zh,title_zh",not_physical_object,,
M2A,5,"description_zh,title_zh",not_physical_object,,
z13,5,"description_zh,title_zh",not_physical_object,,
GD28,5,"description_zh,title_zh",not_physical_object,,
Q1pro,5,"description_zh,title_zh",not_physical_object,,
V6,5,"description_zh,title_zh",not_physical_object,,
N21,5,"description_zh,title_zh",not_physical_object,,
z12,5,"description_zh,title_zh",not_physical_object,,
Y29,5,"description_zh,title_zh",not_physical_object,,
S03,5,"description_zh,title_zh",not_physical_object,,
p70pro,5,"description_zh,title_zh",not_physical_object,,
S25EDGE,5,"description_zh,title_zh",not_physical_object,,
P90,5,"description_zh,title_zh",not_physical_object,,
A71,5,"description_zh,title_zh",not_physical_object,,
tee,5,title_zh,physical_object_no_zh,,tee.n.01|tee.n.02|tee.n.03
t-shirt,5,"description_zh,title_zh",physical_object_zh_match,T恤|体恤衫|圆领汗衫|汗衫|运动衫,jersey.n.03
WILLIAMPOLO,5,"description_zh,title_zh",not_physical_object,,
SC,5,"description_zh,title_zh",not_physical_object,,
Treasure,5,"description_zh,title_zh",physical_object_zh_match,佳作|珍品|珍宝,gem.n.01
Ginger,5,"description_zh,title_zh",physical_object_no_zh,,ginger.n.01
B39,5,"description_zh,title_zh",not_physical_object,,
iPhone17E,5,"description_zh,title_zh",not_physical_object,,
pura90pro,5,"description_zh,title_zh",not_physical_object,,
pura80ultra,5,"description_zh,title_zh",not_physical_object,,
g1,5,"description_zh,title_zh",not_physical_object,,
WW,5,"description_zh,title_zh",not_physical_object,,
V3,5,"description_zh,title_zh",not_physical_object,,
Lolita,5,"description_zh,title_zh",physical_object_no_zh,,lolita.n.01
QH,5,"description_zh,title_zh",not_physical_object,,
yc186,5,"description_zh,title_zh",not_physical_object,,
Silicone,5,"description_zh,title_zh",not_physical_object,,
mlPPSU,5,"description_zh,title_zh",not_physical_object,,
LP7789,5,"description_zh,title_zh",not_physical_object,,
AG,5,"description_zh,title_zh",not_physical_object,,
mlB,5,"description_zh,title_zh",not_physical_object,,
D-4,5,"description_zh,title_zh",not_physical_object,,
Junji,4,"description_zh,title_zh",not_physical_object,,
Ito,4,"description_zh,title_zh",not_physical_object,,
AHD1080P,4,"description_zh,title_zh",not_physical_object,,
gle,4,"description_zh,title_zh",not_physical_object,,
CC,4,"description_zh,title_zh",not_physical_object,,
S500,4,"description_zh,title_zh",not_physical_object,,
A215,4,"description_zh,title_zh",not_physical_object,,
H6,4,title_zh,not_physical_object,,
K15210,4,"description_zh,title_zh",not_physical_object,,
JS,4,"description_zh,title_zh",not_physical_object,,
XC60,4,"description_zh,title_zh",not_physical_object,,
XC90,4,"description_zh,title_zh",not_physical_object,,
Q5L,4,"description_zh,title_zh",not_physical_object,,
CRV,4,"description_zh,title_zh",not_physical_object,,
Y13,4,"description_zh,title_zh",not_physical_object,,
Jeep,4,"description_zh,title_zh",physical_object_zh_match,吉普|吉普车,jeep.n.01
RT,4,"description_zh,title_zh",not_physical_object,,
C11,4,"description_zh,title_zh",not_physical_object,,
OZUKO,4,"description_zh,title_zh",not_physical_object,,
WEPOWER,4,"description_zh,title_zh",not_physical_object,,
swicky,4,"description_zh,title_zh",not_physical_object,,
women,4,"description_zh,title_zh",physical_object_zh_match,女人|女性|妇女,woman.n.01|woman.n.02|charwoman.n.01
RZTX,4,"description_zh,title_zh",not_physical_object,,
tabby,4,title_zh,physical_object_zh_match,斑猫|虎斑猫|雌猫,tabby.n.01|tabby.n.02
KTV,4,"description_zh,title_zh",not_physical_object,,
togo,4,"description_zh,title_zh",not_physical_object,,
tote,4,"description_zh,title_zh",physical_object_zh_match,大手提包,carryall.n.01
miu,4,"description_zh,title_zh",not_physical_object,,
POL,4,"description_zh,title_zh",physical_object_zh_match,从政者|政客|政治家,politician.n.02
PIPL,4,"description_zh,title_zh",not_physical_object,,
TWO,4,"description_zh,title_zh",not_physical_object,,
Girlcult,4,"description_zh,title_zh",not_physical_object,,
QXQY,4,"description_zh,title_zh",not_physical_object,,
WODWOD,4,"description_zh,title_zh",not_physical_object,,
bob,4,"description_zh,title_zh",physical_object_zh_match,大雪橇|长橇|浮子,bob.n.02|bobsled.n.02|bob.n.04|bob.n.05
VALUE,4,"description_zh,title_zh",not_physical_object,,
Biodance,4,"description_zh,title_zh",not_physical_object,,
face,4,title_zh,physical_object_zh_match,表面,face.n.04|face.n.05|side.n.04|face.n.08|face.n.13
LEADR,4,"description_zh,title_zh",not_physical_object,,
GUEKK,4,"description_zh,title_zh",not_physical_object,,
CYCY,4,"description_zh,title_zh",not_physical_object,,
UNO,4,"description_zh,title_zh",not_physical_object,,
yesido,4,"description_zh,title_zh",not_physical_object,,
T89,4,"description_zh,title_zh",not_physical_object,,
DX-08,4,"description_zh,title_zh",not_physical_object,,
NE109,4,"description_zh,title_zh",not_physical_object,,
J05,4,"description_zh,title_zh",not_physical_object,,
LCD,4,"description_zh,title_zh",physical_object_zh_match,液晶显示屏,liquid_crystal_display.n.01
q71,4,"description_zh,title_zh",not_physical_object,,
M25,4,"description_zh,title_zh",not_physical_object,,
FCC,4,"description_zh,title_zh",not_physical_object,,
JS680,4,"description_zh,title_zh",not_physical_object,,
JS690,4,"description_zh,title_zh",not_physical_object,,
ROZO,4,"description_zh,title_zh",not_physical_object,,
RNRN,4,"description_zh,title_zh",not_physical_object,,
PORCOPE,4,"description_zh,title_zh",not_physical_object,,
HEAT,4,"description_zh,title_zh",physical_object_zh_match,供暖系统|供暖设备|暖气|暖气设备,heating_system.n.01
STN28,4,"description_zh,title_zh",not_physical_object,,
Y08,4,"description_zh,title_zh",not_physical_object,,
V9S,4,"description_zh,title_zh",not_physical_object,,
G65,4,"description_zh,title_zh",not_physical_object,,
Z28,4,"description_zh,title_zh",not_physical_object,,
Buds2pro,4,"description_zh,title_zh",not_physical_object,,
JBL,4,"description_zh,title_zh",not_physical_object,,
M126,4,"description_zh,title_zh",not_physical_object,,
pro13,4,title_zh,not_physical_object,,
iPhone17PM,4,"description_zh,title_zh",not_physical_object,,
nova16se,4,"description_zh,title_zh",not_physical_object,,
K70Pro,4,"description_zh,title_zh",not_physical_object,,
Men,4,"description_zh,title_zh",physical_object_zh_match,男人|人|人类,man.n.01|serviceman.n.01|man.n.03|homo.n.02|man.n.05|man.n.06|valet.n.01|man.n.08|man.n.10|world.n.08
dress,4,"description_zh,title_zh",physical_object_zh_match,女服|女裙衫|连衣裙|打扮|服装|穿衣|衣着|服饰|衣服|衣裳,dress.n.01|attire.n.01|apparel.n.01
SOYO,4,"description_zh,title_zh",not_physical_object,,
Turmeric,4,"description_zh,title_zh",physical_object_no_zh,,turmeric.n.01
OCS,4,"description_zh,title_zh",not_physical_object,,
G07,4,"description_zh,title_zh",not_physical_object,,
TH10,4,"description_zh,title_zh",not_physical_object,,
MP22,4,"description_zh,title_zh",not_physical_object,,
ABOUT,4,"description_zh,title_zh",not_physical_object,,
ACU,4,"description_zh,title_zh",not_physical_object,,
GDDQSDC,4,"description_zh,title_zh",not_physical_object,,
days,4,"description_zh,title_zh",not_physical_object,,
balance,4,"description_zh,title_zh",physical_object_zh_match,均衡|平衡|使平衡|平衡力|等重|平衡轮|摆轮|天平|天秤|秤,balance.n.04|libra.n.01|counterweight.n.01|balance_wheel.n.01|balance.n.12
XH,4,"description_zh,title_zh",not_physical_object,,
K19,4,"description_zh,title_zh",not_physical_object,,
Q8825,4,"description_zh,title_zh",not_physical_object,,
fufu,4,"description_zh,title_zh",not_physical_object,,
S686,4,"description_zh,title_zh",not_physical_object,,
gen,4,title_zh,not_physical_object,,
IKV,4,"description_zh,title_zh",not_physical_object,,
care,4,"description_zh,title_zh",not_physical_object,,
booky,4,"description_zh,title_zh",not_physical_object,,
CL,4,"description_zh,title_zh",not_physical_object,,
A28,4,"description_zh,title_zh",not_physical_object,,
glc,3,title_zh,not_physical_object,,
FantasticXml,3,"description_zh,title_zh",not_physical_object,,
lens,3,"description_zh,title_zh",physical_object_zh_match,透镜|镜头|镜片|电子透镜,lens.n.01|lens.n.05
H06,3,"description_zh,title_zh",not_physical_object,,
BAPE,3,title_zh,not_physical_object,,
BEAD,3,title_zh,physical_object_zh_match,珠子|圆圈|珠细工|珠饰|珠饰细工,bead.n.01|beading.n.02
BANGE,3,title_zh,not_physical_object,,
Q4,3,"description_zh,title_zh",not_physical_object,,
Q6,3,"description_zh,title_zh",not_physical_object,,
HRV,3,title_zh,not_physical_object,,
UT,3,title_zh,not_physical_object,,
A212,3,"description_zh,title_zh",not_physical_object,,
LN,3,"description_zh,title_zh",not_physical_object,,
MOYYI,3,"description_zh,title_zh",not_physical_object,,
Chantria,3,"description_zh,title_zh",not_physical_object,,
SG,3,"description_zh,title_zh",not_physical_object,,
E8,3,"description_zh,title_zh",not_physical_object,,
JW,3,"description_zh,title_zh",not_physical_object,,
vintage,3,title_zh,not_physical_object,,
HelloKiss,3,"description_zh,title_zh",not_physical_object,,
N33,3,"description_zh,title_zh",not_physical_object,,
Darkme,3,"description_zh,title_zh",not_physical_object,,
combo,3,"description_zh,title_zh",not_physical_object,,
C503,3,"description_zh,title_zh",not_physical_object,,
VIBELY,3,"description_zh,title_zh",not_physical_object,,
TFT,3,"description_zh,title_zh",not_physical_object,,
yi,3,"description_zh,title_zh",not_physical_object,,
VOUO,3,"description_zh,title_zh",not_physical_object,,
YS,3,"description_zh,title_zh",not_physical_object,,
CAPUPU,3,"description_zh,title_zh",not_physical_object,,
HengFang,3,"description_zh,title_zh",not_physical_object,,
Bobaby,3,"description_zh,title_zh",not_physical_object,,
min,3,"description_zh,title_zh",not_physical_object,,
SDD,3,"description_zh,title_zh",not_physical_object,,
K2,3,"description_zh,title_zh",not_physical_object,,
F9,3,title_zh,not_physical_object,,
GT526Y,3,"description_zh,title_zh",not_physical_object,,
P9PROMAX,3,"description_zh,title_zh",not_physical_object,,
Galaxy,3,title_zh,physical_object_no_zh,,galax.n.01
i01,3,"description_zh,title_zh",not_physical_object,,
Z4,3,"description_zh,title_zh",not_physical_object,,
LP5,3,"description_zh,title_zh",not_physical_object,,
M30,3,"description_zh,title_zh",not_physical_object,,
BOROFONE,3,"description_zh,title_zh",not_physical_object,,
Women's,3,"description_zh,title_zh",not_physical_object,,
PLPL,3,"description_zh,title_zh",not_physical_object,,
MAV,3,"description_zh,title_zh",not_physical_object,,
sherffy,3,"description_zh,title_zh",not_physical_object,,
Bonertou,3,"description_zh,title_zh",not_physical_object,,
COGI,3,"description_zh,title_zh",not_physical_object,,
ALVA,3,"description_zh,title_zh",not_physical_object,,
RHQ,3,"description_zh,title_zh",not_physical_object,,
joajota,3,"description_zh,title_zh",not_physical_object,,
UAU,3,"description_zh,title_zh",not_physical_object,,
buman,3,"description_zh,title_zh",not_physical_object,,
J08c,3,"description_zh,title_zh",not_physical_object,,
STN-28,3,"description_zh,title_zh",not_physical_object,,
SK47,3,"description_zh,title_zh",not_physical_object,,
TAT2708,3,"description_zh,title_zh",not_physical_object,,
XG88Pro,3,"description_zh,title_zh",not_physical_object,,
XT18,3,"description_zh,title_zh",not_physical_object,,
Q65,3,"description_zh,title_zh",not_physical_object,,
V8,3,"description_zh,title_zh",not_physical_object,,
p70ultra,3,"description_zh,title_zh",not_physical_object,,
promax16,3,title_zh,not_physical_object,,
K70E,3,"description_zh,title_zh",not_physical_object,,
K13,3,"description_zh,title_zh",not_physical_object,,
FindX9,3,"description_zh,title_zh",not_physical_object,,
x80promax,3,"description_zh,title_zh",not_physical_object,,
FindX9pro,3,"description_zh,title_zh",not_physical_object,,
sorona,3,title_zh,not_physical_object,,
URAZ,3,"description_zh,title_zh",not_physical_object,,
ma,3,"description_zh,title_zh",physical_object_no_zh,,ma.n.01
OL,3,"description_zh,title_zh",not_physical_object,,
tummy,3,title_zh,not_physical_object,,
slimming,3,"description_zh,title_zh",not_physical_object,,
Prostate,3,"description_zh,title_zh",not_physical_object,,
M901,3,"description_zh,title_zh",not_physical_object,,
B39PRO,3,"description_zh,title_zh",not_physical_object,,
XP6,3,"description_zh,title_zh",not_physical_object,,
A7proMAX,3,"description_zh,title_zh",not_physical_object,,
vivox100,3,"description_zh,title_zh",not_physical_object,,
X90S,3,"description_zh,title_zh",not_physical_object,,
ace2,3,"description_zh,title_zh",not_physical_object,,
UHA,3,"description_zh,title_zh",not_physical_object,,
flavor,3,"description_zh,title_zh",not_physical_object,,
slim,3,"description_zh,title_zh",not_physical_object,,
Cinnamon,3,"description_zh,title_zh",physical_object_no_zh,,cinnamon.n.01|cinnamon.n.02
Hair,3,"description_zh,title_zh",physical_object_zh_match,头发|毛发|毛布,hair.n.01|haircloth.n.01
GinsengFiveTreasureTea,3,"description_zh,title_zh",not_physical_object,,
oolong,3,"description_zh,title_zh",not_physical_object,,
YC185,3,"description_zh,title_zh",not_physical_object,,
MQ,3,"description_zh,title_zh",not_physical_object,,
MAX95,3,title_zh,not_physical_object,,
Kayano14,3,title_zh,not_physical_object,,
TN,3,"description_zh,title_zh",not_physical_object,,
BBQ,3,"description_zh,title_zh",not_physical_object,,
RPG,3,"description_zh,title_zh",not_physical_object,,
bottle,3,"description_zh,title_zh",physical_object_zh_match,瓶|瓶子|哺乳瓶|奶瓶,bottle.n.01|bottle.n.03
kamidi,3,title_zh,not_physical_object,,
tiancai,3,"description_zh,title_zh",not_physical_object,,
finer,3,"description_zh,title_zh",not_physical_object,,
shi,3,"description_zh,title_zh",not_physical_object,,
Numeris,3,title_zh,not_physical_object,,
DG,3,"description_zh,title_zh",not_physical_object,,
TN1,3,"description_zh,title_zh",not_physical_object,,
glc260,2,title_zh,not_physical_object,,
GLB,2,title_zh,not_physical_object,,
Mega,2,"description_zh,title_zh",not_physical_object,,
Man,2,"description_zh,title_zh",physical_object_zh_match,男人|人|人类,man.n.01|serviceman.n.01|man.n.03|homo.n.02|man.n.05|man.n.06|valet.n.01|man.n.08|man.n.10|world.n.08
PRIUS,2,"description_zh,title_zh",not_physical_object,,
HUD,2,"description_zh,title_zh",not_physical_object,,
mirror,2,title_zh,physical_object_zh_match,反射镜|镜子,mirror.n.01
HDR,2,title_zh,not_physical_object,,
AZDOME,2,"description_zh,title_zh",not_physical_object,,
DV,2,title_zh,not_physical_object,,
H05,2,title_zh,not_physical_object,,
K4,2,"description_zh,title_zh",not_physical_object,,
Carplay4K,2,"description_zh,title_zh",not_physical_object,,
K12671,2,"description_zh,title_zh",not_physical_object,,
Jansport,2,title_zh,not_physical_object,,
kip,2,title_zh,not_physical_object,,
Colorful,2,"description_zh,title_zh",not_physical_object,,
Y162,2,"description_zh,title_zh",not_physical_object,,
A7L,2,"description_zh,title_zh",not_physical_object,,
LF9,2,"description_zh,title_zh",not_physical_object,,
H5,2,"description_zh,title_zh",not_physical_object,,
H9,2,"description_zh,title_zh",not_physical_object,,
ADAS12,2,title_zh,not_physical_object,,
PWIFI,2,title_zh,not_physical_object,,
A400Pro4K,2,title_zh,not_physical_object,,
CEC,2,"description_zh,title_zh",not_physical_object,,
VS5,2,"description_zh,title_zh",not_physical_object,,
VS7,2,"description_zh,title_zh",not_physical_object,,
VA3,2,"description_zh,title_zh",not_physical_object,,
UP,2,"description_zh,title_zh",not_physical_object,,
rav4,2,"description_zh,title_zh",not_physical_object,,
Yplus,2,title_zh,not_physical_object,,
i3,2,"description_zh,title_zh",not_physical_object,,
URV,2,title_zh,not_physical_object,,
RS7,2,"description_zh,title_zh",not_physical_object,,
S5,2,"description_zh,title_zh",not_physical_object,,
ladiesbags,2,title_zh,not_physical_object,,
Loro,2,title_zh,not_physical_object,,
L23,2,"description_zh,title_zh",not_physical_object,,
zhenli,2,"description_zh,title_zh",not_physical_object,,
Smiggle,2,"description_zh,title_zh",not_physical_object,,
bag2026,2,title_zh,not_physical_object,,
Cyme,2,"description_zh,title_zh",physical_object_zh_match,聚伞花序,cyme.n.01
Demellier,2,"description_zh,title_zh",not_physical_object,,
ladiesbag,2,title_zh,not_physical_object,,
BEHtotebags,2,title_zh,not_physical_object,,
PEI,2,title_zh,not_physical_object,,
BEH,2,title_zh,not_physical_object,,
totebags,2,title_zh,not_physical_object,,
MANSLY,2,title_zh,not_physical_object,,
EFOLAR,2,"description_zh,title_zh",not_physical_object,,
GT687,2,"description_zh,title_zh",not_physical_object,,
Owen,2,"description_zh,title_zh",not_physical_object,,
james,2,"description_zh,title_zh",not_physical_object,,
Joocyee,2,"description_zh,title_zh",not_physical_object,,
FLORTTE,2,"description_zh,title_zh",not_physical_object,,
MEIBAOGE,2,"description_zh,title_zh",not_physical_object,,
ribbon,2,"description_zh,title_zh",physical_object_zh_match,丝带|缎带,ribbon.n.01|ribbon.n.03|ribbon.n.04
toast,2,"description_zh,title_zh",physical_object_no_zh,,toast.n.02|goner.n.01
Maxfine,2,"description_zh,title_zh",not_physical_object,,
CACE,2,"description_zh,title_zh",not_physical_object,,
COAST,2,"description_zh,title_zh",physical_object_zh_match,岸|沿岸|海岸|海滨,seashore.n.01|coast.n.02
Tondi,2,"description_zh,title_zh",not_physical_object,,
numbuzin,2,"description_zh,title_zh",not_physical_object,,
off,2,title_zh,not_physical_object,,
MAGELIYA,2,"description_zh,title_zh",not_physical_object,,
CHAHFI,2,"description_zh,title_zh",not_physical_object,,
GH570,2,"description_zh,title_zh",not_physical_object,,
SK18,2,"description_zh,title_zh",not_physical_object,,
pods4,2,title_zh,not_physical_object,,
S109,2,"description_zh,title_zh",not_physical_object,,
X58,2,"description_zh,title_zh",not_physical_object,,
GT610,2,"description_zh,title_zh",not_physical_object,,
T87,2,"description_zh,title_zh",not_physical_object,,
M88plus,2,"description_zh,title_zh",not_physical_object,,
M80,2,"description_zh,title_zh",not_physical_object,,
P859,2,"description_zh,title_zh",not_physical_object,,
GK9,2,"description_zh,title_zh",not_physical_object,,
BO22,2,"description_zh,title_zh",not_physical_object,,
ZAMYLRF,2,"description_zh,title_zh",not_physical_object,,
Marmont,2,title_zh,not_physical_object,,
LP19,2,"description_zh,title_zh",not_physical_object,,
baellerry,2,"description_zh,title_zh",not_physical_object,,
Gegebear,2,"description_zh,title_zh",not_physical_object,,
COCOZHEKUN,2,"description_zh,title_zh",not_physical_object,,
Maple,2,"description_zh,title_zh",physical_object_zh_match,枫树|槭树,maple.n.02
kiss,2,"description_zh,title_zh",not_physical_object,,
MLSMILE,2,"description_zh,title_zh",not_physical_object,,
CKCU,2,"description_zh,title_zh",not_physical_object,,
FanBeauty,2,"description_zh,title_zh",not_physical_object,,
metoo,2,"description_zh,title_zh",not_physical_object,,
SK,2,"description_zh,title_zh",not_physical_object,,
LAIKOU,2,title_zh,not_physical_object,,
JOLYUM,2,"description_zh,title_zh",not_physical_object,,
Abib,2,"description_zh,title_zh",not_physical_object,,
OLAY,2,"description_zh,title_zh",not_physical_object,,
Cleanser,2,title_zh,not_physical_object,,
AHC,2,"description_zh,title_zh",not_physical_object,,
HYT,2,"description_zh,title_zh",not_physical_object,,
GTS19,2,"description_zh,title_zh",not_physical_object,,
GT735Y,2,"description_zh,title_zh",not_physical_object,,
RS103,2,"description_zh,title_zh",not_physical_object,,
P9AirMax,2,title_zh,not_physical_object,,
GT280,2,"description_zh,title_zh",not_physical_object,,
GT650,2,"description_zh,title_zh",not_physical_object,,
TG11,2,"description_zh,title_zh",not_physical_object,,
Pro4TWS,2,title_zh,not_physical_object,,
Q88,2,"description_zh,title_zh",not_physical_object,,
X5S,2,"description_zh,title_zh",not_physical_object,,
CR-20,2,"description_zh,title_zh",not_physical_object,,
Clip,2,title_zh,physical_object_zh_match,弹夹|夹子|扣钩|修剪,cartridge_holder.n.01|clip.n.03|clip.n.04
JB,2,"description_zh,title_zh",not_physical_object,,
PRO90,2,"description_zh,title_zh",not_physical_object,,
VJE35ANC,2,"description_zh,title_zh",not_physical_object,,
OOS,2,"description_zh,title_zh",not_physical_object,,
x9spro,2,"description_zh,title_zh",not_physical_object,,
x9pro,2,"description_zh,title_zh",not_physical_object,,
VIVOX300pro,2,"description_zh,title_zh",not_physical_object,,
pura-x-view,2,"description_zh,title_zh",not_physical_object,,
power2,2,"description_zh,title_zh",not_physical_object,,
powerbank,2,title_zh,not_physical_object,,
cid,2,"description_zh,title_zh",not_physical_object,,
Supima,2,title_zh,not_physical_object,,
af,2,"description_zh,title_zh",not_physical_object,,
cityboy,2,title_zh,not_physical_object,,
SY0084,2,"description_zh,title_zh",not_physical_object,,
Q176,2,"description_zh,title_zh",not_physical_object,,
G25D141,2,"description_zh,title_zh",not_physical_object,,
coffee,2,"description_zh,title_zh",physical_object_zh_match,咖啡树,coffee.n.02|coffee_bean.n.01
ulcer,2,"description_zh,title_zh",not_physical_object,,
Stomach,2,"description_zh,title_zh",not_physical_object,,
quest3s,2,"description_zh,title_zh",not_physical_object,,
zakka,2,title_zh,not_physical_object,,
labubu,2,title_zh,not_physical_object,,
Kids2026,2,title_zh,not_physical_object,,
babyclothes,2,title_zh,not_physical_object,,
ZH450,2,"description_zh,title_zh",not_physical_object,,
k08,2,"description_zh,title_zh",not_physical_object,,
DR58,2,"description_zh,title_zh",not_physical_object,,
S61,2,"description_zh,title_zh",not_physical_object,,
T830,2,"description_zh,title_zh",not_physical_object,,
P47M,2,"description_zh,title_zh",not_physical_object,,
P9M,2,"description_zh,title_zh",not_physical_object,,
TAT1199,2,"description_zh,title_zh",not_physical_object,,
MateX5,2,"description_zh,title_zh",not_physical_object,,
k50pro,2,"description_zh,title_zh",not_physical_object,,
IP16,2,"description_zh,title_zh",not_physical_object,,
Melkco,2,"description_zh,title_zh",not_physical_object,,
XTs,2,"description_zh,title_zh",not_physical_object,,
iPhone16PM,2,title_zh,not_physical_object,,
IP15,2,"description_zh,title_zh",not_physical_object,,
BYB22000,2,"description_zh,title_zh",not_physical_object,,
tshirt,2,title_zh,not_physical_object,,
BYB9666,2,"description_zh,title_zh",not_physical_object,,
H1078,2,"description_zh,title_zh",not_physical_object,,
JDM,2,"description_zh,title_zh",not_physical_object,,
SY0116,2,"description_zh,title_zh",not_physical_object,,
BYB8222,2,"description_zh,title_zh",not_physical_object,,
SY0213,2,"description_zh,title_zh",not_physical_object,,
BK0010,2,"description_zh,title_zh",not_physical_object,,
Di,2,"description_zh,title_zh",not_physical_object,,
Sy,2,"description_zh,title_zh",not_physical_object,,
MR,2,"description_zh,title_zh",not_physical_object,,
Gemez,2,"description_zh,title_zh",not_physical_object,,
Enaak,2,"description_zh,title_zh",not_physical_object,,
growth,2,"description_zh,title_zh",physical_object_no_zh,,growth.n.07
OE,2,title_zh,not_physical_object,,
Dieter,2,"description_zh,title_zh",physical_object_no_zh,,dieter.n.01
Drink,2,"description_zh,title_zh",not_physical_object,,
Sugar,2,"description_zh,title_zh",not_physical_object,,
Cyclocarya,2,"description_zh,title_zh",not_physical_object,,
paliurus,2,"description_zh,title_zh",not_physical_object,,
FG,2,"description_zh,title_zh",not_physical_object,,
Mommy,2,"description_zh,title_zh",physical_object_no_zh,,ma.n.01
Girls,2,title_zh,physical_object_zh_match,女儿|女孩儿|女孩子|姑娘|小女孩|女朋友|对象,girl.n.01|female_child.n.01|daughter.n.01|girlfriend.n.02|girl.n.05
AK400,2,"description_zh,title_zh",not_physical_object,,
AK052,2,"description_zh,title_zh",not_physical_object,,
B23662,2,"description_zh,title_zh",not_physical_object,,
classic,2,"description_zh,title_zh",physical_object_zh_match,名著|极品|经典,classic.n.01|classic.n.02
zqt6203,2,"description_zh,title_zh",not_physical_object,,
DT001,2,"description_zh,title_zh",not_physical_object,,
MT065,2,"description_zh,title_zh",not_physical_object,,
AL664,2,"description_zh,title_zh",not_physical_object,,
zqk6138,2,"description_zh,title_zh",not_physical_object,,
zqt6409,2,"description_zh,title_zh",not_physical_object,,
MICHLEY,2,"description_zh,title_zh",not_physical_object,,
AL678,2,"description_zh,title_zh",not_physical_object,,
AT054,2,"description_zh,title_zh",not_physical_object,,
BBQB,2,"description_zh,title_zh",not_physical_object,,
DRC,2,"description_zh,title_zh",not_physical_object,,
HL-871-1,2,"description_zh,title_zh",not_physical_object,,
H55,2,"description_zh,title_zh",not_physical_object,,
P-6000,2,"description_zh,title_zh",not_physical_object,,
BK868,2,"description_zh,title_zh",not_physical_object,,
BB1029,2,"description_zh,title_zh",not_physical_object,,
EVO,2,"description_zh,title_zh",not_physical_object,,
MR703,2,"description_zh,title_zh",not_physical_object,,
ZHQ5688,2,"description_zh,title_zh",not_physical_object,,
YsshadiR,2,"description_zh,title_zh",not_physical_object,,
J2001,2,"description_zh,title_zh",not_physical_object,,
KT-261,2,"description_zh,title_zh",not_physical_object,,
JCF9901,2,"description_zh,title_zh",not_physical_object,,
BD601,2,"description_zh,title_zh",not_physical_object,,
M762,2,"description_zh,title_zh",not_physical_object,,
rc,2,"description_zh,title_zh",not_physical_object,,
feeding,2,"description_zh,title_zh",not_physical_object,,
bebebus,2,title_zh,not_physical_object,,
ml6531,2,title_zh,not_physical_object,,
Hoag,2,"description_zh,title_zh",not_physical_object,,
ML6564,2,title_zh,not_physical_object,,
qin,2,title_zh,not_physical_object,,
LH-1501,2,"description_zh,title_zh",not_physical_object,,
YOYOYA,2,"description_zh,title_zh",not_physical_object,,
Pretty,2,"description_zh,title_zh",not_physical_object,,
NY,2,"description_zh,title_zh",not_physical_object,,
Cloud,2,title_zh,not_physical_object,,
NYC,2,"description_zh,title_zh",not_physical_object,,
ZHQ5663-3,2,"description_zh,title_zh",not_physical_object,,
F8875,2,"description_zh,title_zh",not_physical_object,,
NAIKE,2,title_zh,not_physical_object,,
AJ11,2,"description_zh,title_zh",not_physical_object,,
NAIKPLLO,2,"description_zh,title_zh",not_physical_object,,
QR-588,2,"description_zh,title_zh",not_physical_object,,
F550,2,"description_zh,title_zh",not_physical_object,,
Jane,2,"description_zh,title_zh",not_physical_object,,
Shox,2,title_zh,not_physical_object,,
VOMERO,2,"description_zh,title_zh",not_physical_object,,
F8862,2,"description_zh,title_zh",not_physical_object,,
F8815,2,"description_zh,title_zh",not_physical_object,,
ZHQ1050,2,"description_zh,title_zh",not_physical_object,,
E300LC260L,1,title_zh,not_physical_object,,
Nature's,1,title_zh,not_physical_object,,
Birds,1,title_zh,physical_object_zh_match,禽|雀|鸟|鸟类,bird.n.01|dame.n.01|shuttlecock.n.01
R-0028,1,title_zh,not_physical_object,,
DrillBrush,1,title_zh,not_physical_object,,
e300A,1,title_zh,not_physical_object,,
SNJUE8,1,title_zh,not_physical_object,,
X3X4X5X6,1,title_zh,not_physical_object,,
G318,1,title_zh,not_physical_object,,
XC60S90XC90S60V60V90,1,title_zh,not_physical_object,,
JESUS,1,title_zh,not_physical_object,,
Monitor,1,title_zh,physical_object_zh_match,告诫者|提醒者|显示器|监控器|监视器,proctor.n.01|admonisher.n.01|monitor.n.04|monitor.n.05|monitor.n.06|monitor.n.07
dvrSs7,1,title_zh,not_physical_object,,
UI,1,title_zh,not_physical_object,,
X3X5X4,1,title_zh,not_physical_object,,
Babymonitor,1,title_zh,not_physical_object,,
dvr2K,1,title_zh,not_physical_object,,
Gwifi,1,title_zh,not_physical_object,,
c6l,1,title_zh,not_physical_object,,
EL,1,title_zh,not_physical_object,,
eqe,1,title_zh,not_physical_object,,
Y109Y108,1,title_zh,not_physical_object,,
M310Pro3K,1,title_zh,not_physical_object,,
H500,1,title_zh,not_physical_object,,
M62160P,1,title_zh,not_physical_object,,
c200l,1,title_zh,not_physical_object,,
e300l,1,title_zh,not_physical_object,,
M310Pro,1,title_zh,not_physical_object,,
PAR,1,title_zh,not_physical_object,,
M310Pro2K,1,title_zh,not_physical_object,,
C309-3,1,title_zh,not_physical_object,,
AutoWIFI,1,title_zh,not_physical_object,,
L60L,1,title_zh,not_physical_object,,
pu2026,1,title_zh,not_physical_object,,
Outdoor,1,title_zh,not_physical_object,,
Sports,1,title_zh,physical_object_no_zh,,sport.n.03|sport.n.04|sport.n.05|mutant.n.01
S60L,1,title_zh,not_physical_object,,
XC40V40,1,title_zh,not_physical_object,,
S15WiFi,1,title_zh,not_physical_object,,
KUSB,1,title_zh,not_physical_object,,
carplayAndroidAutoWIFI,1,title_zh,not_physical_object,,
teum3,1,title_zh,not_physical_object,,
V50V53V55wifi,1,title_zh,not_physical_object,,
A800S,1,title_zh,not_physical_object,,
Monitor2K,1,title_zh,not_physical_object,,
LXS,1,title_zh,not_physical_object,,
WIFI360,1,title_zh,not_physical_object,,
HS5H9H5H6HS3HS7EQM5,1,title_zh,not_physical_object,,
V55S,1,title_zh,not_physical_object,,
maiA800S,1,title_zh,not_physical_object,,
Z20506,1,title_zh,not_physical_object,,
HS5,1,title_zh,not_physical_object,,
EH7,1,title_zh,not_physical_object,,
HS-3,1,title_zh,not_physical_object,,
EQM5,1,title_zh,not_physical_object,,
HS7,1,title_zh,not_physical_object,,
V24V,1,title_zh,not_physical_object,,
L5U,1,title_zh,not_physical_object,,
BSD4K,1,title_zh,not_physical_object,,
ID34L,1,title_zh,not_physical_object,,
V12V,1,title_zh,not_physical_object,,
A810Pro,1,title_zh,not_physical_object,,
PCBA,1,title_zh,not_physical_object,,
Y994,1,title_zh,not_physical_object,,
F7X,1,title_zh,not_physical_object,,
D360,1,title_zh,not_physical_object,,
P2,1,title_zh,not_physical_object,,
Q3Q7,1,title_zh,not_physical_object,,
Vplus,1,title_zh,not_physical_object,,
Smax,1,title_zh,not_physical_object,,
G2K,1,title_zh,not_physical_object,,
PND,1,title_zh,not_physical_object,,
WIFIA98,1,title_zh,not_physical_object,,
X3X1X2X5X4X6325Li530ix3,1,title_zh,not_physical_object,,
CS75,1,title_zh,not_physical_object,,
x5CS35CS55plus,1,title_zh,not_physical_object,,
CarDvrCam,1,title_zh,not_physical_object,,
V260,1,title_zh,not_physical_object,,
cla,1,title_zh,not_physical_object,,
glk,1,title_zh,not_physical_object,,
F7H92M6,1,title_zh,not_physical_object,,
DMS,1,title_zh,not_physical_object,,
GPS1080P,1,title_zh,not_physical_object,,
GPS24,1,title_zh,not_physical_object,,
XRV,1,title_zh,not_physical_object,,
GWiFiDash,1,title_zh,not_physical_object,,
Y15WIFI,1,title_zh,not_physical_object,,
BAPEBABYMILO,1,title_zh,not_physical_object,,
Alpha,1,title_zh,not_physical_object,,
DX9786,1,title_zh,not_physical_object,,
hiphop,1,title_zh,not_physical_object,,
MILO,1,title_zh,physical_object_no_zh,,milo.n.01
KENO,1,title_zh,not_physical_object,,
airback,1,title_zh,not_physical_object,,
KEN,1,title_zh,not_physical_object,,
luluEverywhere,1,title_zh,not_physical_object,,
sudakooo,1,title_zh,not_physical_object,,
heliad,1,title_zh,not_physical_object,,
laptopbags,1,title_zh,not_physical_object,,
sese,1,title_zh,not_physical_object,,
COLDEST,1,title_zh,not_physical_object,,
MOMENT,1,title_zh,not_physical_object,,
starfish,1,title_zh,physical_object_zh_match,海星,starfish.n.01
ELITE,1,title_zh,not_physical_object,,
HM9965,1,title_zh,not_physical_object,,
montbell,1,title_zh,not_physical_object,,
BUQLE,1,title_zh,not_physical_object,,
Tagi,1,title_zh,not_physical_object,,
Tanghulu,1,title_zh,not_physical_object,,
Jansports,1,title_zh,not_physical_object,,
X-PAC,1,title_zh,not_physical_object,,
pingu,1,title_zh,not_physical_object,,
Sonic,1,title_zh,not_physical_object,,
aj23,1,title_zh,not_physical_object,,
rainbow,1,title_zh,not_physical_object,,
friends,1,title_zh,physical_object_zh_match,盟友|朋友|熟人|相识的人,friend.n.01|ally.n.02|acquaintance.n.03|supporter.n.01|friend.n.05
mpq,1,title_zh,not_physical_object,,
threebox,1,title_zh,not_physical_object,,
heymaymay,1,title_zh,not_physical_object,,
Cisalpin,1,title_zh,not_physical_object,,
LULU,1,title_zh,physical_object_no_zh,,smasher.n.02
Wunderlust,1,title_zh,not_physical_object,,
Stus,1,title_zh,not_physical_object,,
la,1,title_zh,not_physical_object,,
dies,1,title_zh,physical_object_zh_match,色子|骰子|模具|铆头模,die.n.01|die.n.02|die.n.03
legato,1,title_zh,not_physical_object,,
largo,1,title_zh,not_physical_object,,
womanbags2024,1,title_zh,not_physical_object,,
bagHobo,1,title_zh,not_physical_object,,
Number,1,title_zh,physical_object_no_zh,,issue.n.02|number.n.11
polens,1,title_zh,not_physical_object,,
bag2025,1,title_zh,not_physical_object,,
mollie,1,title_zh,physical_object_no_zh,,mollie.n.01
Hana,1,title_zh,not_physical_object,,
Nvbao,1,title_zh,not_physical_object,,
weihuo,1,title_zh,not_physical_object,,
MackJhosel,1,title_zh,not_physical_object,,
FF,1,title_zh,not_physical_object,,
carryall,1,title_zh,physical_object_zh_match,大手提包,carryall.n.01
ChvainsKuen,1,title_zh,not_physical_object,,
rodeobag,1,title_zh,not_physical_object,,
ANA,1,title_zh,not_physical_object,,
suitcase28,1,title_zh,not_physical_object,,
PC20,1,title_zh,not_physical_object,,
HORIZON,1,title_zh,physical_object_zh_match,地平|地平线|天边|天际|天际线,horizon.n.01|horizon.n.03|horizon.n.04
DUOMIGIRL,1,title_zh,not_physical_object,,
superstay,1,title_zh,not_physical_object,,
rhodee,1,title_zh,not_physical_object,,
hailey,1,title_zh,not_physical_object,,
Color-changing,1,title_zh,not_physical_object,,
balm,1,title_zh,not_physical_object,,
FrankColor,1,title_zh,not_physical_object,,
glaze,1,title_zh,physical_object_no_zh,,glaze.n.01
novo5234,1,title_zh,not_physical_object,,
TRIWELL,1,title_zh,not_physical_object,,
Y3566,1,title_zh,not_physical_object,,
DoMeCare,1,title_zh,not_physical_object,,
SADEOR,1,title_zh,not_physical_object,,
GIK5,1,title_zh,not_physical_object,,
Peel,1,title_zh,not_physical_object,,
HA,1,title_zh,physical_object_zh_match,时角|经度15°,hour_angle.n.02
ZSEA,1,title_zh,not_physical_object,,
POND,1,title_zh,not_physical_object,,
airpods4,1,title_zh,not_physical_object,,
M9,1,title_zh,not_physical_object,,
WAVE300,1,title_zh,not_physical_object,,
JBI2024,1,title_zh,not_physical_object,,
WH-1000XM6,1,title_zh,not_physical_object,,
SMY-63,1,title_zh,not_physical_object,,
MD538,1,title_zh,not_physical_object,,
Q25,1,title_zh,not_physical_object,,
mini13,1,title_zh,not_physical_object,,
TWS-X10,1,title_zh,not_physical_object,,
TWS-A20,1,title_zh,not_physical_object,,
TWS-T8,1,title_zh,not_physical_object,,
M90proTWS,1,title_zh,not_physical_object,,
Powerbeatpro2,1,title_zh,not_physical_object,,
TWS5,1,title_zh,not_physical_object,,
WAVE200,1,title_zh,not_physical_object,,
WAVE200TWS,1,title_zh,not_physical_object,,
W200,1,title_zh,not_physical_object,,
AirMAX,1,title_zh,not_physical_object,,
i19s,1,title_zh,not_physical_object,,
Zero,1,title_zh,physical_object_no_zh,,zero.n.04
K215,1,title_zh,not_physical_object,,
I121,1,title_zh,not_physical_object,,
Miniso,1,title_zh,not_physical_object,,
BQ618,1,title_zh,not_physical_object,,
S27,1,title_zh,not_physical_object,,
BT558,1,title_zh,not_physical_object,,
Thinkplus,1,title_zh,not_physical_object,,
Airpods,1,title_zh,not_physical_object,,
MIUu,1,title_zh,not_physical_object,,
poleno,1,title_zh,not_physical_object,,
paris,1,title_zh,not_physical_object,,
kelly,1,title_zh,not_physical_object,,
gentlewoman,1,title_zh,physical_object_no_zh,,dame.n.02
Marmon,1,title_zh,not_physical_object,,
much,1,title_zh,not_physical_object,,
ebong2024,1,title_zh,not_physical_object,,
ZV,1,title_zh,not_physical_object,,
Gigi,1,title_zh,not_physical_object,,
ladieshandbag,1,title_zh,not_physical_object,,
bags2024,1,title_zh,not_physical_object,,
y2k,1,title_zh,not_physical_object,,
MACK,1,title_zh,physical_object_zh_match,橡皮布防水衣|马金托什雨衣,macintosh.n.02
JHARLES,1,title_zh,not_physical_object,,
shoulder,1,title_zh,physical_object_zh_match,护坡道|护堤|路肩,shoulder.n.04|shoulder.n.05
GDLEDY,1,title_zh,not_physical_object,,
GLEEKITTY,1,title_zh,not_physical_object,,
rodeo,1,title_zh,physical_object_no_zh,,rodeo.n.02
Ophidia,1,title_zh,not_physical_object,,
Carit,1,title_zh,not_physical_object,,
Koty,1,title_zh,not_physical_object,,
JOY,1,title_zh,not_physical_object,,
C568,1,title_zh,not_physical_object,,
jenni,1,title_zh,not_physical_object,,
MISSROSE,1,title_zh,not_physical_object,,
HLLR,1,title_zh,not_physical_object,,
P069,1,title_zh,not_physical_object,,
ANNAIYA,1,title_zh,not_physical_object,,
PRP,1,title_zh,not_physical_object,,
bio-collagenfacemask,1,title_zh,not_physical_object,,
Real,1,title_zh,not_physical_object,,
Collagen,1,title_zh,not_physical_object,,
facemask,1,title_zh,not_physical_object,,
CT50,1,title_zh,not_physical_object,,
g150g180g,1,title_zh,not_physical_object,,
YMS,1,title_zh,not_physical_object,,
g150g,1,title_zh,not_physical_object,,
BABYbetyt,1,title_zh,not_physical_object,,
TC368,1,title_zh,not_physical_object,,
ambie,1,title_zh,not_physical_object,,
vi,1,title_zh,not_physical_object,,
OPO,1,title_zh,not_physical_object,,
i13,1,title_zh,not_physical_object,,
Clip04,1,title_zh,not_physical_object,,
GTM08,1,title_zh,not_physical_object,,
DX08,1,title_zh,not_physical_object,,
TWS-A10,1,title_zh,not_physical_object,,
P9PRO,1,title_zh,not_physical_object,,
X37,1,title_zh,not_physical_object,,
WAVE300TWS,1,title_zh,not_physical_object,,
Z40Pro,1,title_zh,not_physical_object,,
M25T25,1,title_zh,not_physical_object,,
Ari4,1,title_zh,not_physical_object,,
Buds3Pro,1,title_zh,not_physical_object,,
S70,1,title_zh,not_physical_object,,
J6TWS,1,title_zh,not_physical_object,,
OW-520mini,1,title_zh,not_physical_object,,
K1i,1,title_zh,not_physical_object,,
WH35Max,1,title_zh,not_physical_object,,
P9MAX,1,title_zh,not_physical_object,,
S300ai,1,title_zh,not_physical_object,,
Y36,1,title_zh,not_physical_object,,
KH20,1,title_zh,not_physical_object,,
Y-08,1,title_zh,not_physical_object,,
J6Pro,1,title_zh,not_physical_object,,
NE-108,1,title_zh,not_physical_object,,
Tune,1,title_zh,not_physical_object,,
JBL710BT,1,title_zh,not_physical_object,,
W895B,1,title_zh,not_physical_object,,
KL50,1,title_zh,not_physical_object,,
kiki,1,title_zh,not_physical_object,,
A-33,1,title_zh,not_physical_object,,
TUNE510bt,1,title_zh,not_physical_object,,
M106,1,title_zh,not_physical_object,,
R510,1,title_zh,not_physical_object,,
Q36,1,title_zh,not_physical_object,,
WM02,1,title_zh,not_physical_object,,
on-ear,1,title_zh,not_physical_object,,
DR56,1,title_zh,not_physical_object,,
J99,1,title_zh,not_physical_object,,
U10BU2SU4SU5SU6NC,1,title_zh,not_physical_object,,
W916F,1,title_zh,not_physical_object,,
M4ANC,1,title_zh,not_physical_object,,
rhode,1,title_zh,not_physical_object,,
a1660,1,title_zh,not_physical_object,,
iPhone17eTPU,1,title_zh,not_physical_object,,
XRMAX7,1,title_zh,not_physical_object,,
iPhone6sPlus,1,title_zh,not_physical_object,,
OPPOfindx9ulta,1,title_zh,not_physical_object,,
iphone16max,1,title_zh,not_physical_object,,
x200x100,1,title_zh,not_physical_object,,
PC16Promax15,1,title_zh,not_physical_object,,
IMD13,1,title_zh,not_physical_object,,
TPU13,1,title_zh,not_physical_object,,
p80u,1,title_zh,not_physical_object,,
RedmiK70,1,title_zh,not_physical_object,,
OPPOreno16,1,title_zh,not_physical_object,,
iPhone15ins14,1,title_zh,not_physical_object,,
oppoa7promax,1,title_zh,not_physical_object,,
mi,1,title_zh,not_physical_object,,
idm,1,title_zh,not_physical_object,,
OPPOFindx9,1,title_zh,not_physical_object,,
AG79000,1,title_zh,not_physical_object,,
GSM,1,title_zh,not_physical_object,,
clean,1,title_zh,not_physical_object,,
CROP,1,title_zh,physical_object_zh_match,收成|鞭把|鞭柄,crop.n.02|crop.n.04|crop.n.05
CROPPED,1,title_zh,not_physical_object,,
ETAI,1,title_zh,not_physical_object,,
Oversize230g,1,title_zh,not_physical_object,,
AG66000,1,title_zh,not_physical_object,,
madeextreme,1,title_zh,not_physical_object,,
AG280,1,title_zh,not_physical_object,,
ovesize,1,title_zh,not_physical_object,,
oversiz,1,title_zh,not_physical_object,,
XY25044,1,title_zh,not_physical_object,,
ebya,1,title_zh,not_physical_object,,
candy,1,title_zh,not_physical_object,,
NEXTAR,1,title_zh,not_physical_object,,
Richeese,1,title_zh,not_physical_object,,
bury,1,title_zh,not_physical_object,,
Weight,1,title_zh,physical_object_zh_match,杠铃片,weight.n.02|weight.n.04
loss,1,title_zh,not_physical_object,,
g2026,1,title_zh,not_physical_object,,
Gaba,1,title_zh,not_physical_object,,
Dahongpao,1,title_zh,not_physical_object,,
Eight-Treasure,1,title_zh,not_physical_object,,
Chunmee,1,title_zh,not_physical_object,,
Prostatitis,1,title_zh,not_physical_object,,
Male,1,title_zh,physical_object_no_zh,,male.n.01|male.n.02
health,1,title_zh,not_physical_object,,
LeTea,1,title_zh,not_physical_object,,
Nine-Ingredient,1,title_zh,not_physical_object,,
solution,1,title_zh,not_physical_object,,
stomachache,1,title_zh,not_physical_object,,
GINSENGTEN,1,title_zh,not_physical_object,,
SEREH,1,title_zh,not_physical_object,,
KUNYIT,1,title_zh,not_physical_object,,
JAHE,1,title_zh,not_physical_object,,
VR,1,title_zh,not_physical_object,,
ZT3050,1,title_zh,not_physical_object,,
Z1080,1,title_zh,not_physical_object,,
ZT3688,1,title_zh,not_physical_object,,
WF-1000XM5,1,title_zh,not_physical_object,,
RGB,1,title_zh,not_physical_object,,
Comfo,1,title_zh,not_physical_object,,
GQ-13,1,title_zh,not_physical_object,,
ai32,1,title_zh,not_physical_object,,
Hi-Fi,1,title_zh,physical_object_no_zh,,hi-fi.n.01
a14pr,1,title_zh,not_physical_object,,
J08PRO,1,title_zh,not_physical_object,,
T230NC,1,title_zh,not_physical_object,,
U20S,1,title_zh,not_physical_object,,
iphone16tpu,1,title_zh,not_physical_object,,
iPhone18duo,1,title_zh,not_physical_object,,
RedmiK90ProMax,1,title_zh,not_physical_object,,
K90pro,1,title_zh,not_physical_object,,
Note12,1,title_zh,not_physical_object,,
plu,1,title_zh,not_physical_object,,
pro12,1,title_zh,not_physical_object,,
MagSafe16,1,title_zh,not_physical_object,,
i16,1,title_zh,not_physical_object,,
iphone17PMax,1,title_zh,not_physical_object,,
iPhone18pm,1,title_zh,not_physical_object,,
DIY17,1,title_zh,not_physical_object,,
x70t,1,title_zh,not_physical_object,,
x23x50,1,title_zh,not_physical_object,,
Alcantara,1,title_zh,not_physical_object,,
MateXT,1,title_zh,not_physical_object,,
epro,1,title_zh,not_physical_object,,
Plus13,1,title_zh,not_physical_object,,
mate807060,1,title_zh,not_physical_object,,
t9r,1,title_zh,not_physical_object,,
iphone14promax13,1,title_zh,not_physical_object,,
Hanman,1,title_zh,not_physical_object,,
S22U,1,title_zh,not_physical_object,,
prom,1,title_zh,not_physical_object,,
GalaxyS25ULTRA,1,title_zh,not_physical_object,,
a45,1,title_zh,not_physical_object,,
tpu14,1,title_zh,not_physical_object,,
iphone15promax13,1,title_zh,not_physical_object,,
PD20W,1,title_zh,not_physical_object,,
ogo,1,title_zh,not_physical_object,,
U50000,1,title_zh,not_physical_object,,
c120W,1,title_zh,not_physical_object,,
PD120w,1,title_zh,not_physical_object,,
oversized,1,title_zh,not_physical_object,,
Trapstar,1,title_zh,not_physical_object,,
cleanfitt,1,title_zh,not_physical_object,,
ape,1,title_zh,physical_object_zh_match,无尾猿|类人猿,ape.n.01|copycat.n.01|anthropoid.n.01
KANYE,1,title_zh,not_physical_object,,
MYQ,1,title_zh,not_physical_object,,
wishT,1,title_zh,not_physical_object,,
S-8XL,1,title_zh,not_physical_object,,
Sorona230,1,title_zh,not_physical_object,,
AG190,1,title_zh,not_physical_object,,
LU,1,title_zh,not_physical_object,,
pod,1,title_zh,physical_object_zh_match,豆荚,pod.n.01|pod.n.02|pod.n.04
ARTIE,1,title_zh,not_physical_object,,
QP,1,title_zh,not_physical_object,,
cosplay,1,title_zh,not_physical_object,,
House,1,title_zh,physical_object_zh_match,住宅|家|房子|房屋|星座|库房,house.n.01|sign_of_the_zodiac.n.01|theater.n.01|house.n.12
S-3XL,1,title_zh,not_physical_object,,
E28,1,title_zh,not_physical_object,,
jeandress,1,title_zh,not_physical_object,,
PHILONG,1,title_zh,not_physical_object,,
nabati,1,title_zh,not_physical_object,,
Enlargements,1,title_zh,physical_object_zh_match,扩大的照片|放大的照片,enlargement.n.04
maca,1,title_zh,not_physical_object,,
shu,1,title_zh,not_physical_object,,
puer,1,title_zh,not_physical_object,,
burn,1,title_zh,not_physical_object,,
fat,1,title_zh,not_physical_object,,
Flat,1,title_zh,physical_object_zh_match,浅箱|浅苗床|平车|漏气轮胎|爆胎|景片|公寓|公寓房间|套间,flat.n.01|flat.n.02|flatcar.n.01|flat.n.05|flat.n.06|apartment.n.01
Wins,1,title_zh,not_physical_object,,
Town,1,title_zh,physical_object_zh_match,城|城市|城镇|镇,town.n.01|township.n.01|town.n.04
Mulberry,1,title_zh,physical_object_no_zh,,mulberry.n.01|mulberry.n.02
Wolfberry,1,title_zh,not_physical_object,,
Premium,1,title_zh,not_physical_object,,
regrowth,1,title_zh,not_physical_object,,
teabag,1,title_zh,not_physical_object,,
chali,1,title_zh,not_physical_object,,
Extra,1,title_zh,physical_object_no_zh,,supernumerary.n.02|extra.n.02|extra.n.03
Strength,1,title_zh,not_physical_object,,
PET32,1,title_zh,not_physical_object,,
popmart,1,title_zh,not_physical_object,,
KA3,1,title_zh,not_physical_object,,
pocket4,1,title_zh,not_physical_object,,
YZ3050,1,title_zh,not_physical_object,,
Z5050,1,title_zh,not_physical_object,,
FX3399,1,title_zh,not_physical_object,,
x200x230cm,1,title_zh,not_physical_object,,
Daddy,1,title_zh,physical_object_zh_match,爸|爸爸|爹|爹爹,dad.n.01
A075,1,title_zh,not_physical_object,,
newborn,1,title_zh,physical_object_no_zh,,neonate.n.01
pack,1,title_zh,physical_object_zh_match,背包,pack.n.03|pack.n.07|pack.n.08|pack.n.09
bodysuit,1,title_zh,not_physical_object,,
creeper,1,title_zh,physical_object_zh_match,匍匐植物,creeper.n.01|crawler.n.02|creeper.n.03
onesie,1,title_zh,not_physical_object,,
ins2026,1,title_zh,not_physical_object,,
AM1102,1,title_zh,not_physical_object,,
CURB,1,title_zh,physical_object_zh_match,街头的边石|路缘|边石|马嚼子,curb.n.01|curb.n.02
Womens,1,title_zh,not_physical_object,,
Cut,1,title_zh,physical_object_zh_match,通道|凿出的道,cut.n.03|cut.n.11
Vibram,1,title_zh,not_physical_object,,
W2029,1,title_zh,not_physical_object,,
N878,1,title_zh,not_physical_object,,
S273,1,title_zh,not_physical_object,,
R4,1,title_zh,not_physical_object,,
ins2025,1,title_zh,not_physical_object,,
GeL-2160,1,title_zh,not_physical_object,,
Loafers,1,title_zh,physical_object_zh_match,平跟船鞋|路夫鞋,idler.n.01|loafer.n.02
RF707,1,title_zh,not_physical_object,,
Gel,1,title_zh,physical_object_no_zh,,gelatin.n.03
Force58,1,title_zh,not_physical_object,,
VomeroPlus,1,title_zh,not_physical_object,,
ZA2026,1,title_zh,not_physical_object,,
D-28,1,title_zh,not_physical_object,,
Slipper,1,title_zh,physical_object_no_zh,,slipper.n.01|skidder.n.01
MDCW,1,title_zh,not_physical_object,,
shoe,1,title_zh,physical_object_zh_match,鞋|鞋子|马蹄铁|制动靴,shoe.n.01|shoe.n.02|horseshoe.n.02|brake_shoe.n.01
RF211,1,title_zh,not_physical_object,,
TBslippers,1,title_zh,not_physical_object,,
P206,1,title_zh,not_physical_object,,
HY103,1,title_zh,not_physical_object,,
MNG2026,1,title_zh,not_physical_object,,
XFG22,1,title_zh,not_physical_object,,
D257-1,1,title_zh,not_physical_object,,
bao,1,title_zh,not_physical_object,,
P308,1,title_zh,not_physical_object,,
DDOO,1,title_zh,not_physical_object,,
A0Q,1,title_zh,not_physical_object,,
cos,1,title_zh,physical_object_no_zh,,conscientious_objector.n.01
Flash,1,title_zh,physical_object_zh_match,闪光|脉冲灯|镁光灯|闪光灯|闪光灯泡,flash.n.09|flash.n.10
Cards,1,title_zh,physical_object_zh_match,电路板,wag.n.01|circuit_board.n.01
PP200ml,1,title_zh,not_physical_object,,
BPA,1,title_zh,not_physical_object,,
Minintutu,1,title_zh,not_physical_object,,
bus,1,title_zh,physical_object_zh_match,公共汽车|公车|大型客车|大型游览巴士|大客车|巴士|长途公共汽车|长途汽车|总线|母线|汇流排|汇流条|老爷汽车,bus.n.01|busbar.n.01|bus.n.04
NICU,1,title_zh,not_physical_object,,
A2p601,1,title_zh,not_physical_object,,
comotomo,1,title_zh,not_physical_object,,
SUS316,1,title_zh,not_physical_object,,
PPSU2,1,title_zh,not_physical_object,,
Yahababy55,1,title_zh,not_physical_object,,
ppsu0-6,1,title_zh,not_physical_object,,
ml125ml,1,title_zh,not_physical_object,,
ml6375,1,title_zh,not_physical_object,,
ml60,1,title_zh,not_physical_object,,
xin,1,title_zh,not_physical_object,,
aveat,1,title_zh,not_physical_object,,
MinitutuPPSU,1,title_zh,not_physical_object,,
ml240ml300ml,1,title_zh,not_physical_object,,
mL74537,1,title_zh,not_physical_object,,
ml120ml250ml,1,title_zh,not_physical_object,,
bei,1,title_zh,not_physical_object,,
BABYPALPPSU,1,title_zh,not_physical_object,,
ml6560,1,title_zh,not_physical_object,,
zaxion,1,title_zh,not_physical_object,,
ml73233,1,title_zh,not_physical_object,,
havaobaby,1,title_zh,not_physical_object,,
ml6463,1,title_zh,not_physical_object,,
ml150ml,1,title_zh,not_physical_object,,
Chain,1,title_zh,physical_object_zh_match,链|链子|链条|束缚力|约束力|山脉|串,chain.n.03|chain.n.05|range.n.04|chain.n.09|chain.n.10
nk1967,1,title_zh,not_physical_object,,
Knuskool,1,title_zh,not_physical_object,,
AF1,1,title_zh,not_physical_object,,
Cloudmonster,1,title_zh,not_physical_object,,
Originals,1,title_zh,physical_object_zh_match,原拷贝|原版拷贝,master.n.06
Vegan,1,title_zh,physical_object_no_zh,,vegan.n.01
OG,1,title_zh,not_physical_object,,
Step2,1,title_zh,not_physical_object,,
KITHK-Tech,1,title_zh,not_physical_object,,
B44D,1,title_zh,not_physical_object,,
Max270,1,title_zh,not_physical_object,,
Cloudtilt,1,title_zh,not_physical_object,,
AJ4RM,1,title_zh,not_physical_object,,
goodbai,1,title_zh,not_physical_object,,
GEL-Kayano,1,title_zh,not_physical_object,,
Wildhorse,1,title_zh,not_physical_object,,
Ride2,1,title_zh,not_physical_object,,
B20206,1,title_zh,not_physical_object,,
FDCP,1,title_zh,not_physical_object,,
G040-J,1,title_zh,not_physical_object,,
Step,1,title_zh,physical_object_zh_match,台阶|楼梯|阶梯,step.n.04|step.n.10
Terra,1,title_zh,not_physical_object,,
P832,1,title_zh,not_physical_object,,
ISA,1,title_zh,not_physical_object,,
AI2025,1,title_zh,not_physical_object,,
TN3,1,title_zh,not_physical_object,,
YH002,1,title_zh,not_physical_object,,
NB2002R,1,title_zh,not_physical_object,,
Track,1,title_zh,physical_object_zh_match,路|路径|路线|轨道|途径|道路|赛道|跑道|数据磁道|数据道|磁道,path.n.04|track.n.03|racetrack.n.01|track.n.07|track.n.09|track.n.10
aj5,1,title_zh,not_physical_object,,
TL13,1,title_zh,not_physical_object,,
Knu,1,title_zh,not_physical_object,,
Skool,1,title_zh,not_physical_object,,
KS8811,1,title_zh,not_physical_object,,
arim,1,title_zh,not_physical_object,,
