word,count,columns,flag,zh_translations,synsets
Pro,5734,"description_zh,title_zh",physical_object_no_zh,,professional.n.02
WIFI,1157,"description_zh,title_zh",physical_object_no_zh,,wireless_local_area_network.n.01
PC,859,"description_zh,title_zh",physical_object_no_zh,,personal_computer.n.01
GB,319,description_zh,physical_object_no_zh,,sarin.n.01
Nova,96,description_zh,physical_object_no_zh,,nova.n.01
DP,31,description_zh,physical_object_no_zh,,displaced_person.n.01
PM,23,"description_zh,title_zh",physical_object_no_zh,,prime_minister.n.01
WWW,17,description_zh,physical_object_no_zh,,world_wide_web.n.01
samba,15,"description_zh,title_zh",physical_object_no_zh,,obeche.n.02
Type,15,description_zh,physical_object_no_zh,,character.n.05|type.n.06
m-1,15,description_zh,physical_object_no_zh,,garand_rifle.n.01
Ginseng,14,"description_zh,title_zh",physical_object_no_zh,,ginseng.n.01|ginseng.n.02
PAL,14,description_zh,physical_object_no_zh,,buddy.n.01
BS,14,description_zh,physical_object_no_zh,,bacillus.n.01
miss,13,"description_zh,title_zh",physical_object_no_zh,,girl.n.01
XY,12,"description_zh,title_zh",physical_object_no_zh,,xy.n.01
Cinderella,11,description_zh,physical_object_no_zh,,cinderella.n.01
SUV,10,description_zh,physical_object_no_zh,,sport_utility.n.01
Royal,10,description_zh,physical_object_no_zh,,royal.n.01|royal.n.02
Six,9,"description_zh,title_zh",physical_object_no_zh,,six-spot.n.01
hobo,8,"description_zh,title_zh",physical_object_no_zh,,tramp.n.01
DJ,8,"description_zh,title_zh",physical_object_no_zh,,disk_jockey.n.01
Pink,8,description_zh,physical_object_no_zh,,pink.n.02|pinko.n.01
MARK,7,"description_zh,title_zh",physical_object_no_zh,,chump.n.01|crisscross.n.01
slippers,7,"description_zh,title_zh",physical_object_no_zh,,slipper.n.01|skidder.n.01
Dodo,6,"description_zh,title_zh",physical_object_no_zh,,dodo.n.01|dodo.n.02
HS1,5,"description_zh,title_zh",physical_object_no_zh,,herpes_simplex_1.n.01
tee,5,title_zh,physical_object_no_zh,,tee.n.01|tee.n.02|tee.n.03
Ginger,5,"description_zh,title_zh",physical_object_no_zh,,ginger.n.01
Lolita,5,"description_zh,title_zh",physical_object_no_zh,,lolita.n.01
Aloe,5,description_zh,physical_object_no_zh,,aloe.n.01
Daisy,5,description_zh,physical_object_no_zh,,daisy.n.01
Turmeric,4,"description_zh,title_zh",physical_object_no_zh,,turmeric.n.01
Frank,4,description_zh,physical_object_no_zh,,frank.n.01
Avocado,4,description_zh,physical_object_no_zh,,avocado.n.01|avocado.n.02
quilt,4,description_zh,physical_object_no_zh,,quilt.n.01
Galaxy,3,title_zh,physical_object_no_zh,,galax.n.01
ma,3,"description_zh,title_zh",physical_object_no_zh,,ma.n.01
Cinnamon,3,"description_zh,title_zh",physical_object_no_zh,,cinnamon.n.01|cinnamon.n.02
sport,3,description_zh,physical_object_no_zh,,sport.n.03|sport.n.04|sport.n.05|mutant.n.01
red,3,description_zh,physical_object_no_zh,,bolshevik.n.01
beauty,3,description_zh,physical_object_no_zh,,smasher.n.02
gloss,3,description_zh,physical_object_no_zh,,glossary.n.01
Pomegranate,3,description_zh,physical_object_no_zh,,pomegranate.n.01|pomegranate.n.02
blueberry,3,description_zh,physical_object_no_zh,,blueberry.n.01|blueberry.n.02
Dove,3,description_zh,physical_object_no_zh,,dove.n.01|dove.n.02
PO,3,description_zh,physical_object_no_zh,,petty_officer.n.01
Mickey,3,description_zh,physical_object_no_zh,,paddy.n.01
toast,2,"description_zh,title_zh",physical_object_no_zh,,toast.n.02|goner.n.01
growth,2,"description_zh,title_zh",physical_object_no_zh,,growth.n.07
Dieter,2,"description_zh,title_zh",physical_object_no_zh,,dieter.n.01
Mommy,2,"description_zh,title_zh",physical_object_no_zh,,ma.n.01
sun,2,description_zh,physical_object_no_zh,,sun.n.03|sun.n.04
dark,2,description_zh,physical_object_no_zh,,darkness.n.02
Spinner,2,description_zh,physical_object_no_zh,,spinner.n.01|spinner.n.02|spinner.n.03
Cucumber,2,description_zh,physical_object_no_zh,,cucumber.n.01
Rice,2,description_zh,physical_object_no_zh,,rice.n.02
CEREAL,2,description_zh,physical_object_no_zh,,cereal.n.01
lotus,2,description_zh,physical_object_no_zh,,lotus.n.01|lotus.n.03
HANK,2,description_zh,physical_object_no_zh,,hank.n.01
GREAT,2,description_zh,physical_object_no_zh,,great.n.01
anti,2,description_zh,physical_object_no_zh,,anti.n.01
Sports,1,title_zh,physical_object_no_zh,,sport.n.03|sport.n.04|sport.n.05|mutant.n.01
MILO,1,title_zh,physical_object_no_zh,,milo.n.01
LULU,1,title_zh,physical_object_no_zh,,smasher.n.02
Number,1,title_zh,physical_object_no_zh,,issue.n.02|number.n.11
mollie,1,title_zh,physical_object_no_zh,,mollie.n.01
glaze,1,title_zh,physical_object_no_zh,,glaze.n.01
Zero,1,title_zh,physical_object_no_zh,,zero.n.04
gentlewoman,1,title_zh,physical_object_no_zh,,dame.n.02
rodeo,1,title_zh,physical_object_no_zh,,rodeo.n.02
Male,1,title_zh,physical_object_no_zh,,male.n.01|male.n.02
Hi-Fi,1,title_zh,physical_object_no_zh,,hi-fi.n.01
Mulberry,1,title_zh,physical_object_no_zh,,mulberry.n.01|mulberry.n.02
Extra,1,title_zh,physical_object_no_zh,,supernumerary.n.02|extra.n.02|extra.n.03
newborn,1,title_zh,physical_object_no_zh,,neonate.n.01
Gel,1,title_zh,physical_object_no_zh,,gelatin.n.03
Slipper,1,title_zh,physical_object_no_zh,,slipper.n.01|skidder.n.01
cos,1,title_zh,physical_object_no_zh,,conscientious_objector.n.01
Vegan,1,title_zh,physical_object_no_zh,,vegan.n.01
MP,1,description_zh,physical_object_no_zh,,military_policeman.n.01
sill,1,description_zh,physical_object_no_zh,,sill.n.01|sill.n.02
SCION,1,description_zh,physical_object_no_zh,,scion.n.01
mobile,1,description_zh,physical_object_no_zh,,mobile.n.03
Melon,1,description_zh,physical_object_no_zh,,melon.n.01|melon.n.02
gum,1,description_zh,physical_object_no_zh,,gum_tree.n.01
herb,1,description_zh,physical_object_no_zh,,herb.n.01
angel,1,description_zh,physical_object_no_zh,,saint.n.02|angel.n.03
DA,1,description_zh,physical_object_no_zh,,district_attorney.n.01
NORTH,1,description_zh,physical_object_no_zh,,north.n.04
Schoolbag,1,description_zh,physical_object_no_zh,,schoolbag.n.01
MOM,1,description_zh,physical_object_no_zh,,ma.n.01
Daniel,1,description_zh,physical_object_no_zh,,daniel.n.02
XX,1,description_zh,physical_object_no_zh,,xx.n.02
REGULAR,1,description_zh,physical_object_no_zh,,regular.n.01|regular.n.02|regular.n.03
PI,1,description_zh,physical_object_no_zh,,private_detective.n.01|principal_investigator.n.01
puppy,1,description_zh,physical_object_no_zh,,puppy.n.01|puppy.n.02
romantic,1,description_zh,physical_object_no_zh,,romantic.n.01|romanticist.n.02
guava,1,description_zh,physical_object_no_zh,,guava.n.01|guava.n.02|guava.n.03
Lovely,1,description_zh,physical_object_no_zh,,cover_girl.n.01
Brunette,1,description_zh,physical_object_no_zh,,brunet.n.01
Butte,1,description_zh,physical_object_no_zh,,butte.n.01
Chamomile,1,description_zh,physical_object_no_zh,,chamomile.n.01
Olive,1,description_zh,physical_object_no_zh,,olive.n.01|olive.n.02|olive.n.04
Freesia,1,description_zh,physical_object_no_zh,,freesia.n.01
GP,1,description_zh,physical_object_no_zh,,general_practitioner.n.01
HS2,1,description_zh,physical_object_no_zh,,herpes_simplex_2.n.01
MAMA,1,description_zh,physical_object_no_zh,,ma.n.01
Kiwi,1,description_zh,physical_object_no_zh,,chinese_gooseberry.n.01|new_zealander.n.01|kiwi.n.03|kiwi.n.04
Count,1,description_zh,physical_object_no_zh,,count.n.03
Cookie,1,description_zh,physical_object_no_zh,,cookie.n.02
XXX,1,description_zh,physical_object_no_zh,,xxx.n.02
Clove,1,description_zh,physical_object_no_zh,,clove.n.01|clove.n.02
Bamboo,1,description_zh,physical_object_no_zh,,bamboo.n.02
divider,1,description_zh,physical_object_no_zh,,splitter.n.02|divider.n.02|partition.n.01|divider.n.04
rep,1,description_zh,physical_object_no_zh,,rep.n.01|rep.n.02
Tough,1,description_zh,physical_object_no_zh,,street_fighter.n.02|hood.n.01|bully.n.01
chinese,1,description_zh,physical_object_no_zh,,chinese.n.02
production,1,description_zh,physical_object_no_zh,,product.n.02
Ballerina,1,description_zh,physical_object_no_zh,,ballerina.n.01
Liver,1,description_zh,physical_object_no_zh,,liver.n.03|liver.n.04
smoker,1,description_zh,physical_object_no_zh,,smoker.n.01|smoker.n.03
Natural,1,description_zh,physical_object_no_zh,,natural.n.01
Soursop,1,description_zh,physical_object_no_zh,,soursop.n.01|soursop.n.02
plys,1,description_zh,physical_object_no_zh,,ply.n.01|ply.n.02
name,1,description_zh,physical_object_no_zh,,name.n.04
rags,1,description_zh,physical_object_no_zh,,rag.n.01|tabloid.n.02
POLYESTER,1,description_zh,physical_object_no_zh,,polyester.n.03
guan,1,description_zh,physical_object_no_zh,,guan.n.01
flops,1,description_zh,physical_object_no_zh,,flop.n.02
JR,1,description_zh,physical_object_no_zh,,junior.n.04
FOS,1,description_zh,physical_object_no_zh,,field-grade_officer.n.01
myrtle,1,description_zh,physical_object_no_zh,,myrtle.n.01|myrtle.n.02
CO,1,description_zh,physical_object_no_zh,,conscientious_objector.n.01
Minimalist,1,description_zh,physical_object_no_zh,,minimalist.n.01|minimalist.n.02
FAMILY,1,description_zh,physical_object_no_zh,,kin.n.01
mouth,1,description_zh,physical_object_no_zh,,mouth.n.03|mouth.n.04|mouth.n.05|mouthpiece.n.03|mouth.n.08
