ten_hang_zh,ten_hang_vi,so_lan,product_id_vi_du,category,anh_duyet,anh_ghi_chu
杰狮比比,Gia Sư Bỉ Bỉ,17,1063470615869,mother_baby,,
良品物语,Câu chuyện sản phẩm hay,12,896961483557,mother_baby,,
贝,Bối,10,1075924731626,mother_baby,,
木止,Gỗ,9,551118241484,food,,
彩云球,Quả bóng mây cầu vồng,7,911821127130,fashion,,
颗粒熊,Gấu hạt,5,1041125608565,mother_baby,,
旺其豆豆,Đậu đậu vượng khí,5,1070404989040,mother_baby,,
linkcard/易卡通,linkcard/phim hoạt hình dễ dàng,5,737450492099,mother_baby,,
茶晓将,Cha Tiểu Giang,5,996616594653,food,,
安如石,An toàn như đá,5,981561904510,bags,,
亨特森,thợ săn,4,972098699523,fashion,,
宜暖尔,Trời ấm áp,4,959467755512,mother_baby,,
正钦,Trịnh Tần,4,723863110124,electronics,,
亮丽,Sáng,4,661583739983,home,,
佳织达,Gia Triệt Đạt,3,1077704503242,home,,
JURVARU/杰凡路,JURVARU/Jiệp Phàm Lộ,3,1054304897587,shoes,,
肌琳莎,Cơ linsa,3,680287077008,beauty,,
Happy Fish/快乐鱼,Cá Vui Vẻ,3,1046202230677,home,,
森澜,Sâm Lan,3,1048036285046,home,,
安其生,An Kỳ Sinh,3,1072084209062,mother_baby,,
蓝朴,Lan Phác,3,1067594354422,home,,
美雅如,Đẹp và tao nhã,3,732364250040,mother_baby,,
麦昆王子,Hoàng tử McQueen,3,694341267247,shoes,,
冉寻,Ran Tầm,3,1049812656357,home,,
道录尊,Đạo Lục Tôn,3,845087880827,auto,,
柠里,Bên trong chanh,3,832427948565,mother_baby,,
棠黛,Đường Đại,2,787715785129,beauty,,
云华普,Vân Hoa Phổ,2,574976824154,food,,
安阳啸峰服饰,Thời trang Xaofeng An Dương,2,1068546303471,mother_baby,,
七彩玫瑰,hoa hồng đầy màu sắc,2,625348608962,electronics,,
野许,Đúng,2,991131334670,electronics,,
巴鲁熊,Gấu Baloo,2,981755097934,mother_baby,,
很想家,Tôi nhớ nhà rất nhiều,2,886892824042,home,,
标王,Tiêu chuẩn vua,2,942023340053,bags,,
蕻檀,Hành Đàn,2,1036005048798,shoes,,
温馨知画,Ấm áp tri thức,2,1077719122033,home,,
叶礼,Lá lễ,2,641519633563,food,,
GOGI/高姿,GOGI/Tư thế cao,2,807010653468,beauty,,
星木原,Tinh Mộc Nguyên,2,1079093453677,home,,
靓卡微,Thẻ micro đẹp,2,913515090028,shoes,,
青春帝,Hoàng đế trẻ,2,929347386878,food,,
银翼巅峰,Đỉnh Cánh Bạc,2,995346484769,bags,,
善念,những suy nghĩ tốt,2,990840644423,home,,
仁和,Nhân Hòa,2,673871103949,beauty,,
侨柠,Quê Lanh,2,1047935837894,home,,
爱尚,Tình yêu Shang,2,641249792407,food,,
九彩鸟,Chim chín màu,2,811067044809,mother_baby,,
山籁,Sơn Lai,2,816921589336,electronics,,
鼎盛箱包,hành lý Dingsheng,2,751538008458,bags,,
纪盛草本,Thảo mộc Jisheng,2,828702259398,food,,
乐尚途,Hạnh phúc,2,915232175299,bags,,
熙鹏,Tỳ xưng,2,782720546205,bags,,
煊赫,Huyền Hà,1,974668319915,bags,,
胤真,Âm Zhen,1,959187469321,auto,,
自检,Tự kiểm tra,1,1038929320189,shoes,,
忘忧林,Quên lo lắng,1,823058489883,fashion,,
沐也,Mộc Dã,1,1050055064060,home,,
星之诺,Lời hứa của ngôi sao,1,907901654729,electronics,,
龙山堂,Long Sơn Đường,1,590437177767,food,,
亮丽,Sáng bóng,1,1050003833022,home,,
赫.根同款,Mẫu giống H.agen,1,1031750559254,mother_baby,,
纯兰仕,Lans nguyên chất,1,962786479350,home,,
三旗辉,Ba cờ,1,936048129380,electronics,,
乐火,Ngọn lửa hạnh phúc,1,779876156344,auto,,
茗笑,Minh cười,1,726749428787,shoes,,
瑗尔医生2类重组面膜,Mặt nạ tái cấu trúc loại 2 của Tiến sĩ Yuaner,1,777241205030,beauty,,
酷童拉米,Cậu bé Rummy ngầu quá,1,943524984932,mother_baby,,
心琪宝贝,Trái Tim bé yêu,1,714622397330,bags,,
初简熙,Sơ Kiến Tây,1,545844393298,beauty,,
婉明,Vạn Minh,1,555187344672,food,,
雨乔,Mưa Joe,1,855426775127,bags,,
青谯里,Thanh Tiêu Lý,1,1047158113647,food,,
春沐茶行,Cửa hàng trà Chunmu,1,724388452760,food,,
FILON VIRO/芙兰维诺（布料床单）,FILON VIRO/FULAN VINO (ga trải giường vải),1,914111280200,home,,
清野の木,Gỗ trong suốt,1,660015885694,home,,
端兰,Đuolan,1,674809369982,beauty,,
万星,Hàng ngàn ngôi sao,1,971618963014,auto,,
爱立行（箱包）,Ailixing (Túi xách & Hành lý),1,728537738111,bags,,
囊中物,Trong túi,1,694176598005,home,,
万客鞋业,Giày Wanke,1,856094605081,shoes,,
睿营,Trại,1,707614155310,bags,,
双启,Bắt đầu gấp đôi,1,1000855431347,mother_baby,,
千良,Thiên Lương,1,791334183774,shoes,,
何亦,Hà Dịch,1,1005980180939,home,,
净心情,Tâm trạng ròng,1,556642546685,home,,
赞景云途,Giống như Jingyuntu,1,992920628344,electronics,,
歆果果,Tân Quốc,1,939659339670,mother_baby,,
擎传龙,Tấn Trấn Long,1,678741899393,auto,,
富诗妮,Phú Thị Ni,1,1073301238037,home,,
固根堂,Cố Căn Đường1,1,956039998279,food,,
创尚优品（食品）,Chuang Shang Youpin (Thực phẩm),1,947833666767,food,,
塑信,Sử Tín,1,1061011712777,home,,
神童小厨,Đầu bếp thần đồng,1,939904186619,mother_baby,,
SENKA/珊珂,SENKA/ Sơn Khắc,1,822513381556,beauty,,
韩优尚,Hàn Youshang,1,999986650130,beauty,,
YALSH/雅奢薇,YALSH/Ya Thôi Vĩ,1,977324707654,home,,
一起旺,Cùng nhau thịnh vượng,1,922304392272,auto,,
Colour Elephant/小象缤纷,Voi Màu Sắc/Con Voi Nhỏ Đa Sắc,1,1007781631430,mother_baby,,
科颜萃,Khoa học và Yan Cui,1,842347068739,beauty,,
善影,Bóng tốt,1,659610888738,auto,,
婴国天使,Thiên thần trẻ sơ sinh,1,623398595649,beauty,,
格股浪,Sóng cổ phiếu lưới,1,855300601238,auto,,
索质,chất lượng,1,962717271485,food,,
海洋,đại dương,1,949368231704,beauty,,
小虫家,Nhà côn trùng nhỏ,1,786851977975,bags,,
咨询卖家,Tham khảo ý kiến người bán,1,986918002509,food,,
新誉隆优品,Sản phẩm cao cấp Xinyulong,1,670935502567,electronics,,
洁力车匠机头水,Nước đầu máy làm sạch,1,623836980785,auto,,
舞韵之花,Hoa Vũ Vận,1,1073244799056,home,,
博金衫,áo sơ mi Bojin,1,888032953951,fashion,,
images形象美,Hình ảnh đẹp,1,531367400689,beauty,,
清花见,Thấy hoa thanh tịnh,1,1072716506400,food,,
万联,Vạn Liên,1,1046731986864,shoes,,
红树林皮具,Đồ Da rừng ngập mặn,1,713405957401,bags,,
哇,Ồ,1,575814339205,home,,
三寻,Ba tìm kiếm,1,965931779983,home,,
达美佳,Đại gia,1,984388376983,shoes,,
彬恋,Binh Liên,1,810610527127,home,,
蝶蔻（床上用品）,Diecome (bộ đồ giường),1,901196408979,home,,
中诚,Trung thành,1,865327412592,home,,
小雅象,Voi tao nhã,1,913728501742,mother_baby,,
豆你童心,Doudou ngây thơ như trẻ thơ,1,971625998972,mother_baby,,
云浅棉,Vân Kiến Miên,1,981636332541,home,,
椒武,Giao Ngũ,1,987412551859,bags,,
膜丽清颜,Khuôn mặt đẹp và trong trẻo,1,769083853435,beauty,,
中喜,Trung hỷ,1,940495690934,food,,
羽素,Lông vũ,1,999619949263,beauty,,
镇头,Trấn Đầu,1,1053879411178,home,,
喆楠日用品厂,Nhà máy nhu yếu phẩm hàng ngày Zhenan,1,900950132720,home,,
柚子图图,Bưởi Tú Tú,1,1009319939023,mother_baby,,
旅盛,Du lịch thịnh vượng,1,851705787922,bags,,
杭颂,Hàng Sơn2,1,904507178585,food,,
凯万箱包厂,Nhà máy túi Kaiwan,1,772868649547,bags,,
祥昌腾,Tương Xương Đằng,1,919913077118,home,,
安徽力洁刷业,Ngành công nghiệp bàn chải An Huy Lijie,1,773079471876,home,,
元溪,Nguyên Tây,1,896724262825,beauty,,
季悦,Mùa giải,1,1052993272121,home,,
贝智星,Bế Chí Hưng,1,675061169105,mother_baby,,
夜莱香,Hương đêm,1,1026078393285,home,,
固盾,lá chắn vững chắc,1,948057260779,shoes,,
小美教授,Giáo sư Xiaomei,1,732855150516,beauty,,
华达利,Hoa Đạt Lợi,1,1065067570321,mother_baby,,
小宠圆,Thú cưng nhỏ tròn,1,1039471052912,mother_baby,,
高端铝框登机箱,Khung nhôm cao cấp,1,856868838842,bags,,
弋客,tốt thôi,1,966067310721,home,,
妙缕潮足,Bàn chân thủy triều tuyệt vời,1,849453284499,shoes,,
原素,Nguyên tố,1,1075890719173,home,,
小黑匠,Thợ thủ công đen,1,1075846236292,home,,
HENS/衡成,Gà/Hengcheng,1,977986188472,auto,,
添益,Thêm lợi ích,1,1013989424925,mother_baby,,
九火烽,Cửu hỏa Phong,1,902795950712,electronics,,
鹿小芙,Hươu nhỏ,1,804868322287,food,,
欢喜兔,Thỏ hạnh phúc,1,667388830126,mother_baby,,
辉哥车贴,Nhãn dán xe hơi của Bro Hui,1,723834735743,auto,,
糖心公主,Công chúa kẹo,1,979224779951,bags,,
福满溪,Phương Mân,1,762682931279,food,,
戈戈小熊,Gấu Gogo,1,812252982833,beauty,,
夏茵,Hạ Âm,1,796289775730,home,,
俏丽丝,Lụa đẹp,1,956583248092,fashion,,
欧莱伊,Âu Lai,1,863413853107,home,,
梦嘟乐园,Vườn Mộng Đô,1,1050740508101,mother_baby,,
盛华,Thịnh Hoa,1,550938397821,food,,
储鸢,Bảo quản diều,1,915671960876,home,,
纪时希,Tập Shixi,1,973273973762,home,,
娜蓝博士,Tiến sĩ Nalan,1,911279018118,beauty,,
初序家居,Chūxù Home,1,1012988127417,home,,
领舞天阔,Dẫn nhảy rộng bầu trời,1,951264761765,food,,
木止,Mộc Chỉ,1,1057537793648,food,,
连众,Liên Trung,1,860857940128,shoes,,
FILON VIRO/芙兰维诺（布料床单）,FILON VIRO/Flan Vino (ga trải giường bằng vải),1,980507840660,home,,
K/快车道,K/làn đường nhanh,1,610760509985,auto,,
初益,lợi ích đầu tiên,1,857057466914,home,,
俪缘,Lệ Nguyên,1,929497571572,food,,
梦高,Cao mơ,1,810089078582,mother_baby,,
韩水仙,Thủy tiên Hàn Quốc,1,790392257678,beauty,,
牛味思,Tư duy vị bò,1,726270078559,food,,
简 澈,Giản Thản,1,1064815749627,home,,
wobechon/活碧泉,wobechon/Sống Biquan,1,997242651019,beauty,,
-江源,-Quảng Nguyên,1,966700234938,auto,,
驴对版,Phiên bản lừa,1,990994986039,bags,,
故里车,Xe quê hương,1,856793544152,auto,,
卡绅,Thẻ quý tộc,1,783154351519,beauty,,
家佳淘气娃,Jiajia nghịch ngợm em bé,1,591325400179,mother_baby,,
亿铭泰,Ý Minh Đài,1,999535883950,electronics,,
美容道,Đường làm đẹp,1,867835921649,beauty,,
伟龙,Ngụy Long1,1,858041412983,food,,
爱飞神,Yêu Fei Shen,1,907399205561,fashion,,
忆同春,Ký đồng xuân,1,1055249716919,food,,
泊蝶,cơ thể,1,694101186634,beauty,,
Dr.Bormell/珀美博士,Tiến sĩ Bormell/ Tiến sĩ Bormell,1,991650805407,beauty,,
魔根（数码）,Magic Root (Kỹ thuật số),1,984100820085,electronics,,
收纳盒,Hộp đựng đồ,1,797071043516,home,,
青佑,Tình bạn,1,611554815966,food,,
三只豹,Ba con báo đốm,1,670931255756,home,,
PRINCEEAGLE/鹰鹗雕,PRINCEEAGLE/Đại bàng bàng,1,669998683890,fashion,,
COJEMIMUR/空间密码,COJEMIMUR/Mã không gian,1,916159647717,auto,,
品唤,Tên sản phẩm,1,986145249842,home,,
仟山月,Ngàn núi trăng,1,681699028000,food,,
pepp恩步,tiêu bu,1,976546344899,fashion,,
中暨佳创,Trung Quốc và Jiachuang,1,775974006407,beauty,,
