loi,so_gia_tri,so_dong
苹果 → 'táo' (đúng: Apple/iPhone),925,221
单根 → 'gốc' (đúng: một dây),616,616
"中 (cỡ/độ vừa) → 'trong/giữa' (đúng: vừa, trung bình)",501,501
实拍无模特 → 'mô hình' (đúng: ảnh thật không có người mẫu),368,368
前系带 → 'cà vạt' (đúng: buộc dây phía trước),366,338
基础大众 → 'volkswagen' (đúng: phổ thông/đại chúng),342,342
长爬 → 'leo' (đúng: bộ liền thân trẻ em),340,317
日常搭配 → 'đối sánh' (đúng: phối đồ hằng ngày),319,319
纯色 → 'màu rắn' (đúng: màu trơn),275,261
无领标 → 'không có cổ áo' (đúng: không có nhãn cổ),196,195
低帮 → 'đỉnh thấp' (đúng: cổ thấp),184,184
宽口径 → 'cỡ nòng' (đúng: miệng rộng),183,181
双根 → 'rễ' (đúng: hai dây),182,182
粘胶鞋 → 'viscose' (đúng: giày dán keo),165,164
生活防水 → 'cuộc sống' (đúng: chống nước sinh hoạt),157,157
韩版 → 'tiếng hàn' (đúng: kiểu Hàn),140,140
低帮 → 'mũ thấp' (đúng: cổ thấp),135,135
中科蓝讯 → 'blue news' (đúng: chip Zhongke Lanxun),127,127
鸭屎香 → 'phân vịt' (đúng: Áp Thỉ Hương (giống trà)),119,25
套头 → 'mũ trùm' (đúng: chui đầu),116,113
杰理 → 'jerry' (đúng: chip Jieli),95,86
大红袍 → 'áo choàng đỏ' (đúng: Đại Hồng Bào (trà)),52,38
密码箱 → 'hộp mật khẩu' (đúng: vali khóa số),46,9
冰岛 → 'iceland' (đúng: Băng Đảo (làng trà)),43,29
明前 → 'nhà minh' (đúng: trà Minh Tiền (hái trước Thanh minh)),32,30
明前 → 'trung thu' (đúng: trà Minh Tiền),24,24
单鞋 → 'căn hộ' (đúng: giày bệt (flats → 'căn hộ')),22,22
磨毛 → 'đánh răng' (đúng: vải chải lông (brushed → 'đánh răng')),21,20
套头 → 'xe kéo' (đúng: chui đầu),19,19
皮质 → 'vỏ não' (đúng: chất liệu da),13,13
雪梨 → 'sydney' (đúng: lê tuyết),11,8
明前 → 'ngày mai' (đúng: trà Minh Tiền),9,7
