nhom,product_id,category,name_zh,val_zh,val_vi,val_vi_bo_so,anh_duyet,anh_ghi_chu
ca_d07_va_v2,823177078447,shoes,是否外贸,是,Là2,Là,,
ca_d07_va_v2,892557179292,home,是否进口,否,Không.1,Không,,
ca_d07_va_v2,837174667631,home,专利,否,Không.2,Không,,
ca_d07_va_v2,1042118172002,home,印刷工艺,其他,Khác4,Khác,,
ca_d07_va_v2,768689014013,shoes,有可授权的自有品牌,否,Không.3,Không,,
ca_d07_va_v2,836893604900,auto,主要销售地区,"非洲, 欧洲, 南美, 东南亚, 北美, 东北亚, 中东, 其他","Châu Phi, Châu Âu, Nam Mỹ, Đông Nam Á, Bắc Mỹ, Đông Bắc Á, Trung Đông, Khác3","Châu Phi, Châu Âu, Nam Mỹ, Đông Nam Á, Bắc Mỹ, Đông Bắc Á, Trung Đông, Khác",,
ca_d07_va_v2,901589855027,electronics,是否IP授权,否,Không.5,Không,,
ca_d07_va_v2,834695180241,shoes,是否库存,是,Là1,Là,,
ca_d07_va_v2,1073613854249,shoes,最快出货时间,其他,Khác4,Khác,,
ca_d07_va_v2,955949094628,mother_baby,有可授权的自有品牌,否,Không1,Không,,
ca_d07_va_v2,1071704046680,shoes,是否跨境出口专供货源,否,Không2,Không,,
ca_d07_va_v2,888315916847,mother_baby,是否跨境出口专供货源,是,Là3,Là,,
ca_d07_va_v2,718790342521,food,产品认证,否,Không2,Không,,
ca_d07_va_v2,835775252839,mother_baby,主要下游平台,其他,Khác1,Khác,,
ca_d07_va_v2,926185241579,home,专利,否,Không.2,Không,,
ca_d07_va_v2,1082029456181,shoes,质检报告,否,Không2,Không,,
ca_d07_va_v2,1017436916377,home,加工定制,否,Không1,Không,,
ca_d07_va_v2,944074122502,bags,有可授权的自有品牌,是,Là1,Là,,
ca_d07_va_v2,954654419786,home,专利,否,Không3,Không,,
ca_d07_va_v2,669734428340,home,加工定制,否,Không.2,Không,,
ca_d07_va_v2,883645771634,shoes,闭合方式,其他,Khác3,Khác,,
ca_d07_va_v2,736990916146,shoes,是否库存,是,Là1,Là,,
ca_d07_va_v2,889992278084,home,专利,否,Không.2,Không,,
ca_d07_va_v2,640184686843,beauty,特殊用途化妆品,否,Không.3,Không,,
ca_d07_va_v2,1057481409868,shoes,是否外贸,否,Không2,Không,,
ca_d07_va_v2,1005630695691,home,商品特性,其他,Khác8,Khác,,
ca_d07_va_v2,873915765158,mother_baby,是否进口,否,Không.2,Không,,
ca_d07_va_v2,919530884110,auto,是否支持到店安装,否,Không.2,Không,,
ca_d07_va_v2,768623488158,bags,是否有扩展层,否,Không.2,Không,,
ca_d07_va_v2,892027290576,mother_baby,平车针距12~14针/3cm,是,Là2,Là,,
ca_d07_va_v2,724145942963,mother_baby,是否进口,否,Không.1,Không,,
ca_d07_va_v2,716976329462,home,是否一般纳税人,是,Là2,Là,,
ca_d07_va_v2,737864047230,home,加工定制,是,Là1,Là,,
ca_d07_va_v2,893731948063,fashion,原创设计货源,否,Không.2,Không,,
ca_d07_va_v2,902229218459,fashion,有可授权的自有品牌,否,Không.1,Không,,
ca_d07_va_v2,1006298773138,home,加工定制,否,Không1,Không,,
ca_d07_va_v2,867423772029,mother_baby,是否专供外贸,否,Không.2,Không,,
ca_d07_va_v2,993304810045,shoes,鞋面材质,其它,Khác2,Khác,,
ca_d07_va_v2,1074048849541,shoes,是否商场同款,否,Không5,Không,,
ca_d07_va_v2,1034611420594,shoes,形象,其他,Khác5,Khác,,
ca_d07_va_v2,990965092751,auto,主要下游平台,"ebay, 亚马逊, wish, 速卖通, 独立站, LAZADA, 其他","eBay, Amazon, mong muốn, AliExpress, Trạm độc lập, LAZADA, Khác2","eBay, Amazon, mong muốn, AliExpress, Trạm độc lập, LAZADA, Khác",,
ca_d07_va_v2,760068468746,fashion,是否跨境出口专供货源,否,Không.1,Không,,
ca_d07_va_v2,854736747040,electronics,流行元素,其他,Khác1,Khác,,
ca_d07_va_v2,815976397537,mother_baby,平车针距12~14针/3cm,是,Là2,Là,,
ca_d07_va_v2,1036896078216,home,是否跨境出口专供货源,否,Không1,Không,,
ca_d07_va_v2,1011520087987,shoes,有可授权的自有品牌,否,Không1,Không,,
ca_d07_va_v2,860344645793,electronics,是否跨境出口专供货源,否,Không.2,Không,,
ca_d07_va_v2,935375827321,electronics,是否跨境出口专供货源,否,Không.1,Không,,
ca_d07_va_v2,912867917958,fashion,原创设计货源,否,Không.2,Không,,
ca_d07_va_v2,1028260251395,shoes,主要下游平台,"ebay, 亚马逊, wish, 速卖通, 独立站, LAZADA, 其他","eBay, Amazon, mong muốn, AliExpress, Trang web độc lập, LAZADA, Khác2","eBay, Amazon, mong muốn, AliExpress, Trang web độc lập, LAZADA, Khác",,
ca_d07_va_v2,901518751205,electronics,主要下游平台,"ebay, 亚马逊, wish, 速卖通, 独立站, LAZADA, 其他","ebay, Amazon, wish, AliExpress, Trạm độc lập, LAZADA, Khác2","ebay, Amazon, wish, AliExpress, Trạm độc lập, LAZADA, Khác",,
ca_d07_va_v2,824827991480,home,是否进口,否,Không.1,Không,,
ca_d07_va_v2,1030281440854,home,是否跨境出口专供货源,否,Không3,Không,,
ca_d07_va_v2,1078232723374,shoes,质检报告,否,Không2,Không,,
ca_d07_va_v2,863849181249,auto,是否支持到店安装,否,Không.2,Không,,
ca_d07_va_v2,904553504388,shoes,是否加绒,否,Không.2,Không,,
ca_d07_va_v2,928426485576,food,货号,其他,Khác5,Khác,,
ca_d07_va_v2,632335784201,fashion,原创设计货源,是,Là4,Là,,
ca_d07_va_v2,523876475541,food,是否地理标志产品,否,Không.5,Không,,
ca_d07_va_v2,794552137265,fashion,原创设计货源,是,Là4,Là,,
chi_v2,975113184615,bags,是否IP授权,否,không2,không,,
chi_v2,971343199832,food,产品认证,否,không2,không,,
chi_v2,979147906321,shoes,内里材质,网纱,lưới1,lưới,,
chi_v2,1080706758876,shoes,尺码,"35, 36, 37, 38, 39, 40","35, 36, 37, 38, 39, 401","35, 36, 37, 38, 39, 40",,
chi_v2,960482246669,shoes,帮面内里材质,网纱,Lưới2,Lưới,,
chi_v2,756896739911,bags,箱包大小,中,Trong1,Trong,,
chi_v2,994684361758,auto,是否跨境出口专供货源,否,không2,không,,
chi_v2,1029299568969,shoes,是否跨境出口专供货源,是,Đúng vậy2,Đúng vậy,,
chi_v2,1057064700480,shoes,内里材质,网布,Vải lưới1,Vải lưới,,
chi_v2,993996672609,bags,适用场景,休闲旅行,du lịch giải trí1,du lịch giải trí,,
chi_v2,970266030605,electronics,是否专利货源,否,KHÔNG2,KHÔNG,,
chi_v2,709189881614,bags,货号,607,6071,607,,
chi_v2,976366955603,beauty,特殊用途化妆品,否,không3,không,,
chi_v2,968369336008,fashion,有可授权的自有品牌,否,KHÔNG1,KHÔNG,,
chi_v2,959119221991,fashion,主要下游销售地区2,其他,khác2,khác,,
chi_v2,733879136229,home,加印LOGO,可以,Có thể1,Có thể,,
chi_v2,857801933559,food,原料与配料,SC10337028309990,SC103370283099902,SC10337028309990,,
chi_v2,1078524200077,shoes,风格,休闲,Thư giãn1,Thư giãn,,
chi_v2,823791243798,shoes,鞋面材质,超纤,Sợi nhỏ1,Sợi nhỏ,,
chi_v2,982193590813,home,货号,5115,51152,5115,,
chi_v2,1001883322383,mother_baby,平车针距12~14针/3cm,是,Đúng vậy1,Đúng vậy,,
chi_v2,686683073425,shoes,图案,拼色,Phối màu1,Phối màu,,
chi_v2,1031932749615,shoes,品牌,/,/3,/,,
chi_v2,911738058625,beauty,化妆品功效,祛痘,Trị mụn1,Trị mụn,,
chi_v2,884959090500,mother_baby,是否IP授权,否,KHÔNG3,KHÔNG,,
chi_v2,922296487371,shoes,鞋跟形状,平跟,Gót bằng2,Gót bằng,,
chi_v2,746082572574,shoes,鞋面材质,超纤,Sợi nhỏ1,Sợi nhỏ,,
chi_v2,992131684503,beauty,化妆品功效,"保湿, 控油, 滋润, 深层清洁","dưỡng ẩm1, kiểm soát dầu, dưỡng ẩm2, Làm sạch sâu","dưỡng ẩm, kiểm soát dầu, dưỡng ẩm, Làm sạch sâu",,
chi_v2,967416793296,beauty,主要销售地区,"欧洲, 南美, 东南亚, 北美, 东北亚, 中东, 其他","Châu Âu, Nam Mỹ, Đông Nam Á, Bắc Mỹ, Đông Bắc Á, Trung Đông, khác1","Châu Âu, Nam Mỹ, Đông Nam Á, Bắc Mỹ, Đông Bắc Á, Trung Đông, khác",,
chi_v2,746888497823,electronics,流行元素,"动物, 水钻, 卡通, 暴力熊, 其他","động vật, kim cương giả, phim hoạt hình2, con gấu hung dữ, khác2","động vật, kim cương giả, phim hoạt hình, con gấu hung dữ, khác",,
chi_v2,1011766358085,shoes,鞋跟形状,平跟,Giày đế bằng2,Giày đế bằng,,
chi_v2,972602197037,electronics,有可授权的自有品牌,是,Đúng.1,Đúng,,
chi_v2,1070850591498,home,开合方式,按扣,Nút bấm1,Nút bấm,,
chi_v2,964242509743,mother_baby,是否IP授权,是,là5,là,,
chi_v2,924348058163,mother_baby,产品类别,数字变形,Biến dạng kỹ thuật số1,Biến dạng kỹ thuật số,,
chi_v2,1039439765145,home,床单面料材质,棉,Bông2,Bông,,
chi_v2,938115894052,food,储藏方法,详见包装,Xem bao bì để biết chi tiết5,Xem bao bì để biết chi tiết,,
chi_v2,1045129914591,mother_baby,是否外贸,是,Đúng vậy1,Đúng vậy,,
chi_v2,1073464047848,shoes,适用场景,运动,Thể thao1,Thể thao,,
chi_v2,764327504179,home,加工定制,是,Đúng.1,Đúng,,
chi_v2,1003156120319,fashion,主面料成分,涤纶（聚酯纤维）,Polyester (sợi polyester)1,Polyester (sợi polyester),,
chi_v2,1004992508614,home,功能,"抗菌, 抑菌, 防霉, 双面可用","Kháng khuẩn2, Kháng khuẩn1, Chống nấm mốc, Có thể sử dụng được cả hai mặt","Kháng khuẩn, Kháng khuẩn, Chống nấm mốc, Có thể sử dụng được cả hai mặt",,
chi_v2,894559135574,auto,功能,"移动侦测, 循环录像, 变道辅助, 前车起步提醒, 前车车距侦测, 轨道偏移预警, 前车碰撞预警","Phát hiện chuyển động, Video vòng lặp2, Hỗ trợ chuyển làn, Nhắc nhở khởi động xe phía trước, Phát hiện khoảng cách xe phía trước, Cảnh báo bù đắp quỹ đạo, Cảnh báo va chạm xe phía trước","Phát hiện chuyển động, Video vòng lặp, Hỗ trợ chuyển làn, Nhắc nhở khởi động xe phía trước, Phát hiện khoảng cách xe phía trước, Cảnh báo bù đắp quỹ đạo, Cảnh báo va chạm xe phía trước",,
chi_v2,1027243696000,shoes,是否库存,是,Đúng vậy1,Đúng vậy,,
chi_v2,824642523936,mother_baby,货号,24南瓜背心,24 áo bí ngô1,24 áo bí ngô,,
chi_v2,908054775733,auto,是否支持到店安装,否,KHÔNG3,KHÔNG,,
chi_v2,617214055066,auto,主要成分,/,/1,/,,
chi_v2,973975069515,shoes,是否外贸,否,không1,không,,
chi_v2,902880843583,food,储藏方法,常温,nhiệt độ bình thường1,nhiệt độ bình thường,,
chi_v2,1073306001470,mother_baby,元素,"套装, 卡通, 字母, 印花, 可开档","Bộ1, Hoạt hình1, Chữ cái1, In hoa, Có thể mở đáy quần","Bộ1, Hoạt hình, Chữ cái, In hoa, Có thể mở đáy quần",,
chi_v2,950950604697,fashion,主要销售地区,"欧洲, 南美, 东南亚, 北美, 东北亚, 中东, 其他","Châu Âu, Nam Mỹ, Đông Nam Á, Bắc Mỹ, Đông Bắc Á, Trung Đông, khác2","Châu Âu, Nam Mỹ, Đông Nam Á, Bắc Mỹ, Đông Bắc Á, Trung Đông, khác",,
chi_v2,986457640896,home,是否折叠,否,không2,không,,
chi_v2,967638993001,food,原料和配料,详情见包装,Xem bao bì để biết chi tiết6,Xem bao bì để biết chi tiết,,
chi_v2,843296817297,bags,流行元素,"字母, 印花","Chữ cái2, In hoa","Chữ cái, In hoa",,
chi_v2,891013872068,mother_baby,AQL抽检标准,无,không có gì1,không có gì,,
chi_v2,976228923060,auto,是否专利货源,否,không1,không,,
chi_v2,963674349612,beauty,化妆品功效,"补水保湿, 提亮肤色, 滋润, 紧致, 舒缓肌肤, 柔润肌肤","Dưỡng ẩm1, Làm sáng tông màu da, dưỡng ẩm2, chặt chẽ, Làm dịu da, Da mềm mại","Dưỡng ẩm, Làm sáng tông màu da, dưỡng ẩm, chặt chẽ, Làm dịu da, Da mềm mại",,
chi_v2,996599906146,shoes,图案,拼色,Phối màu1,Phối màu,,
chi_v2,966803150284,auto,功能,"移动侦测, 循环录像, 停车监控, 碰撞感应, 前后录像","Phát hiện chuyển động, Ghi vòng lặp2, Giám sát bãi đậu xe, Cảm biến va chạm, Video trước và sau","Phát hiện chuyển động, Ghi vòng lặp, Giám sát bãi đậu xe, Cảm biến va chạm, Video trước và sau",,
chi_v2,961639625424,bags,皮质特征,其它,khác1,khác,,
chi_v2,985171909968,home,加工定制,是,Đúng.1,Đúng,,
chi_v2,967389031774,food,等级,见包装,Xem bao bì1,Xem bao bì,,
chi_v2,919716487035,fashion,原创设计货源,否,không2,không,,
chi_v2,1000667263522,electronics,是否专利货源,否,không1,không,,
chi_v2,963583658641,home,是否进口,否,KHÔNG1,KHÔNG,,
chi_v2,1078964750751,food,适用人群,/,/1,/,,
chi_v2,985291165282,home,加工定制,否,không3,không,,
chi_v2,959904971905,home,加印LOGO,不可以,KHÔNG3,KHÔNG,,
chi_v2,1072903090979,mother_baby,材质成分,"棉, 聚酯纤维（涤纶）","Bông2, Sợi polyester (polyester)","Bông, Sợi polyester (polyester)",,
chi_v2,1076127979167,shoes,内里材质,超纤,Siêu sợi1,Siêu sợi,,
chi_v2,1072746143781,mother_baby,是否IP授权,是,Đúng vậy4,Đúng vậy,,
chi_v2,1013058044163,mother_baby,无骨工艺,是,Đúng vậy3,Đúng vậy,,
chi_v2,980586195906,beauty,适用肤质,"通用, 油性, 干性","phổ quát2, Dầu, khô","phổ quát, Dầu, khô",,
chi_v2,950661000028,food,原料与配料,其他,khác4,khác,,
chi_v2,944723477137,electronics,最大输出功率,22.5,22.52,22.5,,
chi_v2,732787189398,bags,流行元素,锁扣,Móc khóa2,Móc khóa,,
chi_v2,645012038685,home,是否跨境出口专供货源,是,là3,là,,
chi_v2,931339267228,fashion,主面料成分,涤纶（聚酯纤维）,Polyester (sợi polyester)1,Polyester (sợi polyester),,
chi_v2,973450607067,food,商品条形码,详情见包装,Xem bao bì để biết chi tiết7,Xem bao bì để biết chi tiết,,
chi_v2,993515325590,mother_baby,是否IP授权,否,không3,không,,
chi_v2,1013680910902,shoes,鞋底材质,PVC,PVC1,PVC,,
chi_v2,900655207442,bags,品牌,其他,khác1,khác,,
chi_v2,1054688820984,shoes,鞋面材质,PU,PU3,PU,,
chi_v2,895154347550,auto,内存容量,无,không có gì3,không có gì,,
chi_v2,930004513893,home,型号,见详情,xem chi tiết1,xem chi tiết,,
chi_v2,1043844888823,shoes,适用场景,休闲,Thư giãn2,Thư giãn,,
chi_v2,890138618973,shoes,穿着方式,前系带,Dây buộc phía trước1,Dây buộc phía trước,,
chi_v2,811682340424,shoes,闭合方式,前系带,Dây buộc phía trước2,Dây buộc phía trước,,
chi_v2,776309070187,electronics,充电功率,10,101,10,,
chi_v2,1069051768716,shoes,是否库存,是,Đúng vậy2,Đúng vậy,,
chi_v2,753410460348,electronics,型号,P3 PRO,P3 PRO2,P3 PRO,,
chi_v2,949037264995,fashion,有无质检报告,否,KHÔNG3,KHÔNG,,
chi_v2,982662644946,electronics,型号,228,2282,228,,
chi_v2,991714004893,beauty,是否进口,否,không1,không,,
chi_v2,884517942328,shoes,鞋面材质,网布,Vải lưới1,Vải lưới,,
chi_v2,981913388190,electronics,支持订制,不支持,không được hỗ trợ2,không được hỗ trợ,,
chi_v2,972585173092,home,是否跨境出口专供货源,是,Đúng.2,Đúng,,
chi_v2,1080117605231,home,印染工艺,活性印染,In nhuộm hoạt tính1,In nhuộm hoạt tính,,
chi_v2,928406130445,food,生产日期,详见包装,Xem bao bì để biết chi tiết3,Xem bao bì để biết chi tiết,,
chi_v2,838839608268,mother_baby,是否跨境出口专供货源,是,Đúng.2,Đúng,,
chi_d07,664936321718,shoes,是否库存,是,Là1,Là1,,
chi_d07,763129961775,food,是否礼盒装,是,Là1,Là1,,
chi_d07,663593487883,mother_baby,是否跨境出口专供货源,是,Là1,Là1,,
chi_d07,655865087531,fashion,品牌,其他,Khác1,Khác1,,
chi_d07,684925459194,beauty,特殊用途化妆品,是,Là3,Là3,,
chi_d07,938147517770,beauty,是否进口,否,Không.1,Không.1,,
chi_d07,1000165866257,home,适用送礼场合,其他,Khác2,Khác2,,
chi_d07,1070573171979,mother_baby,面料名称,其它,Khác1,Khác1,,
chi_d07,993897302214,electronics,品牌,其他,Khác1,Khác1,,
chi_d07,889983147193,bags,形象,其他,Khác2,Khác2,,
chi_d07,635616486988,bags,有可授权的自有品牌,是,Là2,Là2,,
chi_d07,819163632729,home,品牌,其他,Khác1,Khác1,,
chi_d07,999071307847,bags,品牌,其他,Khác2,Khác2,,
chi_d07,655867147232,fashion,品牌,其他,Khác1,Khác1,,
chi_d07,778707809720,beauty,货号,其他,Khác1,Khác1,,
chi_d07,743657588882,shoes,流行元素,其他,Khác1,Khác1,,
chi_d07,852712551230,bags,有可授权的自有品牌,是,Là1,Là1,,
chi_d07,694448285500,bags,有可授权的自有品牌,是,Là2,Là2,,
chi_d07,839412328838,shoes,是否库存,是,Là2,Là2,,
chi_d07,909058615981,bags,品牌,其它,Khác1,Khác1,,
chi_d07,533128441532,mother_baby,是否跨境出口专供货源,是,Là2,Là2,,
chi_d07,839522616139,shoes,品牌,其它,Khác2,Khác2,,
chi_d07,775734529648,shoes,是否库存,是,Là1,Là1,,
chi_d07,870011936466,shoes,流行元素,其他,Khác2,Khác2,,
chi_d07,43500134815,food,是否礼盒装,是,Là1,Là1,,
chi_d07,663551311088,mother_baby,是否跨境出口专供货源,是,Là2,Là2,,
chi_d07,899781198929,bags,品牌,其他,Khác2,Khác2,,
chi_d07,837389091212,mother_baby,品牌,其他,Khác1,Khác1,,
chi_d07,732908169366,shoes,是否库存,否,Không.2,Không.2,,
chi_d07,839025806456,bags,是否有扩展层,是,Là1,Là1,,
chi_d07,611232717143,bags,有可授权的自有品牌,是,Là2,Là2,,
chi_d07,976865831007,food,制作工艺,其他,Khác2,Khác2,,
chi_d07,642353941312,mother_baby,是否跨境出口专供货源,是,Là2,Là2,,
