ten_zh,so_cap,so_dong,cach_dich_sai,nghia_dung_goi_y
适用场景,3573,3573,Kịch bản áp dụng: 3573,tình huống/dịp sử dụng
上市年份季节,2189,2189,Mùa năm niêm yết: 2189,năm/mùa ra mắt
容量,1770,1769,Công suất: 1049; công suất: 530; năng lực: 191,dung tích
毛重,1633,1633,Trọng lượng tịnh: 877; Trọng lượng lông: 756,trọng lượng cả bì
上市年份/季节,1163,1163,Năm/mùa niêm yết: 954; Năm/Mùa niêm yết: 209,năm/mùa ra mắt
净含量（规格）,1112,1112,Nội dung tịnh (thông số kỹ thuật): 688; Nội dung Tịnh (Thông số kỹ thuật): 193; Nội dung ròng (đặc điểm kỹ thuật): 143,khối lượng/dung tích tịnh
适合人群,993,993,Phù hợp với đám đông: 761; Thích hợp cho đám đông: 221; Dành cho đám đông: 11,đối tượng phù hợp
适用人群,844,844,Đám đông áp dụng: 844,đối tượng sử dụng
安全等级,813,813,Mức độ bảo mật: 466; mức độ bảo mật: 248; mức độ an ninh: 88,cấp độ an toàn
皮质特征,763,763,Đặc điểm vỏ não: 739; Đặc điểm Cortical: 24,đặc điểm da
上市年份季节（上市时间）,740,740,Mùa năm niêm yết (thời gian niêm yết): 740,năm/mùa ra mắt
主面料成分的含量,735,735,Nội dung của thành phần vải chính: 589; Nội dung của Thành phần vải chính: 146,tỉ lệ thành phần vải chính
主面料成分含量,583,583,Nội dung thành phần vải chính: 583,tỉ lệ thành phần vải chính
有无夹层,523,523,Có tầng lửng không?: 306; Có hoặc không có gác lửng: 135; Có hoặc không có tầng lửng: 77,có ngăn phụ không
鞋头形状,496,496,Hình dạng ngón chân: 473; hình dạng ngón chân: 23,hình dạng mũi giày
版型,455,455,Phiên bản: 329; phiên bản: 126,form dáng
鞋跟形状,444,444,Hình dạng gót chân: 336; hình dạng gót chân: 108,hình dạng gót giày
口径规格,425,425,Thông số kỹ thuật cỡ nòng: 283; Thông số kỹ thuật Cỡ nòng: 91; Thông số cỡ nòng: 51,đường kính miệng
净含量,400,400,Nội dung tịnh: 154; nội dung ròng: 124; Nội dung ròng: 122,khối lượng/dung tích tịnh
鞋跟高度,346,346,Chiều cao gót chân: 345; Chiều cao của gót chân: 1,chiều cao gót giày
面料支数,309,309,Số lượng vải: 309,chi số sợi
使用场景,289,289,Kịch bản sử dụng: 289,tình huống sử dụng
元素,276,276,Nguyên tố: 225; phần tử: 51,yếu tố/chi tiết
起泡程度,239,239,Mức độ phồng rộp: 239,độ tạo bọt
热卖月份,177,177,Tháng nóng: 177,tháng bán chạy
鞋跟款式,148,148,Kiểu gót chân: 148,kiểu gót giày
图案,135,135,mô hình: 135,hoa văn
鞋底工艺,81,81,Nghề thủ công duy nhất: 81,công nghệ đế giày
领标,64,64,Nhận giá thầu: 45; người lãnh đạo: 19,nhãn cổ áo
传输速率,54,54,Tỷ lệ chuyển khoản: 54,tốc độ truyền
型号,50,50,Người mẫu: 49; người mẫu: 1,mẫu mã/model
闭合方式,49,49,Phương pháp đóng cửa: 38; Phương thức đóng cửa: 11,kiểu đóng
口味,46,46,nếm thử: 46,hương vị
