product_id,category,bang_chung,title_vi
959456667817,auto,行车记录仪: title 'máy ghi hình lái xe' ≠ description 'camera hành trình',"Máy ghi hình lái xe ban đêm độ phân giải cao 4 kênh điều khiển bằng giọng nói, camera lùi gương chiếu hậu độ phân giải cao 1440P"
969811060123,auto,行车记录仪: title 'máy ghi âm lái xe' ≠ description 'camera hành trình',"Máy ghi âm lái xe trên bảng điều khiển trung tâm, màn hình hiển thị HUD trên ô tô không cần lắp đặt, dụng cụ cảnh báo an toàn, kết nối điện thoại di đ"
949392468572,auto,行车记录仪: title 'camera hành trình' ≠ description 'máy ghi âm lái xe',"Camera hành trình 70mai Dash Cam M310 Pro 2K HD 1440P góc rộng, giám sát đỗ xe, kết nối không dây WiFi 70mai"
908496563993,auto,行车记录仪: title 'máy ghi âm lái xe' ≠ description 'camera hành trình',"Thiết bị định vị đa năng nhỏ gọn dành cho Android, máy ghi âm lái xe, hỗ trợ lái xe ADAS, kết nối USB, máy ghi lại hành trình lái xe"
868220572334,auto,行车记录仪: title 'máy ghi hình lái xe' ≠ description 'camera hành trình',"Máy ghi hình lái xe 4K độ phân giải cao, tầm nhìn ban đêm, giám sát đỗ xe, GPS, xe dịch vụ công nghệ, camera kép, ghi hình video hai ống kính"
832895110589,auto,行车记录仪: title 'máy ghi âm lái xe' ≠ description 'camera hành trình',"Màn hình thông minh Carplay 10,26 inch xuyên biên giới, đầu phát MP5, máy ghi âm lái xe màn hình chiếu trên ô tô"
964680054867,auto,行车记录仪: title 'camera hành trình' ≠ description 'máy ghi âm lái xe',"Camera hành trình 5 ống kính đa năng, ghi hình 5 hướng (trước, trái, phải, sau) độ nét cao, góc rộng, tầm nhìn ban đêm, tích hợp WIFI"
811061639559,auto,行车记录仪: title 'camera hành trình' ≠ description 'ghi hình lái xe/máy ghi âm lái xe',"Camera hành trình ba ống kính c309 có WIFI, kết nối điện thoại di động, ghi hình ba chiều độ nét cao, ghi hình vòng lặp phía trước, trong xe và phía s"
845081168950,auto,行车记录仪: title 'máy ghi âm lái xe' ≠ description 'ghi hình lái xe',Máy ghi âm lái xe ẩn tầm nhìn ban đêm USB HD Điều hướng phổ thông với sửa đổi hình ảnh trực quan trên xe ADAS
810717840004,auto,行车记录仪: title 'ghi hình lái xe' ≠ description 'máy ghi âm lái xe',Màn hình cảm ứng 10 inch phát trực tuyến gương chiếu hậu ghi hình lái xe HD nhìn ban đêm trước và sau ghi âm kép với hình ảnh lùi
779205903250,auto,行车记录仪: title 'ghi âm lái xe' ≠ description 'máy ghi âm lái xe',Màn hình thông minh xuyên biên giới 9inch carplay điều hướng tiện lợi Máy nghe nhạc MP5 chiếu màn hình ô tô ghi âm lái xe
925634550577,auto,行车记录仪: title 'ghi hình lái xe' ≠ description 'camera hành trình',Ghi hình lái xe 4K xuyên biên giới
698380116867,auto,行车记录仪: title 'ghi âm lái xe' ≠ description 'máy ghi hình lái xe',Xe 3 camera ba ghi ba ống kính ghi âm lái xe 3 dvr HD tầm nhìn ban đêm 1080 với hình ảnh lùi
771864312267,auto,行车记录仪: title 'camera hành trình' ≠ description 'máy ghi âm lái xe',"Camera hành trình ô tô USB giấu kín, độ phân giải cao, kiểu dáng son môi, không màn hình, WiFi, tầm nhìn ban đêm siêu nét, có sẵn trong kho"
816115420906,auto,行车记录仪: title 'camera hành trình' ≠ description 'máy ghi âm lái xe',"Camera hành trình không dây ba ống kính xuyên biên giới A22, ghi hình ba chiều, giám sát đỗ xe"
761429279482,auto,行车记录仪: title 'camera hành trình' ≠ description 'máy ghi âm lái xe',"Camera hành trình gương chiếu hậu với khả năng ghi hình kép trước và sau độ nét cao, máy ghi hình ô tô 1080P với hình ảnh lùi xe, sản phẩm phổ biến có"
933939207037,auto,行车记录仪: title 'máy ghi hình lái xe' ≠ description 'máy ghi âm lái xe',"Máy ghi hình lái xe ban đêm, dành riêng cho Brazil, giao diện người dùng tiếng Bồ Đào Nha, chứng nhận CE/ROHS, có hàng 48 giờ."
1001300032555,auto,行车记录仪: title 'camera hành trình' ≠ description 'máy ghi hình lái xe',"Camera hành trình 4 ống kính 1080P mới, kết nối điện thoại di động WiFi, hiển thị và ghi hình đồng thời 4 chiều"
1002925788364,auto,行车记录仪: title 'camera hành trình' ≠ description 'máy ghi âm lái xe',Độ phân giải cao 6.5inch DVR xe hơi chống va chạm điểm mù gương chiếu hậu điện tử tầm nhìn ban đêm ánh sáng sao ghi hình kép camera hành trình
969170772156,auto,行车记录仪: title 'camera hành trình' ≠ description 'máy ghi âm lái xe',"Camera hành trình mẫu mới với video lùi độ nét cao, máy ghi hình 3 ống kính, kết nối điện thoại di động và chức năng ghi hình trên xe."
864401728179,auto,行车记录仪: title 'máy ghi âm lái xe' ≠ description 'ghi hình lái xe',"Máy ghi âm lái xe bốn lần WIFI, bốn ống kính, cùng một màn hình, ghi hình ban đêm, hình ảnh lùi 360 độ nét cao, giám sát đỗ xe"
862376259725,auto,行车记录仪: title 'máy ghi âm lái xe' ≠ description 'camera hành trình',"Máy ghi âm lái xe 2 inch kiểu bùng nổ xuyên biên giới, máy ghi âm ba ống kính nhìn đêm độ nét cao, kết nối điện thoại di động WiFi"
974725844572,auto,行车记录仪: title 'camera hành trình' ≠ description 'máy ghi âm lái xe',"Camera hành trình đa góc độ, độ phân giải cao, màn hình IPS, bốn ống kính, bán chạy trên Amazon, phổ biến quốc tế"
904540006424,auto,行车记录仪: title 'máy ghi âm lái xe' ≠ description 'máy ghi hình lái xe',Máy ghi âm lái xe 3 ống kính xuyên biên giới Máy ghi âm kép 2 inch trước và sau khi nhìn đêm độ nét cao trên ô tô Kết nối WiFi
845087880827,auto,行车记录仪: title 'ghi hình lái xe' ≠ description 'máy ghi âm lái xe',Bộ ghi hình lái xe toàn cảnh 360 độ tất cả trong một bộ camera ô tô phổ thông AHD1080P có độ phân giải cao
908054775733,auto,行车记录仪: title 'camera hành trình' ≠ description 'máy ghi âm lái xe',"Camera hành trình mini phổ biến xuyên biên giới với WiFi, độ phân giải cao 1080P, tầm nhìn ban đêm nâng cao, máy ghi hình ô tô ẩn"
617941629103,auto,行车记录仪: title 'ghi hình lái xe' ≠ description 'camera hành trình',Gương chiếu hậu 5 inch 2.5D cảm ứng ghi hình lái xe HD 1080P ánh sao nhìn ban đêm ống kính kép với hình ảnh lùi
940202877028,auto,行车记录仪: title 'máy ghi âm lái xe' ≠ description 'camera hành trình',"Máy ghi âm lái xe AZDOME trước và sau ghi kép 11,8 ""gương chiếu hậu ADAS hỗ trợ lái xe điều khiển âm thanh góc rộng độ nét cao"
994210023517,auto,行车记录仪: title 'camera hành trình' ≠ description 'máy ghi âm lái xe',Camera hành trình WiFi bốn ống kính xuyên biên giới hiển thị đồng thời bốn chiều Camera hồng ngoại tầm nhìn ban đêm ống kính có thể xoay
944984766056,auto,行车记录仪: title 'máy ghi âm lái xe' ≠ description 'camera hành trình',Máy ghi âm lái xe xuyên biên giới mới 4K HD trước và sau màn hình 3.2 inch wifi nhìn ban đêm ống kính giám sát GPS
719391797510,auto,行车记录仪: title 'camera hành trình' ≠ description 'máy ghi âm lái xe',"Camera hành trình gương chiếu hậu ô tô mới với màn hình cảm ứng, camera kép độ nét cao, ghi hình video trước và sau, hình ảnh lùi xe 1080p"
948596985087,auto,行车记录仪: title 'camera hành trình' ≠ description 'máy ghi âm lái xe',"Camera hành trình giám sát đa năng Y109Y108 bốn camera, ghi hình 4 kênh, phổ biến quốc tế, với góc nhìn toàn cảnh 360 độ."
970244458651,auto,行车记录仪: title 'camera hành trình' ≠ description 'máy ghi âm lái xe',"Camera hành trình ghi hình ba kênh, tầm nhìn ban đêm HD, WIFI, giám sát bãi đậu xe ô tô, 1080P"
726574752419,auto,行车记录仪: title 'máy ghi âm lái xe' ≠ description 'máy ghi hình lái xe',Máy ghi âm lái xe tải giám sát bốn kênh 24v tầm nhìn ban đêm độ nét cao hình ảnh lùi xe buýt máy thu hoạch bsd máy đa năng
948868197195,auto,行车记录仪: title 'camera hành trình' ≠ description 'máy ghi âm lái xe',Camera hành trình 70mai M310Pro3K siêu nét 1620P tầm nhìn ban đêm WiFi độ nét cao mẫu mới 70mai
973783131247,auto,行车记录仪: title 'máy ghi hình lái xe' ≠ description 'camera hành trình',"Máy ghi hình lái xe 4K độ phân giải cao xuyên biên giới với ba ống kính, định vị GPS, ghi hình vòng lặp, tầm nhìn ban đêm, giám sát đỗ xe và gắn trên "
725737808258,auto,行车记录仪: title 'ghi hình lái xe' ≠ description 'camera hành trình',Mô hình tư nhân mới 4.5 inch gương chiếu hậu ghi hình lái xe HD 1080p trước và sau ống kính kép quay ngược hình ảnh bán buôn
660056080242,auto,行车记录仪: title 'máy ghi âm lái xe' ≠ description 'máy ghi hình lái xe',Máy ghi âm lái xe ô tô G30 Máy ghi âm lái xe ô tô dvr Xe ô tô Puqing Nhà sản xuất quà tặng xuyên biên giới
894559135574,auto,行车记录仪: title 'ghi âm lái xe' ≠ description 'máy ghi âm lái xe',Xuyên biên giới X5 Android màn hình lớn điều hướng USB ghi âm lái xe ADAS hỗ trợ lái xe cảnh báo chó điện tử 1080P
920756039806,auto,行车记录仪: title 'camera hành trình' ≠ description 'máy ghi âm lái xe',Camera hành trình 70 Mai M310Pro 3K 1620P Siêu rõ ràng Ánh sao nhìn đêm F1.55 khẩu độ lớn
821477244504,auto,行车记录仪: title 'máy ghi âm lái xe' ≠ description 'camera hành trình',Máy ghi âm lái xe 10 inch xuyên biên giới 4K trước và sau ghi âm kép WIFI toàn màn hình phát trực tuyến gương chiếu hậu HD
740214785514,auto,行车记录仪: title 'camera hành trình' ≠ description 'máy ghi âm lái xe',"Camera hành trình wifi ẩn, không cần dây, 4K, tích hợp giọng nói, gắn trên xe, camera kép độ nét cao phía trước và phía sau, hỗ trợ quay lùi"
810915770748,auto,行车记录仪: title 'máy ghi hình lái xe' ≠ description 'máy ghi âm lái xe',Máy ghi hình lái xe ba camera với hình ảnh lùi độ phân giải cao 1080P và ba ống kính 360 ° Giám sát bãi đỗ xe có thể điều chỉnh
679757256972,auto,行车记录仪: title 'máy ghi âm lái xe' ≠ description 'camera hành trình',Máy ghi âm lái xe 3 ống kính độ nét cao 1080p phía trước và phía sau xe video đồng thời nhiều ngôn ngữ WIFI
702824942967,auto,行车记录仪: title 'camera hành trình' ≠ description 'máy ghi hình lái xe',"5.5inch Camera hành trình có tầm nhìn ban đêm bằng ánh sáng sao, ghi hình kép phía trước và phía sau, màn hình 2.5D, ghi hình vòng lặp 1080P, hình ảnh"
950583131324,auto,行车记录仪: title 'camera hành trình' ≠ description 'máy ghi âm lái xe',Camera hành trình mẫu mới 10inch HD tầm nhìn ban đêm camera hành trình truyền phát trực tiếp gương chiếu hậu camera kép phía trước và phía sau
609794476481,auto,行车记录仪: title 'máy ghi âm lái xe' ≠ description 'camera hành trình',Máy ghi âm lái xe tầm nhìn ban đêm độ nét cao Hệ thống hỗ trợ lùi hình ảnh toàn cảnh 360 Hệ thống giám sát đỗ xe bốn chiều 3D
624091455579,auto,行车记录仪: title 'camera hành trình' ≠ description 'máy ghi âm lái xe',"Camera hành trình ô tô không dây wifi, ghi hình ban đêm độ nét cao, tích hợp USB, mẫu mới xuyên biên giới, có sẵn trong kho"
972863535512,auto,行车记录仪: title 'máy ghi hình lái xe' ≠ description 'máy ghi âm lái xe',"Máy ghi hình lái xe xuyên biên giới, hình ảnh lùi độ nét cao, máy ghi hình ô tô 3 ống kính, kết nối điện thoại di động, không cần dữ liệu"
818899028272,auto,行车记录仪: title 'máy ghi âm lái xe' ≠ description 'camera hành trình',Máy ghi âm lái xe xuyên biên giới K309 4K HD ống kính kép hồng ngoại quan sát ban đêm WiFi kết nối GPS camera xe hơi
684188689313,auto,行车记录仪: title 'máy ghi âm lái xe' ≠ description 'camera hành trình',Máy ghi âm lái xe 2 inch mới xuyên biên giới ba lần ghi ba ống kính 1080P HD trong xe bên trong và bên ngoài giám sát xe
681100657367,auto,行车记录仪: title 'máy ghi âm lái xe' ≠ description 'camera hành trình',Máy ghi âm lái xe ẩn 4 inch với kết nối điện thoại di động WIFI 1080P HD quan sát ban đêm ống kính kép hình ảnh lùi
991573186682,auto,行车记录仪: title 'máy ghi âm lái xe' ≠ description 'camera hành trình',"Máy ghi âm lái xe siêu nét 4K V22 phổ biến xuyên biên giới, ghi hình kép trước và sau, tích hợp WiFi/GPS, theo dõi quỹ đạo lái xe"
753391875705,auto,行车记录仪: title 'máy ghi âm lái xe' ≠ description 'camera hành trình',Nhà máy bán hàng trực tiếp máy ghi âm lái xe ẩn HD điều hướng Android máy ghi âm USB ADAS hỗ trợ chó điện tử
828553549001,auto,行车记录仪: title 'máy ghi hình lái xe' ≠ description 'camera hành trình',"Máy ghi hình lái xe ba ống kính với video hồng ngoại full HD 1080P phía trước, phía sau và bên trong, ghi hình video DVR trên ô tô A98 wifi"
683027758202,auto,行车记录仪: title 'ghi hình lái xe' ≠ description 'máy ghi âm lái xe',10 inch wifi kết nối điện thoại di động ghi hình lái xe Camera kép phía trước và phía sau HD nhìn ban đêm video đảo chiều phương tiện truyền thông
989840473316,auto,行车记录仪: title 'ghi âm lái xe' ≠ description 'máy ghi âm lái xe',AI thông minh mới ghi âm lái xe ba trong một phát sóng giọng nói tốc độ và thời gian tốc độ xe cảnh báo an toàn cực rõ 4K
940437730949,auto,行车记录仪: title 'ghi âm lái xe' ≠ description 'camera hành trình/máy ghi âm lái xe',Nhà máy bán chạy 5.5inch màn hình cảm ứng ghi âm lái xe 1080P ống kính kép phía trước và phía sau xuyên biên giới độ phân giải cao
752448654658,auto,行车记录仪: title 'máy ghi hình lái xe' ≠ description 'camera hành trình',"Máy ghi hình lái xe hình chữ U ẩn, kết nối wifi điện thoại di động, camera giám sát đỗ xe, thiết bị định vị ô tô, tầm nhìn ban đêm"
873915131576,auto,行车记录仪: title 'máy ghi âm lái xe' ≠ description 'camera hành trình',Máy ghi âm lái xe màn hình 3.0 inch mới xuyên biên giới HD 1080P băng video trước và sau video lùi hình ảnh giám sát đỗ xe
744276138375,auto,行车记录仪: title 'camera hành trình' ≠ description 'máy ghi âm lái xe',Bảng điều khiển trung tâm Android 13.0 camera hành trình HD nhìn ban đêm không dây CarPlay Android Auto màn hình chiếu Bluetooth F
780667279454,auto,行车记录仪: title 'camera hành trình' ≠ description 'máy ghi âm lái xe',"Camera hành trình mini ẩn với khả năng nhìn đêm độ nét cao, ghi hình vòng lặp, kết nối điện thoại di động, không cần lắp đặt."
995597670391,auto,行车记录仪: title 'camera hành trình' ≠ description 'máy ghi âm lái xe',"Camera hành trình 2026 mẫu mới, xuất khẩu Amazon, tầm nhìn ban đêm, độ nét cao, kết nối WIFI"
969911542059,auto,行车记录仪: title 'camera hành trình' ≠ description 'máy ghi âm lái xe',"Camera lùi ba ống kính WiFi S15 xuyên biên giới có chức năng ghi hình phía trước và phía sau, camera hành trình HD 1080P tầm nhìn ban đêm 3inch"
953836916432,auto,行车记录仪: title 'máy ghi âm lái xe' ≠ description 'camera hành trình',"Máy ghi âm lái xe ba ống kính 4K mới xuyên biên giới, tầm nhìn ban đêm góc rộng độ nét cao, kết nối điện thoại di động WIFI trên ô tô"
750947389836,auto,行车记录仪: title 'máy ghi âm lái xe' ≠ description 'máy ghi hình lái xe',Máy ghi âm lái xe xuyên biên giới M8 HD ống kính kép không dây WiFi hồng ngoại nhìn ban đêm Máy ghi âm xe 3M
777273109244,auto,行车记录仪: title 'ghi hình lái xe' ≠ description 'camera hành trình',"Hệ thống điều hướng Android, ghi hình lái xe USB, HD, chức năng hỗ trợ ADAS, ghi hình lái xe bán chạy quốc tế"
605877090983,auto,行车记录仪: title 'ghi hình lái xe' ≠ description 'camera hành trình',HD 1080P ba ghi âm wifi ghi hình lái xe ô tô dvr hồng ngoại nhìn đêm hình ảnh lùi xe giám sát xe
926377458380,auto,行车记录仪: title 'camera hành trình' ≠ description 'máy ghi âm lái xe',"Camera hành trình ba ống kính độ phân giải cao 1080P, hỗ trợ phát trực tuyến qua WiFi, tầm nhìn ban đêm, góc rộng, hỗ trợ camera lùi"
693114744403,auto,行车记录仪: title 'camera hành trình' ≠ description 'máy ghi âm lái xe',"Camera hành trình xuyên biên giới 1inch mới có màn hình, tầm nhìn ban đêm độ nét cao, giám sát đỗ xe, kết nối điện thoại di động, WIFI, loại ẩn"
709971580780,auto,行车记录仪: title 'máy ghi hình lái xe' ≠ description 'camera hành trình',"Máy ghi hình lái xe ẩn LF9 4K, ghi hình kép trước và sau, WiFi, tầm nhìn ban đêm, độ phân giải cao 1296P, giám sát đỗ xe 24 giờ"
703488149597,auto,行车记录仪: title 'máy ghi hình lái xe' ≠ description 'máy ghi âm lái xe',Máy ghi hình lái xe giám sát 4K siêu nét góc rộng V50V53V55wifi GPS tầm nhìn ban đêm ống kính kép A800S
997741434520,auto,行车记录仪: title 'máy ghi âm lái xe' ≠ description 'camera hành trình',Máy theo dõi trẻ em Gương cho bé Monitor2K Máy theo dõi trẻ em gắn trên ô tô Máy ghi âm lái xe độ phân giải cao
950985493991,auto,行车记录仪: title 'máy ghi hình lái xe' ≠ description 'máy ghi âm lái xe',"Máy ghi hình lái xe giám sát bốn ống kính Y108, độ phân giải cao 1080P, phía trước, bên trái, bên phải và phía sau xe, có hình ảnh lùi 2k"
994256988973,auto,行车记录仪: title 'máy ghi âm lái xe' ≠ description 'camera hành trình',Máy ghi âm lái xe ba ống kính 4K Ultra HD WiFi tầm nhìn ban đêm siêu trong xe 180 ° Mắt cá 4K+1K+1K
580484419418,auto,行车记录仪: title 'camera hành trình' ≠ description 'ghi hình lái xe',"Camera hành trình Audi A6L/A3/A4L/Q5L/Q3/Q4 không cần đấu dây, ghi hình kép độ nét cao 4K, hàng chính hãng."
866020993116,auto,行车记录仪: title 'máy ghi hình lái xe' ≠ description 'camera hành trình',"Gương chiếu hậu phát video trực tuyến, máy ghi hình lái xe, camera lùi ô tô hai ống kính độ nét cao, màn hình cảm ứng toàn màn hình 10inch độ phía trư"
776278697386,auto,行车记录仪: title 'camera hành trình' ≠ description 'máy ghi âm lái xe',"Camera hành trình 5K màn hình lớn 11,3 inch bảng điều khiển trung tâm carplay Android Auto màn hình chiếu 1080P lùi BT"
855394224119,auto,行车记录仪: title 'camera hành trình' ≠ description 'máy ghi âm lái xe',"Camera hành trình giám sát bãi đỗ xe quay video theo thời gian trôi nhanh, tích hợp tầm nhìn ban đêm độ nét cao, kết nối WIFI không dây, kết nối điện "
915830021951,auto,行车记录仪: title 'máy ghi âm lái xe' ≠ description 'camera hành trình',Máy ghi âm lái xe 70 Mai A510 Máy ghi âm lái xe mới 2024 Máy ghi âm lái xe giám sát đỗ xe 24 giờ
852078550708,auto,行车记录仪: title 'máy ghi hình lái xe' ≠ description 'ghi hình lái xe',"Máy ghi hình lái xe mẫu mới 2025, không dây, siêu nét, kết nối điện thoại di động WIFI, máy ghi hình đa năng với chức năng giám sát khi đỗ xe"
820994997846,auto,行车记录仪: title 'ghi hình lái xe' ≠ description 'camera hành trình/máy ghi âm lái xe',Gương chiếu hậu ô tô ghi hình lái xe HD trước và sau ghi kép giám sát đỗ xe
982215982740,auto,行车记录仪: title 'ghi âm lái xe' ≠ description 'camera hành trình',Gương chiếu hậu ô tô ghi âm lái xe phía trước và phía sau ghi âm đơn và đôi 1080p với hình ảnh lùi DVR ô tô máy đa năng
852394758199,auto,行车记录仪: title 'máy ghi âm lái xe' ≠ description 'camera hành trình',Máy ghi âm lái xe xuyên biên giới tầm nhìn ban đêm độ phân giải cao mới phía trước và phía sau ghi hình kép WiFi khung cốc hút giám sát không dây cố đ
1001541528697,auto,行车记录仪: title 'máy ghi âm lái xe' ≠ description 'máy ghi hình lái xe',Máy ghi âm lái xe ba ống kính 1080P xuyên biên giới Kết nối điện thoại di động WiFi 2inch đầu ghi xe màn hình độ phân giải cao
1000366568946,auto,行车记录仪: title 'camera hành trình' ≠ description 'máy ghi âm lái xe',"Camera hành trình Toyota Avalon nguyên bản, không cần dây, lắp đặt không mất dữ liệu, độ phân giải 4K siêu nét, tầm nhìn ban đêm, model 2024"
680870972076,auto,行车记录仪: title 'camera hành trình' ≠ description 'máy ghi hình lái xe',A68 ghi hình kép 3inch kênh camera hành trình 1080P tầm nhìn ban đêm độ phân giải cao máy ghi hình ô tô hd dvr xe hơi
991947726539,auto,行车记录仪: title 'máy ghi âm lái xe' ≠ description 'camera hành trình',25 Máy ghi âm lái xe Dongfeng Nano 06 chuyên dụng cho bản ghi âm kép phía trước và phía sau ẩn độ phân giải cực cao 4k nguyên bản không cần nối dây
997154459564,auto,行车记录仪: title 'camera hành trình' ≠ description 'máy ghi hình lái xe',6.5inch Gương chiếu hậu điện tử điểm mù Camera lùi độ phân giải cao 2K Camera hành trình bán chạy xuyên biên giới 1080P nhà máy
985843337753,auto,行车记录仪: title 'camera hành trình' ≠ description 'máy ghi âm lái xe',"Camera hành trình 70mai A810 Pro 4K siêu nét, ghi hình kép trước và sau, giám sát đỗ xe, mẫu mới 2025, không dây"
855379300935,auto,行车记录仪: title 'máy ghi hình lái xe' ≠ description 'camera hành trình',"Máy ghi hình lái xe CEC, gương chiếu hậu ô tô, ghi hình kép phía trước và phía sau, tầm nhìn ban đêm độ nét cao, camera kép, ghi hình vòng lặp hình ản"
862602069480,auto,行车记录仪: title 'camera hành trình' ≠ description 'máy ghi âm lái xe',"Mẫu camera hành trình HiSilicon mới với khả năng ghi hình video độ nét cao 4K không cần dây, thiết bị ghi hình giám sát từ xa 24/24, tùy chỉnh PCBA."
853490813820,auto,行车记录仪: title 'camera hành trình' ≠ description 'máy ghi âm lái xe',"Camera hành trình đa phương tiện 4K 10inch stream mới với tầm nhìn ban đêm, điều khiển bằng giọng nói, hỗ trợ tránh va chạm ADAS, kết nối điện thoại d"
923640226887,auto,行车记录仪: title 'camera hành trình' ≠ description 'máy ghi âm lái xe',"Camera hành trình 4K độ nét cao đa năng, tích hợp ba ống kính, định vị GPS, ghi hình vòng lặp, tầm nhìn ban đêm, thiết bị giám sát đỗ xe cho xe cộ."
850507463548,auto,行车记录仪: title 'camera hành trình' ≠ description 'máy ghi âm lái xe',"Camera hành trình hai ống kính, kết nối điện thoại di động qua WIFI, độ phân giải 4K siêu nét, tích hợp định vị GPS, giám sát đỗ xe, xuyên biên giới."
667649284425,auto,行车记录仪: title 'camera hành trình' ≠ description 'ghi hình lái xe',"Camera hành trình USB chuyên dụng cho ô tô, tích hợp dẫn đường AR thời gian thực, độ phân giải cao 1080P, tầm nhìn ban đêm, màn hình lớn Android."
973949313939,auto,行车记录仪: title 'máy ghi hình lái xe' ≠ description 'camera hành trình',"Máy ghi hình lái xe 4K xuyên biên giới với khả năng ghi hình camera phía trước, phía sau và camera thứ ba, màn hình độ phân giải cao 2inch độ, kết nối"
985440614500,auto,行车记录仪: title 'camera hành trình' ≠ description 'máy ghi âm lái xe',"Camera hành trình hai trong một VG3 bán trực tiếp từ nhà máy, tích hợp radar phát hiện tốc độ gắn trên xe, hỗ trợ hai ngôn ngữ Anh và Nga"
762133674113,auto,行车记录仪: title 'máy ghi âm lái xe' ≠ description 'ghi âm lái xe',Điều hướng màn hình thông minh trên ô tô 10.26 Máy ghi âm lái xe Android Apple Máy ghi âm lái xe Carplay
752229368059,auto,行车记录仪: title 'camera hành trình' ≠ description 'máy ghi âm lái xe',"Camera hành trình video toàn cảnh 360 độ Y994 4-lens cho trong và ngoài xe, phía trước, phía sau, trái, phải, 3inch HD 108"
944727720644,auto,行车记录仪: title 'máy ghi hình lái xe' ≠ description 'máy ghi âm lái xe',Máy ghi hình lái xe máy 4k độ nét cao ngoài trời chống nước chống rung xe điện máy ghi hình đi xe máy còn hàng
998845474250,auto,行车记录仪: title 'ghi âm lái xe' ≠ description 'máy ghi âm lái xe',Toyota Camry đặc biệt ghi âm lái xe không mất kết nối giấu dây lắp đặt độ phân giải cực cao 4K
997952131808,auto,行车记录仪: title 'máy ghi âm lái xe' ≠ description 'camera hành trình',Máy ghi âm lái xe chuyên dụng Toyota RAV4 nguyên bản độ phân giải cao ẩn không dây cài đặt chế độ thám phòng camera kép
977344978029,auto,行车记录仪: title 'ghi âm lái xe' ≠ description 'camera hành trình',9.6inch ghi âm lái xe toàn màn hình phát trực tuyến Tầm nhìn ban đêm độ phân giải cao 4K phía trước và phía sau ghi hình kép đảo ngược hình ảnh giám s
864520859272,auto,行车记录仪: title 'máy ghi âm lái xe' ≠ description 'camera hành trình',Wifi kết nối son môi máy ghi âm lái xe máy ghi âm USB ẩn không màn hình lưu trữ ngoại thương xuyên biên giới
867166380345,auto,行车记录仪: title 'máy ghi âm lái xe' ≠ description 'camera hành trình',Zero Run C11 Máy ghi âm lái xe T03 chuyên dụng C01 Máy ghi âm lái xe ẩn phạm vi mở rộng 4K siêu rõ nét
848506556433,auto,行车记录仪: title 'máy ghi âm lái xe' ≠ description 'camera hành trình',Máy ghi âm lái xe ban đêm siêu cao 2K phía trước và phía sau 4K xuyên biên giới 3 inch WIFI điện thoại di động kết nối giám sát đỗ xe
824700342437,auto,行车记录仪: title 'máy ghi hình lái xe' ≠ description 'camera hành trình',Máy ghi hình lái xe wifi mới 1.47inch màn hình nhỏ 1080P độ phân giải cao Màn hình điều hướng đỗ xe 24 giờ GPS
999534264731,auto,行车记录仪: title 'camera hành trình' ≠ description 'máy ghi âm lái xe',"Camera hành trình 4 kênh mẫu mới 2026, độ phân giải 5K siêu nét, điều khiển bằng giọng nói, WIFI, hình ảnh toàn cảnh, chế độ giám sát, góc rộng"
904467768108,auto,行车记录仪: title 'máy ghi âm lái xe' ≠ description 'camera hành trình',Máy ghi âm lái xe tầm nhìn ban đêm độ nét cao xuyên biên giới 4 ống kính 4 ghi âm trước và sau xe ghi âm kép WIFI kết nối điện thoại di động 1080P
876955205483,auto,行车记录仪: title 'ghi âm lái xe' ≠ description 'máy ghi âm lái xe',Bán chạy xuyên biên giới mới ống kính đơn 1080p HD nhìn đêm xe không dây WIFI ghi âm lái xe bán buôn
942860042254,auto,行车记录仪: title 'máy ghi âm lái xe' ≠ description 'camera hành trình',Máy ghi âm lái xe xuyên biên giới 4K Camera kép phía trước và phía sau Wifi tầm nhìn ban đêm độ phân giải cực cao Giám sát đỗ xe 24H GPS hình ảnh đảo 
992331612868,auto,行车记录仪: title 'camera hành trình' ≠ description 'máy ghi âm lái xe',"Camera hành trình chuyên dụng Chery Tiggo 9x, loại ẩn độ phân giải cao 4K chính hãng, lắp đặt không dây, dành cho Tiggo 9 mẫu mới 2026."
630715304024,auto,行车记录仪: title 'máy ghi âm lái xe' ≠ description 'camera hành trình',Máy ghi âm lái xe 4 inch Mới phía trước và phía sau máy ghi âm ẩn HD 1296P hình ảnh lùi xe
875867913670,auto,行车记录仪: title 'ghi hình lái xe' ≠ description 'máy ghi âm lái xe',"Camera ghi hình lái xe không dây xuyên biên giới, camera nhìn đêm không dây, hình ảnh lùi xe độ nét cao dành cho xe buýt, xe tải và xe RV"
681129536272,auto,行车记录仪: title 'camera hành trình' ≠ description 'máy ghi âm lái xe',"Camera hành trình không dây kiểu son môi, độ phân giải 2K, kết nối WiFi với điện thoại di động, camera hành trình giấu kín"
891106465793,auto,行车记录仪: title 'máy ghi âm lái xe' ≠ description 'camera hành trình',"Máy ghi âm lái xe toàn cảnh 360 mẫu nổ 2024, chế độ lính canh, giám sát đỗ xe 24 giờ"
655169630914,auto,行车记录仪: title 'ghi hình lái xe' ≠ description 'máy ghi âm lái xe',"Taxi, dịch vụ gọi xe, thương mại điện tử xuyên biên giới, camera ghi hình lái xe, phía trước, nội thất, phía sau, độ phân giải cao 1080P"
531298385250,auto,行车记录仪: title 'máy ghi âm lái xe' ≠ description 'camera hành trình',"Máy ghi âm lái xe hai trong một VG3 bán chạy xuyên biên giới, đồng hồ tốc độ radar xe hơi kỹ thuật số, song ngữ Anh-Nga"
913165440791,auto,行车记录仪: title 'máy ghi âm lái xe' ≠ description 'camera hành trình',"Thiết bị video ô tô định vị 4G, máy ghi âm kép phía trước và phía sau, máy ghi âm lái xe độ nét cao camera kép tích hợp"
749364410345,auto,行车记录仪: title 'camera hành trình' ≠ description 'máy ghi âm lái xe',"Camera hành trình 70mai 4K siêu nét A810 ghi hình kép trước sau, góc rộng 150 độ, tầm nhìn ban đêm rõ nét, tích hợp ADAS"
828310718869,electronics,充电宝: title 'sạc dự phòng' ≠ description 'pin dự phòng',Sạc dự phòng từ tính đi kèm với sạc không dây có dây magsafe mini chia sẻ sạc nhanh sạc dự phòng di động
854394048701,electronics,充电宝: title 'sạc dự phòng' ≠ description 'pin dự phòng',"Sạc dự phòng dung lượng lớn 20000mAh, quà tặng xuyên biên giới, bán buôn, in logo tùy chỉnh, thiết bị cấp nguồn di động cầm tay"
857272497695,electronics,充电宝: title 'sạc dự phòng' ≠ description 'pin dự phòng',"Sạc dự phòng di động bán buôn xuyên biên giới, tích hợp cáp, dung lượng lớn 20000mAh, nhỏ gọn và tiện lợi, có thể tùy chỉnh logo."
793979721304,electronics,充电宝: title 'sạc dự phòng' ≠ description 'pin dự phòng',"Sạc dự phòng năng lượng mặt trời đạt chứng nhận 3C, dung lượng siêu lớn 20000mAh, kèm cáp, nhỏ gọn và tiện lợi, bán buôn."
889148605320,electronics,充电宝: title 'sạc dự phòng' ≠ description 'pin dự phòng',"Cung cấp độc quyền xuyên biên giới: Sạc dự phòng mini tích hợp cáp bốn dây, sạc dự phòng di động 20000mAh có LOGO, dung lượng lớn."
940933055181,electronics,充电宝: title 'sạc dự phòng' ≠ description 'pin dự phòng',"Sạc dự phòng từ tính Magsafe xuyên biên giới, dung lượng lớn, nhỏ gọn, sạc dự phòng không dây di động, nguồn điện di động tùy chỉnh logo"
833095572827,electronics,充电宝: title 'sạc dự phòng' ≠ description 'pin dự phòng',"Sạc dự phòng dung lượng lớn 50.000 mAh, sạc nhanh 22.5W, đa cổng, màn hình kỹ thuật số, sử dụng ngoài trời, mã U50000, có sẵn hàng quốc tế."
695491576023,electronics,充电宝: title 'sạc dự phòng' ≠ description 'pin dự phòng',"Sạc dự phòng Remax phong cách retro tích hợp cáp, dung lượng 10000 mAh, sạc nhanh, nguồn điện di động, tùy chỉnh 3C"
891822088162,electronics,充电宝: title 'sạc dự phòng' ≠ description 'pin dự phòng',"Sạc dự phòng 66W sạc nhanh tích hợp cáp, dung lượng lớn 20000mAh, in logo tùy chỉnh, nhỏ gọn và siêu mỏng"
896728246954,electronics,充电宝: title 'sạc dự phòng' ≠ description 'pin dự phòng',"Quà tặng bán buôn xuyên biên giới có tích hợp sạc dự phòng, dung lượng lớn 20.000 mAh, nguồn điện di động tiện lợi, in logo tùy chỉnh"
857836925857,electronics,充电宝: title 'sạc dự phòng' ≠ description 'pin dự phòng',"Sạc dự phòng di động xuyên biên giới tích hợp cáp, dung lượng lớn 20000mAh, nguồn điện di động, bán buôn, tùy chỉnh logo, pin lithium."
825658266210,electronics,充电宝: title 'sạc dự phòng' ≠ description 'pin dự phòng',"Sạc dự phòng 20000mAh xuyên biên giới tích hợp cáp sạc nhanh, nguồn điện di động dung lượng lớn, quà tặng doanh nghiệp in logo theo yêu cầu."
900339252180,electronics,充电宝: title 'sạc dự phòng' ≠ description 'pin dự phòng',"Sạc dự phòng 100.000mAh 66W dung lượng lớn, tích hợp cáp, nguồn điện di động siêu dung lượng, bán buôn xuyên biên giới"
908036279773,electronics,充电宝: title 'sạc dự phòng' ≠ description 'pin dự phòng',"Sạc dự phòng mini 20000 mAh đạt chứng nhận 3C, tích hợp cáp, nguồn điện di động nhỏ gọn, USB, dung lượng siêu lớn, tiện lợi."
822392136047,electronics,充电宝: title 'sạc dự phòng' ≠ description 'pin dự phòng',Pin sạc dự phòng 60 000 mAh 100W sạc siêu nhanh siêu dung lượng sạc máy tính xách tay sạc nhanh nguồn điện di động
800564422002,electronics,充电宝: title 'sạc dự phòng' ≠ description 'pin dự phòng',"Sạc dự phòng mini phổ biến tích hợp cáp 20000 mAh, nhỏ gọn và tiện lợi, in logo bán sỉ"
871287826647,electronics,充电宝: title 'sạc dự phòng' ≠ description 'pin dự phòng',"【Thương hiệu 3C】Sạc dự phòng 20.000 mAh sạc nhanh, có thể tùy chỉnh logo, tích hợp cáp, nguồn điện di động nhỏ gọn tiện lợi"
841030396865,electronics,充电宝: title 'sạc dự phòng' ≠ description 'pin dự phòng',Bán buôn 3c120W siêu sạc nhanh pin sạc dự phòng 20000 mAh dung tích lớn sạc nhanh hai chiều điện thoại di động nguồn điện thông dụng
925158856394,electronics,充电宝: title 'sạc dự phòng' ≠ description 'pin dự phòng',Hộp đựng cơ khí trong suốt sáng tạo 50000 mAh sạc nhanh pin sạc dự phòng phát sóng trực tiếp nguồn điện di động dung lượng lớn
776309070187,electronics,充电宝: title 'sạc dự phòng' ≠ description 'pin dự phòng',"Sạc dự phòng 3C đạt chuẩn, sạc nhanh, dung lượng lớn 10.000 mAh, kèm cáp, in logo theo yêu cầu."
813131801201,shoes,老爹鞋: title 'chunky' ≠ description 'giày bố',Giày chunky sneaker thoáng khí hai mặt lưới nhẹ đế dày mẫu xuân thu mới 2024
738396835235,shoes,老爹鞋: title 'chunky' ≠ description 'giày bố',"Giày Chunky Mori, giày nữ cao thoáng khí thể thao phong cách Tây thời trang phong cách Hàn"
974558093529,shoes,老爹鞋: title 'dad' ≠ description 'giày bố',"Giày dad shoes đế dày đa năng, thời thượng dành cho nữ, giày tăng chiều cao giúp chân trông thon gọn hơn, giày thể thao đế xuồng mùa xuân/hè 2026 mới."
823438090641,shoes,老爹鞋: title 'dad' ≠ description 'giày bố',"Giày dad đế dày nữ, mẫu mới xuân 2026, đính đá thời trang, giày tăng chiều cao nữ, giày thể thao đa năng, phong cách casual."
964004529653,shoes,老爹鞋: title 'dad' ≠ description 'giày bố',"Giày thời thượng năm 2026: giày dad shoes nữ mới, mẫu hot mùa xuân thu, giày thể thao nữ đế dày tăng chiều cao, nhẹ nhàng, phong cách casual."
997296650699,shoes,老爹鞋: title 'dad' ≠ description 'giày bố',"Giày dad shoes hot trend đế dày, tăng chiều cao ẩn, giày thể thao nữ thời trang, kiểu dáng platform mới xuân hè 2026, lót lông cừu và dày dặn."
783524664244,shoes,老爹鞋: title 'chunky' ≠ description 'giày bố',Giày nam giày chunky trào lưu tăng chiều cao đế dày thoáng khí dễ phối mẫu mới giày thể thao chạy bộ thường ngày mùa xuân
895767414015,shoes,老爹鞋: title 'chunky' ≠ description 'giày bố',Giày chunky sneaker đế dày toàn cầu giày nam mẫu mùa xuân ZHQ5663-3 nam giày thể thao nam tăng chiều cao dễ phối
944092026518,shoes,老爹鞋: title 'chunky' ≠ description 'giày bố',Giày chunky sneaker cho nữ giày nữ cùng kiểu với Zhao Lusi tăng chiều cao mẫu mới 2025 giày thể thao thường ngày đế dày nhỏ lộ chân nhẹ nhàng sành điệ
843534611951,shoes,老爹鞋: title 'chunky' ≠ description 'giày bố',Giày chunky sneaker phong cách Hồng Kông giày thể thao tăng chiều cao đế dày dễ phối thường ngày cho thanh thiếu niên cảm giác cao cấp thương hiệu thờ
901983740116,shoes,老爹鞋: title 'chunky' ≠ description 'giày bố',Giày chunky màu tím phổ biến năm nay dành cho nữ năm 2025 mẫu mới tăng chiều cao đế dày tất cả các kết hợp giày thể thao thường ngày
870116626154,shoes,老爹鞋: title 'chunky' ≠ description 'giày bố',Giày thể thao nhẹ nhàng đế mềm chiến binh đen giày nữ giày chunky đen sành điệu instagram giày chạy bộ mặt lưới thoáng khí mùa thu
890654620130,shoes,老爹鞋: title 'chunky' ≠ description 'giày bố',Giày chunky sneaker sành điệu quốc gia thương hiệu sành điệu giày nam mẫu mới mùa xuân 2025 giày thể thao thường ngày tăng chiều cao đế dày thêu in ho
812961366449,shoes,老爹鞋: title 'chunky' ≠ description 'giày bố',Giày Chunky sneaker thoáng khí mặt lưới đôi giày thể thao tăng chiều cao thon gọn mẫu xuân thu mẫu mới 2024 mẫu mới đế dày đế mềm nhẹ
901798551480,shoes,老爹鞋: title 'dad' ≠ description 'giày bố',"Giày dad shoes đế dày đa năng, thời thượng dành cho nữ, tăng chiều cao cho người nhỏ nhắn, mẫu giày thể thao casual màu bạc siêu hot xuân hè 2026."
973390123791,bags,拉杆箱: title 'vali xe đẩy' ≠ description 'xe đẩy',"20inch Vali xách tay bằng hợp kim nhôm-magie hoàn toàn bằng nhôm của Đức dành cho nam và nữ, bán buôn vali xe đẩy hành lý dành cho doanh nhân, hợp kim"
867685998116,bags,拉杆箱: title 'vali xe đẩy' ≠ description 'xe đẩy',"Vali xe đẩy bằng hợp kim nhôm magiê hoàn toàn của Đức có bánh xe đa năng im lặng, vali khóa kết hợp dành cho nam cỡ 26 inch, khung nhôm, vali xách tay"
994188984384,bags,拉杆箱: title 'vali kéo' ≠ description 'vali xe đẩy',"Bộ vali kéo PP 6 món có khóa kéo chống nổ, bánh xe đa hướng, vali du lịch, hộp đựng hành lý, vali xách tay."
897099794076,bags,拉杆箱: title 'vali xe đẩy' ≠ description 'vali kéo/xe đẩy',Vali của cô dâu trong đám cưới 26inch vali du lịch vali xe đẩy vali màu đỏ 28inch vali cho đám cưới
892535561704,bags,双肩包: title 'ba lô' ≠ description 'túi đeo vai',Ba lô nam công sở cao cấp đi làm ba lô nam công sở công suất lớn đi công tác ba lô máy tính đa chức năng đường ngắn
901679337066,bags,双肩包: title 'balo' ≠ description 'ba lô',"Balo nữ sinh viên đại học, balo phong cách rừng xanh, balo thời trang mới dung tích lớn, balo nhẹ"
895198085382,bags,双肩包: title 'balo' ≠ description 'ba lô',Balo du lịch đa chức năng nhẹ tiện dụng mẫu mới phong cách nữ thêu hình thoi
965572010774,bags,双肩包: title 'balo' ≠ description 'ba lô',"Túi du lịch da mềm dành cho nữ, mẫu mới 2026, thời trang, cá tính, đa năng, balo đa dụng, túi xách nữ thời thượng."
812252982833,beauty,补水: title 'cấp ẩm' ≠ description 'dưỡng ẩm',"Son dưỡng môi dạng thạch Gege Bear, cấp ẩm và dưỡng môi, son bóng trong suốt dùng trước khi trang điểm"
825440415989,beauty,补水: title 'cấp ẩm' ≠ description 'dưỡng ẩm',"Mặt nạ dưỡng trắng, cấp ẩm, làm mềm da Kaimo hyaluronic acid dạng bột đông khô bán chạy trên TikTok, bán buôn từ nhà máy, có sẵn trong kho."
904615826757,beauty,补水: title 'cấp ẩm' ≠ description 'dưỡng ẩm',"Mặt nạ dưỡng da, làm trắng, chống nhăn, trị thâm, cấp ẩm, dưỡng chất, săn chắc da, chuyên dụng cho spa, dạng gói, đóng hộp, sản xuất bởi nhà máy."
684137901168,beauty,补水: title 'cấp ẩm' ≠ description 'dưỡng ẩm',"Mặt nạ bột đông khô Jiu Xi với Peptide đồng xanh giúp cấp ẩm, được thiết kế đặc biệt cho phụ nữ mang thai có da dễ bị mụn và da nhạy cảm, phục hồi vết"
922941485355,beauty,面膜: title 'mask' ≠ description 'mặt nạ',"Fykly Rose Chamomile Flower Mask Dưỡng ẩm, dưỡng ẩm, làm dịu, đàn hồi và cải thiện làn da xỉn màu Y3566"
623398595649,beauty,面膜: title 'mask' ≠ description 'mặt nạ',"Baby Country Angel Baby Silk Mask 10 miếng Dưỡng ẩm, dưỡng ẩm, dưỡng ẩm và làm sáng màu da"
682373103121,beauty,面膜: title 'mask' ≠ description 'mặt nạ',Bingju Hyaluronic Acid Firming Moisturizing Mask Essence Dưỡng ẩm cho da khô Sản phẩm chăm sóc da Bán buôn mỹ phẩm
673191852582,beauty,面膜: title 'mặt nạ' ≠ description 'mask',"Mặt nạ gel lô hội dưỡng ẩm Boquanya miếng làm mới, không dính, dưỡng ẩm, dưỡng ẩm, ngủ, không rửa mặt"
942564537617,beauty,面膜: title 'mặt nạ' ≠ description 'mask',EQED collagen mặt nạ chăm sóc da mặt dưỡng ẩm đồng xanh peptide phục hồi mặt nạ chống lại đôi sản phẩm chăm sóc da unisex
680926219885,beauty,面膜: title 'mask' ≠ description 'mặt nạ',"Bei Lingmei Original B5 Centella Snow Grass Essence Rejuvenating Mask Dưỡng ẩm và dưỡng ẩm Cải thiện làn da, dưỡng ẩm và mềm mại"
842224309160,beauty,面膜: title 'mask' ≠ description 'mặt nạ',Cung cấp trực tiếp chính thức DR.ALVA Probiotic Dr. Aier Mask Thức khuya để sơ cứu Freda Aier 2.0 Centella Sexuegrass
838352199616,beauty,面膜: title 'mask' ≠ description 'mặt nạ',KISSMWAH Qinrun Essence Mask Đóng hộp Dưỡng ẩm Dưỡng ẩm Làm sạch da Nhà sản xuất chăm sóc da mặt Bán buôn
909518230863,beauty,面膜: title 'mask' ≠ description 'mặt nạ',Jingchun Secret Collagen Sleeping Mask Lười dùng một lần vào ban đêm để cải thiện việc thức khuya bán buôn xỉn màu và làm sáng da
628175294027,beauty,面膜: title 'mask' ≠ description 'mặt nạ',Mousse Girl Chamomile Moisturizing Mask Dưỡng ẩm và dưỡng ẩm cho nam và nữ
900242177712,beauty,面膜: title 'mask' ≠ description 'mặt nạ',"Quadi CT50 Kinetic Support Light Age Mask 5 miếng Làm dịu và nhạy cảm, làm mờ các đường khô, miếng dán phục hồi săn chắc chống nhăn"
681526606500,beauty,面膜: title 'mask' ≠ description 'mặt nạ',Bisutang Snail Mask Dưỡng ẩm Dưỡng ẩm Dưỡng ẩm Trẻ hóa Kem Dưỡng ẩm Một mảnh Sản phẩm chăm sóc da Nhà sản xuất Bán buôn
