kieu_lech,product_id,category,name_zh,val_zh,val_vi
dao_thu_tu,747101810334,bags,颜色,"黑色P3710NHDZ, 黑色P3768LH, 黑色P3824LH, 黑色P3830LH, 深蓝色3828LLZ, 黑色M3602THDZ, 黑色P3573LH, 黑色P3769NH, 黑色P3829LH, 黑色P3737NHZ, 黑色P3771NH, 黑色P3712THDZ, 黑色M3613THZ, 黑色P3774NHZ, 黑色P3742VHZ, 黑色3782THZ, 有LOGO黑色3765NHZ, 黑色P3580THZ, 黑色P3035X, 黑色P3576THZ, 黑色M3784TH, 黑色3783THZ, 黑色P3802THZ, 黑色P6709LH","黑色M3602THDZ, Màu đen P3710KHZ, Màu đen P3768LH, Đen P3824LH, P3830LH màu đen, Màu xanh đậm 3828LLZ, Màu đen P3573LH, Màu đen P3769NH, Đen P3829LH, Màu đen P3737NHZ, Màu đen P3771NH, Màu đen P3712THDZ, M3613THZ màu đen, Màu đen P3774NHZ, Màu đen P3742VHZ, Đen 3782THZ, Có LOGO đen 3765NHZ, Màu đen P35"
so_bi_doi_hoac_mat,993923060025,bags,尺寸,"22寸（1027-1）, 24寸（1027-1）, 26寸（1027-2）, 28寸（1027-3）, 30寸（1027-3）, 32寸（1027-4）, 34寸（1027-4）, 36寸（1027-5）, 38寸（1027-5）, 40寸（1027-5）, 50寸（1027-5）","22inch (1027-10), 24inch (1027-10), 26inch (1027-2), 28inch (1027-3), 30inch (1027-3), 32inch (1027-4), 34inch (1027-4), 36inch (1027-5), 38inch (1027-5), 40inch (1027-5), 50inch (1027-5)"
so_bi_doi_hoac_mat,1000156982508,bags,尺寸,"20寸plus加厚设计【37分增大容量50%同样尺寸更大容量+双层防爆拉链】, 22寸托运箱plus加厚设计【37分增大容量50%同样尺寸更大容量+双层防爆拉链】, 24寸托运箱plus加厚设计【37分增大容量50%同样尺寸更大容量+双层防爆拉链】, 26寸托运箱plus加厚设计【37分增大容量50%同样尺寸更大容量+双层防爆拉链】","20inch Thiết Kế Dày Dặn Hơn [Dung Tích Lớn Hơn 37%, Cùng Kích Cỡ, Thêm Không Gian + Khóa Kéo Chống Nổ Hai Lớp], 22inch Hộp vận chuyển cộng với thiết kế dày [37 điểm tăng sức chứa lên 50%, cùng kích thước, sức chứa lớn hơn + dây kéo chống cháy nổ hai lớp], 24inch Hộp vận chuyển cộng với thiết kế dày "
dao_thu_tu,560664768701,beauty,产品规格,"乳液100ml, 爽肤水130ml, 嫩肤面霜60g, 泊泉雅蜗牛修护弹嫩精华霜50g","泊泉雅蜗牛修护弹嫩精华霜50g, Kem Dưỡng Da 100ml, Mực 130ml, Kem trẻ hóa da 60g"
so_bi_doi_hoac_mat,638654924783,beauty,颜色,"6102-1号姨妈色, 6102-2号西柚红, 6102-3号想你色, 6102-4号珊瑚红, 6102-5号豆沙色, 6102-6号紫调豆沙, 6102-7号鎏金色, 6102-8号奶茶色, 6102-9号小辣椒色, 6102-10号999正红色, 6102-11号奶橘色","6102-màu Dì số 1, 6102-2 bưởi đỏ, 6102-3 nhớ bạn, 6102-4 San Hô Đỏ, 6102-5 màu đậu, Bột đậu màu tím số 6102, 6102-số 7 màu vàng, 6102-8 màu trà sữa, 6102-9 màu Ớt nhỏ, 6102-Số 10 999 Đỏ, Màu Cam Sữa số 6102"
so_bi_doi_hoac_mat,964253747515,fashion,尺码,"155-160/84-88【80-90斤】, 165-170/84-88【90-100斤】, 165-170/92-96【100-120斤】, 165-170/100【120-140斤】, 175/84-88【90-110斤】, 175/92-96【110-130斤】, 175/100【130-150斤】, 175/104-108【150-170斤】, 180-185/92-96【120-140斤】, 180-185/100【140-160斤】, 180-185/104-108【160-180斤】, 190/112-116【180-210斤】","155-160/84-88【 40-45kg 】phù hợp với, 165-170/84-88 [ 45-50kg năm ], 165-170/92-96 [ 50-60kg ], 165-170/100 [ 60-70kg ], 175/84-88【 45-55kg 】bạn, 175/92-96【 55-65kg cỡ】, 175/100【 65-75kg 】bạn, 175/104-108【 75-85kg 】có sẵn, 180-185/92-96 [180-185/92-96], 180-185/100 [ 70-80kg ], 180-185/104-108【 80-90"
so_bi_doi_hoac_mat,998503508887,food,包装规格,"（升级版）沙苑子菟丝子七宝茶30包, （升级版）沙苑子菟丝子七宝茶60包, （升级版）沙苑子菟丝子七宝茶90包, （升级版）沙苑子菟丝子七宝茶120包, （低配版）沙苑子菟丝子五宝茶15包, 26味顶配珍材【25包】经典蓄力, 26味顶配珍材【50包】 且长且硬（赠送精品鲜人参1支）, 26味顶配珍材【100包】直到天亮（赠送精品鲜人参3支）","(Phiên bản nâng cấp) Trà bảy kho báu Shayuanzi Cuscuta 30 túi, (Phiên bản nâng cấp) Trà bảy kho báu Shayuanzi Cuscuta 60 túi, (Phiên bản nâng cấp) Shayuanzi Cuscuta Seven Treasures Tea 90 túi, (Phiên bản nâng cấp) Trà Shayuanzi Cuscuta Qibao 120 túi, (Phiên bản thấp) Trà Shayuanzi Cuscuta Five Treas"
so_bi_doi_hoac_mat,1059323301982,food,包装规格,"玫瑰乌龙茶每1小包3g【发20包】, 玫瑰乌龙茶每1小包3g【发30包】, 玫瑰乌龙茶每1小包3g【发50包】","Trà ô long hoa hồng, mỗi gói nhỏ 3g [Giao 20 gói], Trà ô long hoa hồng, mỗi gói nhỏ 3g [Giao 30 gói], Trà ô long hoa hồng, mỗi gói nhỏ 3g [Giao 50 gói]"
dao_thu_tu,928974651826,food,包装规格,"30g 珍藏铁盒品鉴装【6泡】, 90g 2014珍藏铁盒3盒共18泡, 180g 2014珍藏铁盒发一条, 360g 2014珍藏铁盒共两条+礼袋, 原箱整件30条+15个礼袋","原箱整件30条+15个礼袋, Hộp trà cao cấp 30g [6 lần pha], Hộp sắt sưu tập 90g 2014 3 hộp tổng 18 bong bóng, Hộp sắt sưu tập 180g 2014 gửi một, Hộp sắt bộ sưu tập 360g 2014, tổng cộng hai túi quà"
dao_thu_tu,891624092440,home,颜色,"【深30.5】*24.5*13.5cm 10L, 【深37】*26*14.5cm14L（带10分格）, 【深37】*26*14.5cm14L（带15分格）, 【深40】*28*15.5cm 18L, 【深40】*28*15.5cm18L（带12分格）, 【深40】*28*15.5cm18L（带24分格）, 【深40.5】*30.5*16cm 21L, 【深43.3】*32*21.4cm 35L, 【深45】*40*20cm 36L, 【深45】*40*25cm45L, 【深50】*40*24.8cm 50L, 【深53】*44*22cm有卡扣 55L, 【深53】*44*29.5cm有卡扣 7","【深47】*45*29.5cm有卡扣 64L, [Sâu 30,5] * 24,5*13,5 cm 10L, [Độ sâu 37]*26*14.5cm 14L (với 10 điểm), [Độ sâu 37]*26*14.5cm 14L (với 15 điểm), [Độ sâu 40]*28*15.5cm 18L, [Độ sâu 40]*28*15.5cm 18L (với 12 ngăn), [Độ sâu 40]*28*15.5cm 18L (với 24 ngăn), [Sâu 40,5] * 30,5*16cm 21L, [Độ sâu 43,3]*32*21,4cm 35"
so_bi_doi_hoac_mat,929536754418,home,颜色,"0171.白方盒-小号1个可叠加, 0172.白方盒-中号1个可叠加, 0173.白方盒-大号1个可叠加, 0188.白方盒-高款1个可叠加, 0179.白长盒-矮款小号1个可叠加, 0180.白长盒-矮款大号1个可叠加, 0181.白长盒-高款小号1个可叠加, 0182.白长盒-高款大号1个可叠加, 8291.厚方白盒-S小号1个可叠加, 8292.厚方白盒-M中号1个可叠加, 8293.厚方白盒-L大号1个可叠加, 8294.厚方白盒-XL加大1个可叠加, 8295.厚方白盒-XXL特大1个可叠加, 4446.斜口双耳盒-小号1个带卡扣, 4447.斜口双耳盒-大号1个带卡扣, 4448.","0171. Hộp vuông màu trắng-1 cái nhỏ có thể xếp chồng lên nhau, 0172. Hộp vuông trắng-1 vừa có thể xếp chồng lên nhau, 0173. Hộp vuông màu trắng-1 lớn có thể xếp chồng lên nhau, 0188. Hộp vuông trắng - kiểu dáng cao 1 có thể xếp chồng lên nhau, 0179. Hộp dài màu trắng-1 nhỏ ngắn có thể xếp chồng lên "
so_bi_doi_hoac_mat,1002275214224,home,颜色,"36*27*13cm可上墙【大号透明2层隔板】, 36*27*13cm可上墙【大号透明1层隔板】, 36*27*13cm可上墙【大号透明无隔板】, 27*22*12cm壁挂式【小号透明1层隔板】, 27*22*12cm壁挂式【小号透明无隔板】, 27*18*22cm（2个隔板, 27*18*22cm（无隔板）, 30*18*25cm（2个隔板）, 36*27*22（无隔板）, 40*30*25cm（无隔板）, 40*30*25cm（1隔板）, 40*30*25cm（2隔板）, 40*30*25cm（3隔板）","36*27*13cm, có thể gắn lên tường [Kệ trong suốt, hai tầng, kích thước lớn]., 36*27*13cm, có thể gắn lên tường [kệ lớn, trong suốt, một tầng]., 36*27*13cm có thể treo tường [Cỡ lớn trong suốt không vách ngăn], Kệ treo tường [trong suốt, 1 tầng, kích thước 27*22*12cm], Kích thước 27*22*12cm, loại treo"
dao_thu_tu,1050988461299,home,尺寸规格,"1.2米三件套【被套150*200cm+床单160*230cm+枕套一只】小号, 1.5米四件套【被套150*200cm+床单200*230cm+枕套一对】小号, 1.8米四件套【被套180*220cm+床单230*245cm+枕套一对】中号, 2.0米四件套【被套200*230cm+床单230*245cm+枕套一对】标准, 2.2米四件套【被套220*240cm+床单230*245cm+枕套一对】加大, 床笠款1.5米【被套200*230cm+床笠150*200cm+枕套一对】四件套, 床笠款1.8米【被套200*230cm+床笠180*200cm+枕套48*74cm一对】四件套, 单件被套","Bộ 1.5m món [vỏ chăn 150*200cm + ga trải giường 160*230cm + một vỏ gối] cỡ nhỏ, Bộ 1.9m món [vỏ chăn 150*200cm + ga trải giường 200*230cm + 1 cặp vỏ gối] kích thước nhỏ, Bộ 2.2m món [vỏ chăn 180*220cm + ga trải giường 230*245cm + 1 cặp vỏ gối] cỡ trung bình, 2.4m bộ [vỏ chăn 200*230cm + ga trải giườ"
so_bi_doi_hoac_mat,1007487765513,home,尺寸规格,"160*210cm单被套, 180*220cm单被套, 200*230cm单被套, 220*240cm单被套, 0.9至1.2m床单款三件套被套150*200, 1.5m床单款四件套被套180*220, 1.5米至1.8m床单款四件套被套200.230, 2.0米2.2米m床单款四件套被套220*240, 1.5m床笠款四件套被套200*230床笠150*200, 1.8m床笠款四件套被套200.230床笠180*200, 1.8加大床笠四件套-被套220*240床笠180*200","Vỏ chăn đơn, kích thước 160 x 210 cm., Vỏ chăn đơn, kích thước 180 x 220 cm., Vỏ chăn đơn, kích thước 200 x 230 cm., Vỏ chăn đơn, kích thước 220 x 240 cm., Bộ 3 món ga trải giường 0.9-1.2m, vỏ chăn 150*200, Bộ chăn ga gối 4 món, ga trải giường 1.5m, vỏ chăn 180*220, 1.5m Bộ 4 món ga trải giường cho "
dao_thu_tu,986929277628,home,尺寸规格,"150X200cm单被套, 180X220cm单被套, 200X230cm单被套, 1.2米三件套（被套150X200）, 1.5米四件套（被套150X200）, 1.8米四件套（被套180X220）, 2.0米四件套（被套200X230）","Vỏ chăn đơn 150X200cm, Vỏ chăn đơn 180X220cm, Vỏ chăn đơn 200X230cm, Bộ 1.5m món (vỏ chăn 150X200), Bộ 1.9m món (vỏ chăn 150X200), Bộ 2.2m món (vỏ chăn 180X220), Bộ 2.4m món (vỏ chăn 200X230)"
dao_thu_tu,825531852668,home,尺寸规格,"1.2床三件套被套155x205, 1.5床四件套被套200x230, 1.8床四件套被套200x230, 2.0床四件套被套220x240, 1.5x2.0x0.22床笠款四件套被套200x230, 1.8x2.0x0.22床笠款四件套被套200x230, 1.8x2.0x0.22床笠款四件套加大被套220x240","1.8x2.0x0.22床笠款四件套加大被套220x240, 1.2 Bộ chăn ba mảnh giường 155x205, 1,5 bộ chăn bốn mảnh giường 200x230, 1.8 bộ chăn bốn mảnh giường 200x230, Bộ chăn bốn mảnh giường 2.0 220x240, Bộ chăn ga gối đệm bốn mảnh 1.5x2.0x0.22 200x230, Bộ chăn ga gối đệm bốn mảnh 1.8x2.0x0.22 200x230"
dao_thu_tu,1052144921296,home,尺寸规格,"【单被套】200x230cm, 【单被套】220x240cm, 适用：1.5/1.8/2.0米床【床盖三件套】245x250cm床盖＋夹棉枕套一对, 1.5米床【床盖款】四件套-被套200x230, 1.8米床【床盖款】四件套-被套200x230, 2.0米床【床盖款】四件套-被套220x240","适用：1.5/1.8/2.0米床【床盖三件套】245x250cm床盖＋夹棉枕套一对, 【Chăn đơn】200x230cm, 【Vỏ chăn đơn】220x240cm, 1.5m Bộ chăn ga gối 4 món [loại có vỏ chăn] - vỏ chăn 200x230, 1.8m Bộ chăn ga gối 4 món [loại có vỏ chăn] - vỏ chăn 200x230, 2.0m Bộ chăn ga gối 4 món [loại có vỏ chăn] - vỏ chăn 220x240"
so_bi_doi_hoac_mat,892947102028,home,尺寸规格,"1.5m床单款四件套【被套200x230cm床单245x245cm枕套48x74cm】, 1.8m床单款四件套【被套200x230cm床单245x245cm枕套48x74cm】, 2.0m床单款四件套【被套220x240cm床单245x265cm枕套48x74cm】, 1.5m床笠款四件套【被套200x230cm床笠150x200cm枕套48x74cm】, 1.8m床笠款四件套【被套200x230cm床笠180x200cm枕套48x74cm】, 1.2m床单款三件套【被套150x200cm床单180x230cm枕套48x74cm】","Bộ 4 chiếc mẫu ga giường 1,5 m [Bộ chăn ga gối 200x230cm bìa gối 45x245cm 48x74cm], Bộ 4 chiếc mẫu ga giường 1,8 m [vỏ chăn 200x230cm vỏ gối 245x245cm 48x74cm], Bộ 4 chiếc mẫu ga trải giường 2.0m [Bộ chăn ga trải giường 220x240cm bìa gối 45x265cm 48x74cm], Bộ 4 chiếc khăn trải giường 1.5m [vỏ chăn 2"
dao_thu_tu,1001229688874,home,尺寸规格,"0.9m床单款三件套（被套1.5x2.0m）, 1.5m床单款四件套（被套2.0x2.3m）, 1.8m床单款四件套（被套2.0x2.3m）, 2m床单款四件套（被套2.2x2.4m）, 单被套1.5x2.0m, 单被套2.0x2.3m, 单被套2.2x2.4m, 单床单2.45x2.5m, 单床单2.45x2.7m","单床单2.45x2.5m, 单床单2.45x2.7m, Bộ ga trải giường 3 món 0,9m (vỏ chăn 1,5x2,0m), Bộ ga trải giường 1,5m 4 món (vỏ chăn 2,0x2,3m), Bộ ga trải giường 4 món 1,8m (vỏ chăn 2,0x2,3m), Bộ ga trải giường 2m 4 món (vỏ chăn 2,2x2,4m), Vỏ chăn đơn 1,5X2,0m, Vỏ chăn đơn 2.0X2.3m, Vỏ chăn đơn 2,2x2,4m"
so_bi_doi_hoac_mat,955889573716,home,尺寸规格,"1.2米三件套【被套150x200 床单160x230 枕套1只】, 1.5米床单四件套【被套150x200 床单200x230 枕套2只】, 1.8米床单四件套【被套180x220 床单230x230 枕套2只】, 2.0米床单四件套【被套200x230 床单230x230 枕套2只】, 2.2米床单四件套【被套220x240 床单230x250 枕套2只】, 1.5m床笠款四件套【适用1.5米床被套200x230 】, 1.8m床笠款四件套【适用1.8米床被套200x230 】","1.5m bộ [vỏ chăn 150x200, ga trải giường 160x230, vỏ gối 1 chiếc], 1.5m Bộ ga trải giường 4 món [Vỏ chăn 150x200, ga trải giường 200x230, 2 vỏ gối], 1.8m Bộ ga trải giường 4 món [vỏ chăn 180x220, ga trải giường 230x230, 2 vỏ gối], 2.0m Bộ ga trải giường bốn món [vỏ chăn 200x230, ga trải giường 230x2"
dao_thu_tu,904475156767,home,尺寸规格,"1.2m床单款三件套【被套150*200cm床单160*230cm枕套1只】, 1.5m床单款四件套【被套150*200cm床单180*230cm枕套2只】, 1.8m床单款四件套【被套180*220cm床单235*245cm枕套2只】, 2.0m床单款四件套【被套200*230cm床单235*245cm枕套2只】, 2.2m床单款四件套【被套220*240cm床单235*245cm枕套2只】, 1.5m床笠款四件套【被套150*200cm床笠150*200cm枕套2只】, 1.5m床笠款四件套【被套200*230cm床笠150*200cm枕套2只】, 1.8m床笠款四件套【被套180*220","Bộ ba chiếc ga giường 1,2 m [vỏ chăn 150*200cm ga gối 160*230cm 1 chiếc], Bộ 4 chiếc ga trải giường 1,5 m [vỏ chăn 150*200cm ga trải giường 180*230cm vỏ gối 2 chiếc], Bộ 4 chiếc ga trải giường 1,8 m [vỏ chăn 180*220cm ga trải giường 235*245cm vỏ gối 2 chiếc], Bộ 4 chiếc mẫu ga trải giường 2.0m [vỏ c"
so_bi_doi_hoac_mat,1003336555926,home,尺寸规格,"1.2米三件套【被套150x200 床单160x230 枕套1只】, 1.5米床单四件套【被套150x200 床单200x230 枕套2只】, 1.8米床单四件套【被套180x220 床单200x230 枕套2只】, 2.0米床单四件套【被套200x230 床单230x230 枕套2只】, 2.2米床单四件套【被套220x240 床单230x250 枕套2只】, 1.5m床笠款四件套【适用1.5米床被套220x240 】, 1.8m床笠款四件套【适用1.8米床被套200x230 】","1.5m bộ [vỏ chăn 150x200, ga trải giường 160x230, vỏ gối 1 chiếc], 1.5m Bộ ga trải giường 4 món [Vỏ chăn 150x200, ga trải giường 200x230, 2 vỏ gối], 1.8m Bộ ga trải giường bốn món [vỏ chăn 180x220, ga trải giường 200x230, 2 vỏ gối], 2.0m Bộ ga trải giường bốn món [vỏ chăn 200x230, ga trải giường 230"
so_bi_doi_hoac_mat,1045324828119,home,尺寸规格,"160*210cm单被套, 180*220cm单被套, 200*230cm单被套, 220*240cm单被套, 1.2m床单款三件套被套160*210, 1.5m床单款四件套被套180*220, 1.5米至1.8m床单款四件套被套200.230, 2.0米2.2米m床单款四件套被套220*240, 1.5m床笠款四件套被套200*230床笠150*200, 1.8m床笠款四件套被套200.230床笠180*200","Vỏ chăn đơn, kích thước 160 x 210 cm., Vỏ chăn đơn, kích thước 180 x 220 cm., Vỏ chăn đơn, kích thước 200 x 230 cm., Vỏ chăn đơn, kích thước 220 x 240 cm., Bộ chăn ga gối 3 món kiểu ga trải giường 1.2m, vỏ chăn 160*210, Bộ chăn ga gối 4 món, ga trải giường 1.5m, vỏ chăn 180*220, 1.5m Bộ 4 món ga trả"
so_bi_doi_hoac_mat,574956325151,home,套件数量,"201不锈钢厨具, 304不锈钢厨具（把子抛光2次）, 316不锈钢系列","đồ dùng nhà bếp bằng thép không gỉ 201, Đồ dùng nhà bếp bằng thép không gỉ 304 (tay cầm được đánh bóng hai lần), Dòng thép không gỉ 316"
so_bi_doi_hoac_mat,830896212916,mother_baby,适合身高,"73cm肩扣两用裆, 80cm肩扣两用裆, 90cm肩扣两用裆, 100cm肩扣两用裆, 110cm圆领封裆, 120cm圆领封裆, 130cm圆领封裆","Khóa vai 73cm dùng hai đũng, Khuy vai 80cm dùng hai đũng quần, Đũng quần hai cách sử dụng khóa vai 90cm, 100cm khóa vai dùng hai đũng quần, 100 cm cổ tròn bịt kín đáy quần, 120cm cổ tròn bịt kín đáy quần, Cổ tròn 130cm bịt kín đáy quần"
so_bi_doi_hoac_mat,962616644068,mother_baby,适合身高,"80cm, 90cm, 100cm, 110cm, 120cm, 80cm-120cm/1手5件","80cm, 90cm, 100cm, 110 cm, 120cm, 80cm-120cm/5 miếng mỗi lô"
so_bi_doi_hoac_mat,963350820103,mother_baby,适合身高,"80cm, 90cm, 100cm, 110cm, 120cm, 80cm-120cm/1手5件","80cm, 90cm, 100 cm, 110 cm, 120cm, 80cm-120cm/5 miếng mỗi lô"
so_bi_doi_hoac_mat,947437667702,mother_baby,适合身高,"80cm, 90cm, 100cm, 110cm, 120cm, 80cm-120cm/1手5件","80cm, 90cm, 100cm, 110cm, 120cm, 80cm-120cm/5 cái mỗi lô"
so_bi_doi_hoac_mat,887858727945,mother_baby,适合身高,"80cm, 90cm, 100cm, 110cm, 120cm, 80cm-120cm/1手5件","80cm, 90cm, 100cm, 110cm, 120cm, 80cm-120cm/5 cái mỗi lô"
so_bi_doi_hoac_mat,900339252180,electronics,电源容量,"50000毫安, 60000毫安, 80000毫安, 100000毫安, 120000毫安","50000 mAh, 60000 mAh, 80000 mAh, 100000 mAh, 120.000 mAh"
so_bi_doi_hoac_mat,843167180897,electronics,电源容量,"20000毫安（双输口）, 30000毫安（双输口）, 40000毫安（双输口）, 60000毫安（四输口）, 80000毫安（四输口）","20000 mAh (đường truyền kép), 30000 mAh (đường truyền kép), 40000 mAh (đường truyền kép), 60.000 mAh (bốn đường truyền), 80000 mAh (bốn đường truyền)"
dao_thu_tu,986256419301,food,包装规格,"2包约22g盐焗鸡脚筋 约11g/包, 10包盐焗鸡脚筋, 20包盐焗鸡脚筋, 30包盐焗鸡脚筋, 40包盐焗鸡脚筋, 80包盐焗鸡脚筋","80包盐焗鸡脚筋, 2 gói gân gà nướng muối, khoảng 22g, khoảng 11g/gói, 10 gói gân gà nướng muối, 20 gói gân gà nướng muối, 30 gói gân gà nướng muối, 40 gói gân gà nướng muối"
so_bi_doi_hoac_mat,872800600709,food,包装规格,"亚麻籽核桃酥200g, 亚麻籽核桃酥250g, 亚麻籽核桃酥350g, 亚麻籽核桃酥600g, 散装称重 10kg1箱","Bánh óc chó hạt lanh 200g, Hạt lanh óc chó giòn 250g, Hạt lanh óc chó giòn 350g, Hạt lanh óc chó giòn 600g, Đóng gói số lượng lớn, trọng lượng 10kg/ hộp."
so_bi_doi_hoac_mat,859919220902,food,包装规格,"蜜香金骏眉1号50克散装（45元一斤）, 蜜香金骏眉2号50克散装（65元一斤）, 蜜香金骏眉3号50克散装（0元一斤）, 蜜香金骏眉4号50克散装（115元一斤）, 桂圆香金骏眉50克散装（120元一斤）, 蜜香金骏眉5号50克散装（135元一斤）, 蜜香金骏眉6号50克散装（160元一斤）, 梅占金骏眉50克散装（168元一斤）, 蜜香金骏眉7号50克散装（180元一斤）, 醇香金骏眉50克散装（190元一斤）, 嫩芽金骏眉50克散装（210元一斤）, 花香金骏眉50克散装（215元一斤）, 高山梅占金骏眉50克散装（240元一斤）, 花蜜香金骏眉50克散装（255元一斤）, 芽中芽金骏眉","Mixiang Jin Junmei số 1 50g số lượng lớn (45 nhân dân tệ/catty), Mixiang Jin Junmei số 2 50g số lượng lớn (65 nhân dân tệ/catty), Mixiang Jin Junmei số 3 50g số lượng lớn (0 nhân dân tệ/catty), Mixiang Jin Junmei số 4 50g số lượng lớn (115 nhân dân tệ/catty), Long nhãn thơm Jin Junmei 50g số lượng l"
so_bi_doi_hoac_mat,1057820071744,food,包装规格,"桂花乌龙茶每1小包3g【发10包】, 桂花乌龙茶每1小包3g【发20包】, 桂花乌龙茶每1小包3g【发30包】, 桂花乌龙茶每1小包3g【发50包】","Trà Ô Long hoa quế mỗi gói nhỏ 3g [Giao 10 gói], Trà Ô Long hoa quế mỗi gói nhỏ 3g [Giao 20 gói], Trà Ô Long hoa quế mỗi gói nhỏ 3g [Giao 30 gói], Trà Ô Long hoa quế, mỗi gói nhỏ 3g [Giao 50 gói]"
so_bi_doi_hoac_mat,871078654052,home,颜色,"8291.厚方白盒-小号 1个 可叠加, 8292.厚方白盒-中号 1个 可叠加, 8293.厚方白盒-大号 1个 可叠加, 8294.厚方白盒-加大 1个 可叠加, 8295.厚方白盒-特大 1个 可叠加, 0171.白方盒-小号 1个 可叠加, 0172.白方盒-中号 1个 可叠加, 0173.白方盒-大号 1个 可叠加, 0188.白方盒-高款 1个 可叠加, 0179.白长盒-矮款小号 1个 可叠加, 0180.白长盒-矮款大号 1个 可叠加, 0181.白长盒-高款小号 1个 可叠加, 0182.白长盒-高款大号 1个 可叠加","8291. Hộp màu trắng hình vuông dày 1 nhỏ có thể xếp chồng lên nhau, 8292. Hộp trắng hình vuông du-1 vừa có thể xếp chồng lên nhau, 8293. Hộp trắng vuông dầy lớn-1 lớn có thể xếp chồng lên nhau, 8294. Hộp trắng hình vuông dầy có thể xếp chồng lên nhau, 8295. Hộp trắng hình vuông dày-1 cực lớn có thể "
so_bi_doi_hoac_mat,927688058205,home,颜色,"中号（27*22*18）横竖2用, 大号（36*22*27）横竖2用, 特大号（36*27*25）横竖2用, 加大号（40*25*30）横竖2用, 巨大号（45*33*33）横竖2用","Trung bình (27*22*18) ngang và dọc 2, Lớn (36*22*27) ngang và dọc 2, Kích thước cực lớn (36*27*25) có thể sử dụng được cả theo chiều ngang và chiều dọc, Số tăng (40*25*30) ngang và dọc 2, Số khổng lồ (45*33*33) ngang và dọc 2"
so_bi_doi_hoac_mat,651216674146,home,规格,"2粒蛋挞直径7厘米食品级【专为耐用 加厚打造】, 3粒蛋挞直径7厘米食品级【专为耐用 加厚打造】, 4粒蛋挞直径7厘米食品级【专为耐用 加厚打造】, 6粒蛋挞直径7厘米食品级【专为耐用 加厚打造】, 1粒蛋挞直径7厘米食品级【专为耐用 加厚打造】, 8粒蛋挞直径5.5厘米食品级【专为耐用 加厚打造】","2 bánh tart trứng đường kính 7cm cấp thực phẩm [được làm đặc biệt để bền và đặc hơn]1, 3 bánh tart trứng đường kính 7cm cấp thực phẩm [được sản xuất đặc biệt để có độ bền và độ dày cao]1, 4 bánh tart trứng đường kính 7cm cấp thực phẩm [được làm đặc biệt để bền và dày]1, 6 bánh tart trứng đường kính "
so_bi_doi_hoac_mat,651216674146,home,规格型号,"1粒蛋挞直径7厘米食品级【专为耐用 加厚打造】, 2粒蛋挞直径7厘米食品级【专为耐用 加厚打造】, 3粒蛋挞直径7厘米食品级【专为耐用 加厚打造】, 4粒蛋挞直径7厘米食品级【专为耐用 加厚打造】, 6粒蛋挞直径7厘米食品级【专为耐用 加厚打造】, 8粒蛋挞直径5.5厘米食品级【专为耐用 加厚打造】","1 bánh tart trứng đường kính 7cm cấp thực phẩm [được sản xuất đặc biệt để có độ bền và độ đặc cao]2, 2 bánh tart trứng đường kính 7cm cấp thực phẩm [được làm đặc biệt để bền và đặc hơn]2, 3 bánh tart trứng đường kính 7cm cấp thực phẩm [được sản xuất đặc biệt để có độ bền và độ dày cao]2, 4 bánh tart"
dao_thu_tu,992159453391,home,尺寸规格,"1.2米三件套(被套150×200), 1.5米四件套(被套150 ×200), 1.8米四件套(被套180×220), 2米四件套(被套200×230)","Bộ 1.5m món (vỏ chăn 150×200), Bộ 1.9m món (vỏ chăn 150×200), Bộ 2.2m món (vỏ chăn 180×220), Bộ 2.4m món (vỏ chăn 200×230)"
dao_thu_tu,1013811524862,home,尺寸规格,"150x200cm单被套, 180x220cm单被套, 200x230cm单被套, 【床单款】0.9至1.2米三件套-被套150x200, 【床单款】1.5米四件套-被套180x220, 【床单款】1.8至2.0米四件套-被套200x230, 【床单款】2.0至2.2米四件套-被套220x240, 【床笠款】0.9三件套-被套150x200床笠90*200, 【床笠款】1.2三件套-被套150x200床笠120*200, 【床笠款】1.5四件套-被套180x220床笠150*200, 【床笠款】1.5四件套-被套200x230床笠150*200, 【床笠款】1.8四件套-被套200x230床笠","Vỏ chăn đơn 150x200cm, Vỏ chăn đơn, kích thước 180x220cm., Vỏ chăn đơn, kích thước 200x230cm., 【Bộ ga trải giường】0.9 đến 1.5m bộ - vỏ chăn 150x200, 【Bộ ga trải giường】 1.9m bộ - vỏ chăn 180x220, 【Bộ ga trải giường】1.8 đến 2.4m bộ - vỏ chăn 200x230, 【Bộ ga trải giường】2.0 đến 2.6m bộ - vỏ chăn 220x2"
dao_thu_tu,1014989587067,home,尺寸规格,"150x200cm【单件被套 建议拍2套换洗】, 180x220cm【单件被套 建议拍2套换洗】, 200x230cm【单件被套 建议拍2套换洗】, 被套【150x200cm】送床单+1只枕套【适合学生宿舍0.9/1.2床】, 被套【150x200cm】送床单+2只枕套【适合1.5m床】, 被套【180x220cm】送床单+2只枕套【适合1.8m床】, 被套【200x230cm】送床单+2只枕套【适合2.0m床】","150x200cm【Vỏ chăn đơn, nên mua 2 bộ để thay đổi】, 180x220cm [Chỉ vỏ chăn, khuyến nghị mua 2 bộ để thay đổi], 200x230cm [Vỏ chăn đơn; chúng tôi khuyên bạn nên mua hai bộ để dễ dàng thay đổi và giặt)., Bộ chăn ga [150x200cm] tặng kèm ga trải giường + 1 vỏ gối [phù hợp cho ký túc xá sinh viên giường 0."
so_bi_doi_hoac_mat,1059571842950,home,尺寸规格,"0.9/1.2米三件套【被套1.5*2m】, 1.5米四件套【被套1.5*2m】, 1.8米四件套【被套1.8*2.2m】, 2.0米四件套【被套2*2.3m】","0.9/ 1.5m bộ [vỏ chăn 1.5*2m], 1.9m bộ [vỏ chăn 1.5*2m], 2.2m bộ [vỏ chăn 1.8*2.2m], 2.4m bộ [vỏ chăn 2*2.3m]"
dao_thu_tu,946890774068,home,尺寸规格,"小号1.2米三件套【被套150*200cm床单180*230cm枕套48*74cm一只】, 小号1.5米四件套【被套150*200cm床单180*230cm枕套48*74cm一对】, 中号1.8米四件套【被套180*220cm床单230*250cm枕套48*74cm一对】, 标准2.0米四件套【被套200*230cm床单230*250cm枕套48*74cm一对】, 加大2.2米四件套【被套220*240cm床单240*250cm枕套48*74cm一对】, 床笠款1.5米四件套【被套200*230cm床笠150*200cm枕套48*74cm一对】, 床笠款1.8米四件套【被套200*230cm床","Bộ 1.5m món cỡ nhỏ [vỏ chăn 150*200cm, ga trải giường 180*230cm, vỏ gối 48*74cm], Bộ 1.9m món cỡ nhỏ [vỏ chăn 150*200cm, ga trải giường 180*230cm, cặp vỏ gối 48*74cm], Bộ 2.2m món cỡ vừa [vỏ chăn 180*220cm ga trải giường 230*250cm vỏ gối 48*74cm đôi], Bộ 2.4m món tiêu chuẩn [vỏ chăn 200*230cm ga trả"
so_bi_doi_hoac_mat,892163233283,home,尺寸规格,"120x150cm单被套【双面100%亲肤水洗棉磨毛工艺加厚保暖】, 150x200cm单被套【双面100%亲肤水洗棉磨毛工艺加厚保暖】, 180x220cm单被套【双面100%亲肤水洗棉磨毛工艺加厚保暖】, 200x230cm单被套【双面100%亲肤水洗棉磨毛工艺加厚保暖】, 220x240cm单被套【双面100%亲肤水洗棉磨毛工艺加厚保暖】, 0.9m床单三件套【被套150*200cm床单160*230cm】, 1.2m床单三件套【被套150*200cm床单160*230cm】, 1.5m床单四件套【被套200*230cm床单230*230cm】, 1.8m床单四件套【被套200*230c","Vỏ chăn đơn 120x150cm, Vỏ chăn đơn 150x200cm, Vỏ chăn đơn 180x220cm, Vỏ chăn đơn 200x230cm, Vỏ chăn đơn 220x240cm, Bộ ba tấm ga giường 0.9m [vỏ chăn 150*200cm ga giường 160*230cm], Bộ ba tấm ga giường 1,2 m [vỏ chăn 150*200cm ga giường 160*230cm], Bộ bốn mảnh ga trải giường 1,5 m [vỏ chăn 200*230cm "
dao_thu_tu,1052158352769,home,尺寸规格,"150X200cm单被套, 180X220cm单被套, 200X230cm单被套, 1.2米三件套（被套150X200）, 1.5米四件套（被套150X200）, 1.8米四件套（被套180X220）, 2.0米四件套（被套200X230）","Vỏ chăn đơn 150x200cm, Vỏ chăn đơn, kích thước 180x220cm., Vỏ chăn đơn, kích thước 200x230cm., 1.5m bộ (vỏ chăn 150x200), 1.9m bộ (vỏ chăn 150x200), 2.2m bộ (vỏ chăn 180x220), 2.4m bộ (vỏ chăn 200x230)"
so_bi_doi_hoac_mat,959695863496,home,尺寸规格,"【1.2米床单款三件套】被套150*200cm, 【1.5米床单款四件套】被套150*200cm, 【1.8米床单款四件套】被套180*220cm, 【2.0米床单款四件套】被套200*230cm, 【1.5米床笠款四件套】被套200*230cm, 【1.8米床笠款四件套】被套200*230cm","[Bộ ba bộ 1.2m ga trải giường] Vỏ chăn 150*200cm, [Bộ 1.5m ga trải giường 4 món] Vỏ chăn 150*200cm, [Bộ 1.8m ga trải giường bốn mảnh] Vỏ chăn 180*220cm, [Bộ 2.0m ga trải giường 4 món] Vỏ chăn 200*230cm, [Bộ ga trải giường bốn món] Vỏ chăn 200*230cm1, [Bộ ga trải giường bốn món] Vỏ chăn 200*230cm2"
dao_thu_tu,842989137381,home,尺寸规格,"150*200cm单被套, 180*220cm单被套, 200*230cm单被套, 0.9至1.2m床单款三件套被套150*200床单160*230, 1.35至1.5m床单款四件套被套180*220床单230*245, 1.8至2.0m床单款四件套被套200*230床单230*245, 1.5m床笠款四件套被套180*220床笠150*200, 1.5m床笠款四件套被套200*230床笠150*200, 1.8m床笠款四件套被套200*230床笠180*200, 2.0至2.2m床单款四件套被套220*240床单230*245, 加大1.8m床笠款四件套被套220*240床笠180*200","1.35至1.5m床单款四件套被套180*220床单230*245, 1.8至2.0m床单款四件套被套200*230床单230*245, 2.0至2.2m床单款四件套被套220*240床单230*245, Vỏ chăn đơn 150*200cm, Vỏ chăn đơn 180*220cm, Vỏ chăn đơn 200*230cm, Bộ ga giường ba mảnh cho giường 0.9 đến 1.2m, bao gồm vỏ chăn 150*200 và ga trải giường 160*230., Bộ ga giường bốn món cho giườn"
dao_thu_tu,954235236054,home,尺寸规格,"150x200cm-单件被套【建议拍2套换洗】, 180x220cm-单件被套【建议拍2套换洗】, 200x230cm-单件被套【建议拍2套换洗】, 被套【150x200cm】送床单+1枕套【适合学生宿舍】, 被套【150x200cm】送床单+2枕套【适合1.5床】, 被套【180x220cm】送床单+2枕套【适合1.8床】, 被套【200x230cm】送床单+2枕套【适合2.0床】","150x200cm - Vỏ chăn đơn [Nên mua 2 bộ để thay đổi], 180x220cm - Vỏ chăn đơn [Chúng tôi khuyên bạn nên mua hai bộ để dễ dàng thay đổi và giặt giũ]., Vỏ chăn đơn, kích thước 200x230cm [nên mua 2 bộ để thay đổi]., Bộ chăn ga [150x200cm] tặng kèm ga trải giường + 1 vỏ gối [phù hợp cho ký túc xá sinh viê"
so_bi_doi_hoac_mat,1025453147053,home,尺寸规格,"1.1X1.5单被套, 1.5X2.0单被套, 1.6X2.1单被套, 1.8X2.0单被套, 1.8X2.2单被套, 2.0X2.3单被套, 0.9三件套【被套150X200cm】, 1.2三件套【被套150X200cm】, 1.5四件套【被套150X200cm】, 1.8四件套【被套180X220cm】, 2.0四件套【被套200X220cm】","Vỏ chăn đơn 1.1x1.5, Vỏ chăn đơn 1.5x2.0, Vỏ chăn đơn 1.6x2.1, Vỏ chăn đơn 1.8x2.0, Vỏ chăn đơn 1.8x2.2, Vỏ chăn đơn 2.0x2.3, Bộ 3 món 0.9 [Vỏ chăn 150x200cm], 1.2 Bộ ba món [vỏ chăn 150x200cm], Bộ 4 món 1.5 [Vỏ chăn 150X200cm], 1.8 bộ gồm bốn món [vỏ chăn 180x220cm], Bộ gồm bốn món [vỏ chăn 200x220"
so_bi_doi_hoac_mat,691674022586,home,颜色,"【1/1】53.5X32.5高2cm, 【1/1】53.5X32.5高4cm, 【1/1】53.5X32.5高6.5cm, 【1/1】53.5X32.5高10cm, 【1/1】53.5X32.5高15cm, 【1/1】53.5X32.5高20cm, 【2/1】32.5*26.5高2cm, 【2/1】32.5*26.5高4cm, 【2/1】32.5*26.5高6.5cm, 【2/1】32.5*26.5高10cm, 【2/1】32.5*26.5高15cm, 【2/1】32.5*26.5高20cm, 【3/1】32.5*17.5高6.5cm, 【3/1】32.5*17.5高10cm, 【3/1】32","[1/1] 5X32.5 Cao 2cm, [1/1] 53, 5x 32, 5 cao 4cm, [1/1] 53, 5x 32, 5 cao 6,5 cm, [1/1] 53, 5x 32, 5 cao 10cm, [1/1] 53, 5x 32, 5 cao 15cm, [1/1] 5X32,5 Cao 20cm, 【 2/1 】 32.5*26.5 Cao 2cm, 【 2/1 】 32.5*26.5 Cao 4cm, 【 2/1 】 32,5*26,5 cao 6,5 cm, 【 2/1 】 32.5*26.5 Cao 10cm, 【 2/1 】 32.5*26.5 Cao 15cm"
dao_thu_tu,757082349873,home,规格,"长30深30, 长40深30, 长50深40, 长60深40, 长70深40, 长50深50, 长60深50, 长70深50, 长80深50, 长60深58, 长70深58, 长80深58, 长100深58, 长120深58","长120深58, Chiều dài 30 Chiều sâu 30, Dài 40 sâu 30, Dài 50 sâu 40, Chiều dài 60 sâu 40, Dài 70 sâu 40, Dài 50 sâu 50, Dài 60 sâu 50, Chiều dài 70 sâu 50, Dài 80 sâu 50, Dài 60 sâu 58, Chiều dài 70 sâu 58, Dài 80 sâu 58, Dài 100 sâu 58"
so_bi_doi_hoac_mat,1072508158553,home,规格,"整木黑金檀【0胶无拼接】36*25*2.5cm, 整木黑金檀【0胶无拼接】40*28*2.5cm, 整木黑金檀【0胶无拼接】45*30*2.5cm, 整木黑金檀【0胶无拼接】50*32*2.5cm","Gỗ tự nhiên Đen Kim Đàn [Không keo, không ghép nối] 36*25*2.5cm, Gỗ tự nhiên đen vàng [không keo, không ghép nối] 40*28*2.5cm, Gỗ tự nhiên Đen Kim Đàn [Không keo, không ghép nối] 45*30*2.5cm, Gỗ tự nhiên Đen Kim Đàn [Không keo, không ghép nối] 50*32*2.5cm"
so_bi_doi_hoac_mat,694912376432,home,规格,"中号352*270*10mm【食品级.抗菌防霉】, 家用中号370*280*15【食品级.抗菌防霉】, 家用加厚中号360*280*20【抗菌防霉】, 葱姜蒜辅料302*202*10mm【食品级.抗菌防霉】, 家用大号400*300*15【抗菌防霉】买1送2, 家用中号/450*300*10【食品级.抗菌防霉】买一送2, 家用加大款/450*300*15【食品级.抗菌防霉】买一送2, 特大号/500*350*10【食品级.抗菌防霉】买一送2, 特大号/500*350*15【食品级.抗菌防霉】买一送2, 商用特大600*400*15【抗菌防霉】买1送2, 【加厚】加宽/中号/370*280*20","Trung bình 352*270*10mm [cấp thực phẩm. Kháng khuẩn và chống nấm mốc]1, Trang chủ trung bình 370*280*15 【Cấp thực phẩm. Kháng khuẩn và chống nấm mỏ】1, Gia dụng dày vừa phải 360*280*20 [kháng khuẩn và chống nấm mốc]1, Phụ kiện hành lá, gừng và tỏi 302*202*10mm [cấp thực phẩm. Kháng khuẩn và chống nấm"
so_bi_doi_hoac_mat,1000312798601,home,规格,"中号348*270*6mm【食品级.抗菌防霉】, 家用中号370*280*10【食品级.抗菌防霉】, 家用加厚中号360*280*15【抗菌防霉】, 家用大号400*300*11【抗菌防霉】买1送2, 家用中号/450*300*7【食品级.抗菌防霉】买一送2, 家用加大款/450*300*10【食品级.抗菌防霉】买一送2, 特大号/500*350*5【食品级.抗菌防霉】买一送2, 特大号/500*350*10【食品级.抗菌防霉】买一送2, 商用特大600*400*10【抗菌防霉】买1送2, 【加厚】加宽/中号/370*280*15【食品级.抗菌防霉】, 家用加厚大号400*300*15【抗菌防","Kích thước trung bình 348*270*6mm [loại dùng cho thực phẩm. Kháng khuẩn và chống nấm mốc], Hộp đựng rác gia dụng cỡ vừa 370*280*10 [Chất liệu an toàn thực phẩm, kháng khuẩn và chống nấm mốc]., Tấm lót sàn gia dụng dày dặn, kích thước vừa 360*280*15 [kháng khuẩn và chống nấm mốc], Hộ gia đình cỡ lớn "
so_bi_doi_hoac_mat,962626168335,mother_baby,适合身高,"80cm, 90cm, 100cm, 110cm, 120cm, 80cm-120cm/1手5件","80cm, 90cm, 100 cm, 110 cm, 120cm, 80cm-120cm/5 miếng mỗi lô"
so_bi_doi_hoac_mat,725413095182,mother_baby,适合身高,"80cm, 90cm, 100cm, 110cm, 120cm, 80cm-120cm/1手5件","80cm, 90cm, 100cm, 110cm, 120cm, 80cm-120cm/5 miếng mỗi lô"
so_bi_doi_hoac_mat,968977912677,mother_baby,适合身高,"80cm, 90cm, 100cm, 110cm, 120cm, 80cm-120cm/1手5套","80cm, 90cm, 100 cm, 110 cm, 120cm, 80cm-120cm/5 bộ mỗi lô"
dao_thu_tu,874336268690,mother_baby,适合身高,"M(68), L(74), XL(80), XXL(86), XXXL(92), XXXXL(24M)","XXXXL(24M), M(68), L(74), XL(80), XXL(86), XXXL(92)"
so_bi_doi_hoac_mat,992091771598,mother_baby,适合身高,"80cm, 90cm, 100cm, 110cm, 120cm, 80cm-120cm/1手5件","80 cm, 90 cm, 100 cm, 110 cm, 120 cm, 80cm-120cm/5 miếng mỗi lô"
dao_thu_tu,902908025531,shoes,尺码,"36, 37, 38, 39, 40, 41, 35","35, 36, 37, 38, 39, 40, 41"
so_bi_doi_hoac_mat,907007318209,shoes,尺码,"38, 39, 40, 41, 42, 43, 44, 45, 46定做不支持退换","38, 39, 40, 41, 42, 43, 44, 45, Các mặt hàng tùy chỉnh là không thể trả lại và không thể trao đổi."
dao_thu_tu,985135849920,shoes,尺码,"34, 35, 36, 37, 38, 39, 40","40, 34, 35, 36, 37, 38, 39"
so_bi_doi_hoac_mat,970834276739,mother_baby,规格,"12色糖果包装（22厘米）约55克, 24色糖果包装（22厘米）约110克, 36色糖果包装（22厘米）约165克, 12色自封袋（23厘米）约85克, 24色自封袋（23厘米）约170克, 36色自封袋（23厘米）约250克, 12色自封袋（30厘米）商超款约135克, 24色自封袋（30厘米）商超款约260克, 36色自封袋（30厘米）商超款约390克","Bao bì kẹo 12 màu ( 22cm ) khoảng 55g, Bao bì kẹo 24 màu (NE1), Khoảng 110g, Bao bì kẹo 36 màu ( 22cm ) khoảng 165g, Túi ziplock 12 màu ( 23cm ) khoảng 85 gram, Túi ziplock 24 màu ( 23cm ) khoảng 170 gram, Túi ziplock 36 màu ( 23cm ) khoảng 250g, Túi tự niêm phong 12 màu (Chất lượng cao cấp), Khoảng"
so_bi_doi_hoac_mat,851889283826,mother_baby,颜色,"54684 挂袋装【城市服务者惯性车】090-67, 54685 挂袋装【城市服务者+垃圾桶惯性车】090-67A, 55146挂袋装【城市环卫队+垃圾桶惯性车】090-69A, 54686 挂袋装【城市环卫惯性车】090-69, 54687 挂袋装【城市消防惯性车】090-71, 54688 挂袋装【军事车队惯性车】090-73, 53808挂袋装【回力城市环卫队】832-C9, 54681 挂袋装【回力城市运输者】832-C27, 54680 挂袋装【回力战争保卫者军事车】832-C26, 54679 挂袋装【回力城市保障者】832-C25, 54678 挂袋装【回力城市绿化车】832-C","54684 Túi treo [Xe quán tính của nhà cung cấp dịch vụ thành phố] 030-67, 54685 túi treo [thùng rác xe tải thành phố] 090-67A, 55146 Túi treo [Đội vệ sinh đô thị + Xe quán tính thùng rác] 090-69A, 54686 Túi treo [Xe làm quán tính vệ sinh đô thị] 090-69, 54687 Túi treo [Xe làm quán tính chữa cháy đô t"
dao_thu_tu,640124760494,mother_baby,规格,"1斤高端魔力沙, 英文版2斤高端魔力沙, 亲子抱抱桶-1斤沙+10个模具, 高端魔力沙50斤乐园款, 高端魔力沙30斤乐园款, 通过新国标魔力沙定制","通过新国标魔力沙定制, 0.5kg Cát ma thuật sang trọng, Phiên bản tiếng Anh 1.0kg Cát ma thuật sang trọng, Xô ôm cha mẹ con - 0.5kg cát + 10 khuôn, Cát ma thuật cao cấp - Phiên bản thiên đường1, Cát ma thuật cao cấp - Phiên bản thiên đường2"
so_bi_doi_hoac_mat,958067965756,mother_baby,颜色,"125-21大礼盒工程车路标套装, 125-23大礼盒消防车套装, 125-25大礼盒军事主题套装, 125-27大礼盒环卫车套装, 125-51城市警察套装【超大礼盒】, 168-408超大工程车路标套装【大礼盒】, 168-409超大礼盒消防8件套【大礼盒】, 125-20大礼盒工程车8只套装, 125-22大礼盒消防车8只套装, 125-24大礼盒军事车8只套装, 125-26大礼盒环卫车8只套装, 125-29消防套装【超大礼盒】, 125-30城市工程车套装【超大礼盒】, 125-31工程车套装【超大礼盒】, 6399-32 金属航空飞机队【大礼盒】, 6399-33 金属合金车带弹","Bộ quà tặng lớn 125-21: Xe công trình và bộ biển báo giao thông, Bộ đồ chơi xe cứu hỏa hộp quà lớn 125-23, Bộ quà tặng lớn chủ đề quân sự 125-25, Bộ xe vệ sinh môi trường hộp quà lớn 125-27, 125-51 Bộ đồ cảnh sát thành phố [Hộp quà siêu lớn], Bộ biển báo giao thông cỡ lớn dành cho xe công trình 168-"
so_bi_doi_hoac_mat,982608575557,mother_baby,比例,"1块大锂电池续航45分钟+USB充电, 2块大锂电池续航90分钟+USB充电, 3块大锂电池续航135分钟+USB充电, 4块大锂电池续航180分钟+USB充电","Pin lithium lớn, thời lượng pin 45 phút + sạc USB, Pin lithium lớn 2 viên, thời lượng pin 90 phút + sạc USB, Pin lithium lớn 3 viên, thời lượng pin 135 phút + sạc USB, 4 pin lithium dung lượng lớn, cho thời gian sử dụng lên đến 180 phút + có thể sạc qua cổng USB."
so_bi_doi_hoac_mat,1074597221434,mother_baby,容量,"【新生儿奶瓶】160ml(SS号奶嘴 0-1个月), 【奶瓶】160ml(S号奶嘴 1-3个月), 【奶瓶】160ml(M号奶嘴 3-6个月), 【鸭嘴杯】160ml(6个月以上)双11孔 +重力球, 【奶瓶】240ml(L号奶嘴 6个月以上)送重力球, 【鸭嘴杯】240ml(6个月以上)双11孔 +重力球, 【学饮杯】240ml(9个月以上)双11孔 +重力球, 【畅饮直饮杯】240ml(12个月以上)双11孔 +直饮管, 【防喷直饮杯】240ml(12个月以上)V字孔 +直饮管, 【直饮杯】240ml(18个月以上)大圆孔 +直饮管, 【奶瓶】300ml(L号奶嘴 6个月以上), 【鸭嘴杯","【Bình sữa trẻ sơ sinh】160ml (Núm ti cỡ SS, 0-1 tháng), 【Bình sữa】160ml (Núm ti cỡ S, 1-3 tháng), 【Bình sữa】160ml (Núm ti cỡ M, 3-6 tháng), 【Cốc mỏ vịt】160ml (dành cho bé từ 6 tháng tuổi trở lên) 2 lỗ + bi trọng lực, 【Bình sữa】240ml (Núm ti cỡ L, cho bé từ 6 tháng tuổi trở lên) tặng kèm bóng trọng lự"
so_bi_doi_hoac_mat,1073731238533,mother_baby,容量,"【鸭嘴杯一套】160ml( 6个月以上)双11孔+重力球, 【鸭嘴杯一套】240ml(6个月以上)双11孔+重力球, 【鸭嘴杯一套】300ml(6个月以上)双11孔+重力球, 【学饮杯一套】240ml(9个月以上)双11孔+重力球, 【学饮杯一套】300ml(9个月以上)双11孔+重力球, 【畅饮直饮杯】240ml(12个月以上)双11孔 +直饮管, 【畅饮直饮杯】300ml(12个月以上)双11孔 +直饮管, 【防喷直饮杯】240ml(12个月以上)V字孔 +直饮管, 【防喷直饮杯】300ml(12个月以上)V字孔 +直饮管, 【直饮杯】240ml(18个月以上)大圆孔 +直饮管, 【直饮杯","【Bộ cốc mỏ vịt】160ml (dành cho bé từ 6 tháng tuổi trở lên) 2 lỗ + bi trọng lực, 【Bộ cốc mỏ vịt】240ml (dành cho bé từ 6 tháng tuổi trở lên) 11 lỗ + bi trọng lực, 【Bộ cốc mỏ vịt】300ml (dành cho bé từ 6 tháng tuổi trở lên) 11 lỗ + bi trọng lực, 【Bộ cốc tập uống】240ml (9 tháng trở lên) 2 lỗ + bi trọng l"
dao_thu_tu,1052513117607,mother_baby,容量,"【买1送1】240ml 仿母乳奶瓶送（送1个奶嘴）适合6月+, 【一瓶两用 】240ml 仿母乳奶瓶（送1个吸嘴）适合6月+, 【一瓶三用】240ml 仿母乳奶瓶（送鸭嘴+吸嘴+奶嘴）适合6月+, 【买1送1】300ml 吸嘴奶瓶 （送1个吸嘴）适合12月+, 【一瓶两用 】300ml 吸嘴奶瓶 （送1个奶嘴）适合12月+, 【一瓶三用】300ml 吸嘴奶瓶（送鸭嘴+吸嘴+奶嘴）适合6月+","【买1送1】300ml 吸嘴奶瓶 （送1个吸嘴）适合12月+, 【Mua 1 tặng 1】Bình sữa giả sữa mẹ 240ml (tặng 1 núm ti) phù hợp cho bé từ 6 tháng tuổi trở lên, 【Một bình hai công dụng】Bình sữa mô phỏng sữa mẹ 240ml (tặng kèm 1 núm ti) phù hợp cho bé từ 6 tháng tuổi trở lên, 【Một bình ba công dụng】Bình sữa mô phỏng sữa mẹ 240ml (tặ"
dao_thu_tu,992069326218,mother_baby,尺寸大小,"N-1025 6.0一口吸奶嘴（十字孔）, N-1026 6.0一口吸管嘴（双一字孔））, N-1033 6.0一体式硅胶吸管组, N-1035大宽口奶嘴SS码（无透气孔）, N-1036大宽口奶嘴S码（无透气孔）, N-1037大宽口奶嘴M码（无透气孔）, N-1038大宽口奶嘴L码（无透气孔）","N-1026 6.0一口吸管嘴（双一字孔））, Núm vú giả một mảnh N-1025 6.0 (lỗ chéo), Bộ ống hút silicon tích hợp N-1033 6.0, Núm vú giả miệng rộng lớn N-1035 cỡ SS (không có lỗ thông gió), Núm vú giả miệng rộng lớn N-1036 cỡ S (không có lỗ thông gió), Núm vú giả miệng rộng lớn N-1037 cỡ M (không có lỗ thông gió), Núm "
dao_thu_tu,1045733079205,shoes,尺码,"36(偏小0.5码), 37(偏小0.5码), 37.5(偏小0.5码), 38(偏小0.5码), 39.5(偏小0.5码), 39(偏小0.5码), 40(偏小0.5码), 40.5(偏小0.5码), 41.5(偏小0.5码), 42(偏小0.5码), 42.5(偏小0.5码), 43.5(偏小0.5码), 44(偏小0.5码), 45(偏小0.5码), 46(偏小0.5码), 47(偏小0.5码)","36 (nhỏ hơn 0,5 cỡ), 37 (nhỏ hơn 0.5 cỡ), 37.5 (size nhỏ hơn nửa cỡ), 38 (nhỏ hơn 0.5 size), 39.5 (mẫu này nhỏ hơn 0.5 size), 39 (nhỏ hơn 0.5 size), 40 (size nhỏ hơn 0.5), 40.5 (nhỏ hơn 0.5 cỡ), 41.5 (mẫu này nhỏ hơn 0.5 size so với thông thường), 42 (size nhỏ hơn 0.5), 42.5 (nhỏ hơn 0.5 cỡ), 43.5 ("
dao_thu_tu,1060262470547,shoes,尺码,"36(偏小0.5码), 37(偏小0.5码), 37.5(偏小0.5码), 38(偏小0.5码), 39(偏小0.5码), 39.5(偏小0.5码), 40(偏小0.5码), 40.5(偏小0.5码), 41.5(偏小0.5码), 42(偏小0.5码), 42.5(偏小0.5码), 43.5(偏小0.5码), 44(偏小0.5码), 44.5(偏小0.5码), 45(偏小0.5码)","36 (nhỏ hơn 0,5 cỡ), 37 (nhỏ hơn 0.5 cỡ), 37.5 (size nhỏ hơn nửa cỡ), 38 (nhỏ hơn 0.5 size), 39 (nhỏ hơn 0.5 size), 39.5 (mẫu này nhỏ hơn 0.5 size), 40 (size nhỏ hơn 0.5), 40.5 (nhỏ hơn 0.5 cỡ), 41.5 (mẫu này nhỏ hơn 0.5 size so với thông thường), 42 (size nhỏ hơn 0.5), 42.5 (nhỏ hơn 0.5 cỡ), 43.5 ("
