cum_gan_trung,kich_thuoc_cum,product_id,category,title_zh
9588,45,809470080221,fashion,重磅潮牌纯棉印花男士短袖T恤2025新款夏季爆款潮流休闲圆领体恤
9588,45,801470509077,fashion,2025新款爆款半袖休闲高档男士短袖t恤夏季纯棉体恤潮牌百搭上衣T
9588,45,788067778504,fashion,纯棉短袖T恤男女款夏季ins圆领上衣潮男半袖t恤男跨境认证热词
9588,45,776306184270,fashion,重磅纯棉潮牌印花男士短袖T恤2025新款夏季爆款潮流痞帅休闲体恤
9588,45,779865312652,fashion,重磅潮牌纯棉印花男士短袖T恤2025新款夏季爆款潮流休闲圆领体恤
9588,45,791409558179,fashion,纯棉短袖T恤男女款夏季ins白搭圆领上衣潮百搭男半袖230g长绒棉
9588,45,788904562856,fashion,纯棉短袖T恤男女款夏季ins圆领上衣潮百搭男半袖潮牌230克纯棉
9588,45,947736723009,fashion,跨境代发【24小时发货】潮流潮牌夏季230重磅透气男士纯棉t恤短袖
9588,45,784519389123,fashion,重磅纯棉短袖T恤休闲潮流男女款夏季ins白搭圆领上衣潮百搭男半袖
9588,45,779345272143,fashion,重磅潮牌纯棉印花男士短袖T恤2025新款夏季爆款潮流休闲圆领体恤
9588,45,898307137181,fashion,重磅纯棉潮牌印花男士短袖T恤2025新款夏季爆款潮流痞帅休闲体恤
9588,45,790210258529,fashion,纯棉短袖T恤男女款夏季ins白搭圆领上衣潮百搭男半袖230g长绒棉
9588,45,815538410137,fashion,重磅潮牌纯棉印花男士短袖T恤2025新款夏季爆款潮流休闲圆领体恤
9588,45,789267495230,fashion,重磅纯棉短袖T恤休闲潮流男女款夏季ins白搭圆领上衣潮百搭男半袖
9588,45,898275457703,fashion,美式潮牌重磅纯棉短袖t恤男士夏季潮流半袖上衣宽松大码男装体恤
9588,45,950363445915,fashion,跨境代发【24小时发货】夏季230重磅透气男士纯棉t恤短袖大码跨境
9588,45,896834268911,fashion,加肥加大码短袖t恤男港风潮流百搭ins嘻哈体恤夏季学生五分袖上衣
9588,45,810838975833,fashion,重磅潮牌纯棉印花男士短袖T恤2025新款夏季爆款潮流休闲圆领体恤
9588,45,779601821679,fashion,重磅潮牌纯棉印花男士短袖T恤2025新款夏季爆款潮流休闲圆领体恤
9588,45,897590143115,fashion,短袖T恤男重磅纯棉夏季潮牌ins印花上衣宽松圆领半袖体恤男装衣服
9588,45,780794627055,fashion,重磅潮牌纯棉印花男士短袖T恤2025新款夏季爆款潮流休闲圆领体恤
9588,45,783480967163,fashion,重磅纯棉短袖T恤休闲潮流男女款夏季ins白搭圆领上衣潮百搭男半袖
9588,45,779580156020,fashion,重磅潮牌纯棉印花男士短袖T恤2025新款夏季爆款潮流休闲圆领体恤
9588,45,807723935740,fashion,2025新款爆款半袖休闲高档男士短袖t恤夏季纯棉体恤潮牌百搭上衣T
9588,45,864514018673,fashion,重磅潮牌纯棉印花男士短袖T恤2024新款夏季爆款潮流休闲圆领体恤
9588,45,779239805226,fashion,重磅潮牌纯棉印花男士短袖T恤2025新款夏季爆款潮流休闲圆领体恤
9588,45,797157628821,fashion,重磅潮牌纯棉印花男士短袖T恤2025新款夏季爆款潮流休闲圆领体恤
9588,45,791913514407,fashion,重磅潮牌纯棉印花男士短袖T恤2025新款夏季爆款潮流休闲圆领体恤
9588,45,795779079227,fashion,重磅纯棉短袖T恤休闲潮流男女款夏季ins百搭圆领上衣潮百搭男半袖
9588,45,898277209637,fashion,纯棉男士圆领t恤上衣夏季新款大众潮流宽松短袖青春打底休闲半袖
9588,45,815475273453,fashion,重磅潮牌纯棉印花男士短袖T恤2025新款夏季爆款潮流休闲圆领体恤
9588,45,776335973784,fashion,重磅纯棉潮牌印花男士短袖T恤2025新款夏季爆款潮流痞帅休闲体恤
9588,45,920230453384,fashion,24小时发货男士纯棉T恤短袖夏季|一件代发印花长袖吸汗透气
9588,45,886252026912,fashion,美式重磅男装短袖t恤夏季新款青年百搭潮牌潮流宽松休闲上衣短袖
9588,45,811970700916,fashion,重磅潮牌纯棉印花男士短袖T恤2025新款夏季爆款潮流休闲圆领体恤
9588,45,817823309131,fashion,2025夏季男士纯棉短袖T恤潮流潮牌休闲运动百搭体恤衫青少年上衣
9588,45,776335949126,fashion,重磅纯棉潮牌印花男士短袖T恤2025新款夏季爆款潮流痞帅休闲体恤
9588,45,918729286478,fashion,美式新款潮牌ins纯棉男士印花短袖T恤夏季潮流男女休闲圆领体恤男
9588,45,793027653936,fashion,重磅潮牌纯棉印花男士短袖T恤2025新款夏季爆款潮流休闲圆领体恤
9588,45,897591139105,fashion,180g短袖t恤男青少年潮牌潮流字母印花半袖宽松上衣跨境专供
9588,45,897826662865,fashion,美式纯棉短袖t恤男士夏季潮牌宽松圆领半袖潮流印花休闲情侣体恤
9588,45,895315203664,fashion,夏季新款短袖宽松t恤男士潮牌休闲半袖潮流体恤打底衫五分袖上衣
9588,45,951399032138,fashion,跨境代发【24小时发货】潮流潮牌夏季230重磅透气男士纯棉t恤短袖
9588,45,898264265987,fashion,美式纯棉短袖t恤男士夏季潮牌宽松圆领半袖潮流印花休闲情侣体恤
9588,45,906812109970,fashion,美式潮牌ins高端纯棉男士印花短袖T恤新款夏季潮流休闲圆领体恤男
16119,26,978781322531,shoes,2026春季新款高帮透气百搭休闲男鞋青少年跑步厚底防滑运动老爹鞋
16119,26,987887076635,shoes,男鞋冬季2026新款百搭青少年厚底休闲老爹鞋男款透气网面运动潮鞋
16119,26,978626119371,shoes,男鞋春季工地干活工作劳保鞋男士运动休闲复古厚底增高工装老爹鞋
16119,26,980546820026,shoes,男鞋春季工地干活工作劳保鞋男士运动休闲复古厚底增高工装老爹鞋
16119,26,970864328980,shoes,帆布男鞋春季透气防臭黑色布鞋爆款迷彩板鞋防滑增高休闲运动潮鞋
16119,26,936047581195,shoes,冬季透气男鞋2025新款青少年运动休闲跑步鞋学生轻便老爹网面潮鞋
16119,26,979147906321,shoes,高帮男鞋2026新款春季青少年马丁靴运动休闲小白增高老爹百搭潮鞋
16119,26,1000250269092,shoes,男鞋冬季百搭休闲跑步运动鞋青少年学生超轻气垫减震防滑软底跑鞋
16119,26,960482246669,shoes,网红爆款男鞋冬季透气网面休闲内增高老爹鞋青少年跑步减震运动鞋
16119,26,975434416626,shoes,男鞋秋季男士休闲鞋2026新款皮面跑步鞋防滑运动鞋男防水防滑潮鞋
16119,26,978982621204,shoes,男鞋2026春季新款高帮休闲运动潮鞋厚底增高防滑户外工装马丁靴子
16119,26,933956050825,shoes,2025冬季新款男鞋透气休闲运动鞋网面防臭鞋子男款软底百搭跑步鞋
16119,26,907997630617,shoes,男鞋冬季网面透气青少年运动防滑休闲鞋厚底增高跑步白色老爹潮鞋
16119,26,946886431293,shoes,男鞋2026新款冬季潮流男士厚底运动爆款网面透气休闲老爹潮鞋子男
16119,26,972168352203,shoes,男鞋2026新款春季英伦风高帮户外复古工装皮靴休闲百搭马丁靴潮鞋
16119,26,1003845379220,shoes,运动鞋男2026新款冬季鞋子旋钮扣跑鞋减震休闲鞋透气男鞋休闲百搭
16119,26,908001746366,shoes,男鞋冬季网面透气青少年运动防滑休闲鞋厚底增高跑步白色老爹潮鞋
16119,26,980434711914,shoes,男鞋2026新款春季青少年中学生男生防滑增高软底休闲跑步运动潮鞋
16119,26,986515301436,shoes,男鞋2026新款冬季软底运动休闲鞋子男跑步鞋透气男学生百搭潮鞋男
16119,26,935464894444,shoes,冬季透气男鞋2025新款青少年运动休闲跑步鞋学生轻便老爹网面潮鞋
16119,26,893378467342,shoes,2026冬季新款男款网鞋帆布潮鞋百搭休闲韩版潮流男鞋运动板鞋布鞋
16119,26,930036446918,shoes,2026冬季新款厚底增高男鞋懒人一脚蹬休闲运动鞋防滑耐磨透气鞋子
16119,26,979163890062,shoes,鞋子男冬季新款皮面防水运动鞋潮流百搭休闲老爹鞋软底防滑跑步鞋
16119,26,909819026907,shoes,男鞋冬季2026新款爆款纯黑厚底黑武士气垫休闲运动鞋老爹ins潮鞋
16119,26,971867997062,shoes,高帮男鞋冬季青少年运动防水耐磨防滑厚底休闲工装旋转纽扣马丁靴
16119,26,1007301261259,shoes,男鞋2026新款冬季气垫跑鞋防水运动鞋防滑减震透气男士休闲老爹鞋
16003,24,901167845857,shoes,春季男鞋新款透气网面鞋子男士运动鞋潮流百搭厚底休闲跑步老爹鞋
16003,24,902885466010,shoes,春季男鞋新款透气网面青少年运动鞋男潮流百搭轮胎底厚底老爹鞋男
16003,24,808757773245,shoes,秋季男鞋新款透气网面男士运动鞋子男潮流百搭厚底防滑休闲老爹鞋
16003,24,922351273464,shoes,运动鞋春季男鞋新款透气网面鞋子男潮流百搭厚底增高鞋休闲老爹鞋
16003,24,972689950466,shoes,男鞋老爹鞋男款2025新款秋季百搭休闲跑步鞋子男士厚底休闲运动鞋
16003,24,896938849897,shoes,2025春季男鞋新款透气网面鞋子男潮流百搭厚底运动鞋休闲老爹鞋男
16003,24,855763680025,shoes,男鞋秋季新款潮流百搭青少年运动鞋男款休闲厚底增高小白老爹潮鞋
16003,24,954541630515,shoes,2025春季男鞋新款透气网面鞋子男潮流百搭厚底运动鞋休闲老爹鞋男
16003,24,1004218481157,shoes,2025春季男鞋新款透气网面鞋子男潮流百搭厚底运动鞋休闲老爹鞋男
16003,24,901176201644,shoes,春季男鞋新款透气网面鞋子男士运动鞋潮流百搭厚底休闲跑步老爹鞋
16003,24,978852553642,shoes,2025男鞋秋季新款透气网面鞋子男潮流百搭厚底增高运动休闲老爹鞋
16003,24,980177573260,shoes,男鞋秋季新款皮面防水运动鞋潮流百搭休闲老爹鞋软底防滑跑步鞋男
16003,24,1038024988290,shoes,春季男鞋新款透气鞋子男士运动鞋潮流百搭厚底增高休闲跑步老爹鞋
16003,24,1035942806163,shoes,春季男鞋新款透气鞋子男士运动鞋潮流百搭厚底增高休闲跑步老爹鞋
16003,24,988032230180,shoes,男鞋秋季新款透气鞋子男士运动鞋潮流百搭厚底增高休闲跑步老爹鞋
16003,24,903294689113,shoes,男鞋2025新款夏季透气潮流休闲运动鞋男款百搭网面跑步增高老爹鞋
16003,24,1072989702262,shoes,老爹鞋男秋季新款透气网面鞋子男潮流百搭厚底休闲运动鞋跨境大码
16003,24,922345188452,shoes,夏季男鞋夏季透气2025新款运动鞋男跑步休闲增高小白网面老爹潮鞋
16003,24,985332161221,shoes,老爹鞋男鞋秋季新款透气网面鞋子男潮流百搭厚底增高休闲运动鞋男
16003,24,928574541124,shoes,夏季男鞋2025新款透气网面运动鞋男士潮流百搭厚底休闲老爹鞋潮鞋
16003,24,931470580224,shoes,男鞋一脚蹬夏季厚底帆布跑步运动鞋男青少年耐磨轮胎底老爹鞋
16003,24,935574852790,shoes,2025男鞋休闲网面运动鞋夏季新款防滑防臭男式轻便跑步鞋透气潮鞋
16003,24,971357934807,shoes,2025秋季男鞋新款透气青少年运动鞋潮流百搭厚底休闲跑步老爹鞋男
16003,24,984584262414,shoes,老爹鞋男秋季新款透气网面鞋子男潮流百搭厚底增高休闲运动鞋潮鞋
9575,15,902653926592,fashion,美式潮牌重磅纯棉短袖印花t恤男士夏季潮流宽松大码体恤时尚上衣
9575,15,902778547695,fashion,纯棉小众设计感重磅短袖T恤男夏季2025新款美式复古宽松休闲短袖
9575,15,902042291234,fashion,日系灰色短袖t恤男生夏季2026新款青少年cityboy宽松百搭圆领半袖
9575,15,942704197589,fashion,美式破洞短袖t恤男士2025年新款夏季高级感痞帅宽松半袖体恤男款
9575,15,902818897827,fashion,美式潮牌重磅纯棉短袖t恤男士夏季潮流半袖上衣宽松青少年男装体
9575,15,902325118364,fashion,200g重磅美式纯棉短袖t恤男夏季潮牌宽松小领口七分袖情侣装半袖
9575,15,941415734218,fashion,扎染短袖t恤男士夏季2025新款宽松半袖青少年美式重磅男生上衣服
9575,15,904311304266,fashion,男夏季美式重磅黑色短袖t恤个性简约字母宽松大码纯棉半袖体恤
9575,15,902328574113,fashion,短袖t恤男2026夏季美式高街潮牌痞帅机车风条纹拼接宽松半袖衣服
9575,15,790201108762,fashion,重磅纯棉短袖T恤男士港风潮流宽松百搭体恤ins休闲半袖情侣上衣服
9575,15,902538087534,fashion,男2025夏季oversize宽松短袖 欧美潮牌大码圆领透气半袖T恤
9575,15,903787419134,fashion,男士港风宽松重磅纯棉短袖T恤ins休闲百搭圆领印花半袖情侣体恤
9575,15,902011934310,fashion,墨绿色短袖t恤男夏季美式复古220g重磅潮牌潮流oversize男生上衣
9575,15,902475125305,fashion,美式复古个性涂鸦纯棉短袖t恤男夏季潮牌宽松显瘦学院风半袖上衣
9575,15,943184657629,fashion,花灰色插肩刺绣美式正肩t恤重磅短袖男高级感痞帅cityboy情侣半袖
16310,15,1052363176868,shoes,板鞋男2026夏季新款爆款铆钉红底鞋潮流系带水钻低帮板鞋网红百搭
16310,15,1051927103819,shoes,2026春季新款米白色低帮帆布鞋复古男款百搭鞋子爆款板鞋轻便男鞋
16310,15,1052025940543,shoes,【万达撤柜】美式运动休闲鞋百搭板鞋全麂皮黑色胖胖面包鞋男板鞋
16310,15,1053180672340,shoes,2026新款轻奢潮流运动休闲鞋高颜值复古百搭情侣潮流休闲鞋男鞋
16310,15,1057284096835,shoes,欧洲站CL红底鞋爆款铆钉鞋个性潮流cl铆钉鞋时尚百搭红底柳钉板鞋
16310,15,1050163138327,shoes,Knuskool黑色苏格兰轻奢男女板鞋美式复古胖胖面包鞋休闲情侣板鞋
16310,15,1050495618353,shoes,男士潮牌帆布透气板鞋四季休闲鞋时尚潮流运动鞋男原宿风学生男鞋
16310,15,1049401315188,shoes,黑白紫面包鞋高端支线美式街头面包鞋复古撞色低帮男女休闲板鞋
16310,15,1051472509168,shoes,男士潮牌帆布透气板鞋四季休闲鞋时尚潮流运动鞋男原宿风学生男鞋
16310,15,1049700631575,shoes,夏季新款男鞋2025新款三道杠板鞋百搭软底防臭男士轻便运动休闲鞋
16310,15,1074303078930,shoes,2026潮流百搭经典时尚情侣校园风流行贝壳头运动板鞋厚底增高男鞋
16310,15,1054570472762,shoes,2026夏季新款爆款铆钉红底鞋潮流系带水钻低帮板鞋网红百搭潮男鞋
16310,15,1050548315084,shoes,小丑鞋男2026春季潮流休闲阿甘鞋男士潮鞋时尚低帮潮牌百搭德训鞋
16310,15,1051143665641,shoes,2026春季新款米白色低帮帆布鞋复古男款百搭鞋子爆款板鞋轻便男鞋
16310,15,1052313012501,shoes,新款男鞋春季透气运动休闲小白鞋百搭轻便板鞋学生跑步鞋百搭潮流
9245,14,948486397997,fashion,100%纯棉圆领短袖T恤夏季宽松印花上衣短袖男t恤纯棉夏季新款
9245,14,963941139225,fashion,100%纯棉短袖t恤男夏季ins潮流高级感痞帅青少年宽松百搭休闲体恤
9245,14,949054740114,fashion,100%纯棉短袖T恤男夏季休闲宽松青年五分袖痞帅上衣潮牌男式T恤
9245,14,965092305476,fashion,100%纯棉短袖t恤男夏季美式潮牌宽松半袖青少年衣服男生体恤透气
9245,14,948493401494,fashion,100%纯棉短袖T恤男夏季新款潮牌美式复古宽松潮流帅气五分袖上衣
9245,14,966266784688,fashion,2026春秋季新款100%纯棉重磅t恤男潮流宽松百搭帅气港风长袖上衣
9245,14,971474683486,fashion,2025春秋季新款100%纯棉重磅t恤男潮流宽松百搭帅气港风长袖上衣
9245,14,966666581781,fashion,长袖t恤男士春秋季2025新款圆领纯棉美式重磅休闲百搭韩版打底衫
9245,14,948104257613,fashion,100%纯棉短袖t恤男夏季新款美式ins复古潮牌宽松半袖圆领潮流上衣
9245,14,964972542709,fashion,100%棉高质量春秋季重磅长袖t恤男百搭帅气白色上衣学生韩版打底
9245,14,950081205416,fashion,100%纯棉短袖t恤男夏季新款美式潮牌简约宽松休闲男士上衣体恤衫
9245,14,963949574656,fashion,100%纯棉短袖t恤男夏季新款港风ins潮牌宽松百搭五分半袖体恤衫
9245,14,947493278137,fashion,100%纯棉短袖t恤男夏季新款日系ins高级感潮牌宽松半袖青少年上衣
9245,14,949037264995,fashion,100%纯棉短袖t恤男夏季新款设计感卡通印花青年宽松ins半袖上衣
9253,13,938178755915,fashion,cid专供男士T恤衣服夏季高档时尚耐磨小蜜蜂简约百搭运动纯色短袖
9253,13,929478559627,fashion,夏季男士冰丝短袖T恤时尚潮流宽松休闲上衣百搭潮牌半袖打底t恤衫
9253,13,950678279235,fashion,短袖T恤男士2026夏季新款潮流文艺短袖t恤冰丝凉感潮牌休闲上衣服
9253,13,945759923883,fashion,美式重磅短袖T恤正肩设计休闲T恤夏季新款硬汉小领口半袖衣服男装
9253,13,930669557430,fashion,夏季男士圆领短袖T恤休闲时尚百搭薄款体恤冰丝凉感简约半袖上衣
9253,13,921876694713,fashion,冰丝短袖男夏季新款半袖t恤衫男士潮流潮牌ins宽松透气男士上衣服
9253,13,938613438572,fashion,夏季男士T恤衣服高档耐磨刺绣印花小蜜蜂简约百搭纯色休闲短袖T恤
9253,13,905296803265,fashion,男士长袖T恤春秋季新款长袖男装体恤卫衣宽松休闲上衣潮牌ins批发
9253,13,944334193831,fashion,冰丝短袖t恤男2026年夏季新款潮流休闲圆领半袖体恤男装凉感衣服
9253,13,938032469682,fashion,2026夏季男士T恤高档时尚刺绣小蜜蜂简约百搭纯色短袖体恤衫上衣
9253,13,905291659991,fashion,男士长袖T恤春秋季潮牌ins男装体恤宽松休闲印花上衣批发冰丝速干
9253,13,938029853737,fashion,专供男士T恤2026夏季高档时尚刺绣小蜜蜂简约百搭纯色短袖男装
9253,13,951885808774,fashion,速干t恤男冰丝夏季薄款运动短袖宽松健身衣服训练跑步服户外上衣
9169,11,900326755226,fashion,夏季新款纯棉短袖T恤男装百搭半袖内穿潮牌打底衫情侣上衣ins透气
9169,11,917236198974,fashion,白色重磅2026纯棉短袖男士t恤夏季新款美式大码宽松潮牌潮流体恤
9169,11,901512374271,fashion,重磅100%纯棉短袖T恤男夏季2026印花半袖大码宽松体恤打底衫潮流
9169,11,900808218450,fashion,2026夏季新款纯棉男士新款220g短袖T恤重磅美式潮牌宽松圆领上衣
9169,11,901167118082,fashion,2026夏季新款纯棉男士新款220g短袖T恤重磅美式潮牌宽松圆领上衣
9169,11,901376354492,fashion,100%纯棉短袖t恤男款夏季潮牌美式宽松青少年半袖体恤男生上衣服
9169,11,900622594523,fashion,重磅夏季短袖100%纯棉t恤男宽松百搭休闲半袖ins情侣款上衣服体恤
9169,11,900061461835,fashion,2026夏季新款美式纯棉T恤短袖潮流男士百搭宽松休闲半袖男女同款
9169,11,900975707087,fashion,重磅100%纯棉oversize字母短袖t恤男款夏季2026新款情侣装上衣服
9169,11,901099727232,fashion,100%纯棉春夏装痞帅情侣装男复古港味ins字母短袖T恤新款宽松半袖
9169,11,902379696331,fashion,重磅100%纯棉美式潮牌字母短袖t恤男款夏季宽松小众欧货半袖体恤
15889,11,732395572944,shoes,春季男鞋新款透气帆布鞋男学生潮流百搭厚底运动休闲板鞋老爹鞋男
15889,11,724247308844,shoes,男鞋夏季新款透气小白鞋子男生潮流百搭布鞋厚底运动休闲板鞋潮鞋
15889,11,724773269578,shoes,男鞋春季新款透气小白鞋子男学生潮流百搭布鞋运动休闲板鞋子潮鞋
15889,11,724797427909,shoes,夏季男鞋透气帆布鞋子男韩版潮流百搭小白鞋厚底运动休闲板鞋潮鞋
15889,11,724744101672,shoes,2024新款夏季男士帆布鞋韩版潮流板鞋百搭学生鞋子男ins休闲潮鞋
15889,11,811263022364,shoes,春夏季男鞋新款透气鞋子男学生韩版潮流百搭男士休闲运动板鞋潮鞋
15889,11,737649142742,shoes,春季男鞋新款透气帆布鞋子男学生潮流百搭小白鞋运动休闲小众板鞋
15889,11,724604093944,shoes,春季男鞋新款透气鞋子男韩版潮流百搭防滑耐磨运动休闲鞋板鞋潮鞋
15889,11,777899146500,shoes,夏季男鞋新款透气小白鞋子男款韩版潮流百搭厚底运动休闲板鞋潮鞋
15889,11,811093896063,shoes,秋季男鞋2024新款透气小白鞋子男学生潮流百搭运动鞋休闲板鞋潮鞋
15889,11,761560950355,shoes,春季男鞋新款透气鞋子男款韩版百搭厚底小白鞋运动休闲平板鞋潮鞋
12245,10,1066763742264,mother_baby,婴儿连体衣a类纯棉四季款周岁宝宝衣服无骨哈衣爬爬服安阳婴童装
12245,10,950140838845,mother_baby,婴儿衣服纯棉a类春秋季宝宝衣服双层护肚新生儿连体衣安阳婴童装
12245,10,1066852984755,mother_baby,婴儿衣服a类棉学院风翻领宝宝连体衣四季款周岁外出衣服逸优服饰
12245,10,1063251330812,mother_baby,新生儿衣服a类纯棉无骨哈衣爬爬服婴儿连体衣四季款宝宝家居衣服
12245,10,1066345272979,mother_baby,秋季长袖包屁衣纯棉a类满月宝宝三角爬服新生儿衣服四季款家居服
12245,10,950785613200,mother_baby,婴儿连体衣纯棉a类四季款新生儿衣服带帽无骨哈衣可爱宝宝爬爬服
12245,10,1009356314036,mother_baby,婴儿包屁衣春季长袖小碎花荷叶领三角哈衣可爱女宝宝连体爬爬服
12245,10,1066249770013,mother_baby,婴儿衣服纯棉a类秋季百天宝宝连体衣北欧ins风新生儿无骨哈衣爬服
12245,10,1064390806501,mother_baby,婴儿连体衣纯棉a类周岁宝宝衣服新生儿春秋无骨哈衣爬服柔软亲肤
12245,10,1065467320778,mother_baby,婴儿连体衣a类棉春秋季周岁宝宝外出衣服休闲爬服翻领安阳婴童装
2969,8,869084497312,bags,2024新款旅行箱学生铝框拉杆箱万向轮男女拉链密码皮箱结实登机箱
2969,8,897900004033,bags,行李箱2025新款高级铝框拉杆箱多功能旅行箱20寸女大容量拉杆皮箱
2969,8,896765451348,bags,皮箱拉杆箱男大容量旅行箱加厚学生行李箱铝框密码箱女结实耐用24
2969,8,894519814557,bags,高颜值行李箱女2025新款万向轮拉杆箱24寸轻便登机密码旅行皮箱男
2969,8,869064573223,bags,行李箱女旅行箱新款多功能挂钩登机箱万向轮24拉杆旅行箱男密码箱
2969,8,897894091278,bags,侧开盖行李箱女22寸新款多功能旅行箱可扩容大容量拉杆箱男26皮箱
2969,8,869116578310,bags,结实耐用行李箱24寸男生万向轮男铝框拉杆密码旅行28寸大容量皮箱
2969,8,869313424751,bags,多功能行李箱万向轮铝框拉杆箱女学生20寸箱包旅行箱登机密码箱24
6174,8,939330002952,fashion,高端美式重磅纯棉短袖T恤男士ins潮牌街头宽松上衣服体恤男款夏季
6174,8,895141099639,fashion,美式纯棉夏季字母印花短袖T恤 简约上衣男体恤宽松半袖打底衫潮牌
6174,8,892675101692,fashion,纯棉高端潮牌简约短袖T恤男士美式宽松2025夏季圆领上衣体恤衫
6174,8,896093417881,fashion,高档欧货潮牌T恤印花短袖男夏季时尚情侣纯棉半袖体恤打底衫ins潮
6174,8,803843685955,fashion,重磅纯棉夏季短袖t恤男士百搭宽松休闲大码字母印花凉感圆领体恤
6174,8,939772082546,fashion,夏季重磅纯棉百搭潮牌男装短袖T恤圆领休闲潮流半袖体恤衫上衣ins
6174,8,777927314466,fashion,夏季重磅纯棉百搭潮牌男装短袖T恤圆领休闲潮流半袖体恤衫上衣ins
6174,8,904511107749,fashion,欧美潮牌短袖ins纯棉上衣夏季男士印花T恤潮流男女百搭圆领体恤男
9581,8,838172560191,fashion,美式潮牌ins纯棉男士印花短袖T恤夏季新款潮流男女百搭圆领体恤男
9581,8,901931318291,fashion,欧美潮牌短袖ins纯棉夏季新款男士印花T恤潮流男女百搭圆领体恤男
9581,8,906153125372,fashion,高品质纯棉男士爆款短袖T恤2026夏季新款休闲圆领体恤衫运动上衣
9581,8,901934374656,fashion,欧美潮牌短袖ins纯棉夏季新款男士印花T恤潮流男女百搭圆领体恤男
9581,8,894578925176,fashion,短袖ins纯棉夏季男士印花T恤潮流男女百搭圆领体恤男高克重纯棉
9581,8,906340791479,fashion,欧美潮牌短袖ins纯棉夏季新款男士印花T恤潮流男女百搭圆领体恤男
9581,8,903049053563,fashion,欧美潮牌短袖ins纯棉夏季新款男士印花T恤潮流男女百搭圆领体恤男
9581,8,879010737273,fashion,美式潮牌ins纯棉男士印花短袖T恤夏季新款潮流男女百搭圆领体恤男
15416,8,961574726166,shoes,网红轻便复古德训鞋子女2025新款爆款平底百搭运动阿甘鞋休闲鞋
15416,8,969754299945,shoes,超轻老爹鞋女春秋季2025新款ins百搭小白鞋厚底增高颜值跑步运动
15416,8,970513021039,shoes,厚底老爹鞋女2025春秋新款百搭透气网面轻便慢跑休闲运动单鞋
15416,8,970311393822,shoes,厚底包头运动鞋大头鞋显瘦韩版2025秋季老爹阿甘增高小白鞋女
15416,8,944092026518,shoes,老爹鞋女增高赵露思同款女鞋2025新款轻便显脚小厚底运动休闲鞋潮
15416,8,970248254654,shoes,超轻老爹鞋女春秋季2025新款ins百搭小白鞋厚底增高颜值跑步运动
15416,8,972250196214,shoes,老爹鞋女2025新款软底防滑休闲百搭时尚舒适运动休闲鞋内增高女鞋
15416,8,965824731084,shoes,中考体育考试女鞋运动鞋2025学生减震软底防滑轻便旅游跑步爆款鞋
15859,8,735023794908,shoes,春季男鞋新款透气鞋子男学生潮流百搭小白鞋厚底运动休闲板鞋潮鞋
15859,8,728176523288,shoes,春季男鞋新款透气劳保鞋子男工地上班潮流百搭防滑运动板鞋老爹鞋
15859,8,901883413915,shoes,2025夏季男鞋新款透气帆布鞋子男款潮流百搭运动鞋休闲鞋板鞋潮鞋
15859,8,725606648848,shoes,夏季男鞋新款透气小白鞋子男学生韩版潮流百搭运动休闲板鞋男潮鞋
15859,8,895063178763,shoes,春季男鞋新款透气小白鞋子男学生韩版潮流百搭厚底运动鞋休闲板鞋
15859,8,737677194121,shoes,春季男鞋新款透气小白鞋子男学生韩版潮流百搭厚底运动休闲板鞋男
15859,8,895064174683,shoes,男鞋2025春季新款透气工装鞋子男士潮流百搭防滑运动休闲板鞋潮鞋
15859,8,821555581357,shoes,2025春季男鞋透气鞋子男学生潮流百搭小白鞋厚底运动休闲板鞋潮鞋
16239,8,885106441685,shoes,男鞋2025新款春季百搭休闲板鞋男生小众原创爆款厚底运动老爹潮鞋
16239,8,842206172903,shoes,秋季男鞋新款透气工地干活劳保鞋男潮流百搭厚底运动休闲板鞋潮鞋
16239,8,833332471997,shoes,男鞋秋季新款透气小白鞋小众设计百搭青少年运动厚底休闲板鞋潮鞋
16239,8,947640300736,shoes,男鞋秋季新款透气百搭白色休闲板鞋学生厚底运动鞋休闲小白鞋潮鞋
16239,8,902875287931,shoes,春季男鞋新款透气小白鞋子男潮流百搭厚底增高运动鞋休闲板鞋潮鞋
16239,8,887417601263,shoes,男鞋2025新款春季百搭休闲板鞋男生小众原创爆款厚底运动老爹潮鞋
16239,8,891860681988,shoes,春季男鞋新款透气帆布鞋子男潮流百搭小众板鞋厚底运动休闲老爹鞋
16239,8,948057260779,shoes,男鞋秋季新款透气百搭白色休闲板鞋学生厚底运动鞋休闲小白鞋潮鞋
635,7,931117869419,auto,适用于宝马3系5系X3X5X4专用原厂行车记录仪免走线4K高清夜视摄像
635,7,950133437652,auto,奔驰a级s级c级e级c200l e300l glc260 glb gle行车记录仪免走线
635,7,936583244644,auto,适用于大众速腾大众迈腾大众CC大众全系原厂行车记录仪4k高清双摄
635,7,945245433960,auto,三代哈弗H6猛龙枭龙max哈佛二代大狗导航仪专用行车记录仪走线
635,7,951707277487,auto,路虎专用无线行车记录仪发现神行运动版导航仪原厂隐形高清
635,7,948209936323,auto,适用于领克030102Z20506行车记录仪2025新款高清免走线前后双摄
635,7,946204006884,auto,适用埃安UT埃Y专用行车记录仪原厂4k超高清夜视无损安装前后双摄
15652,7,864836355336,shoes,白色高级感小白鞋女2025春秋款百搭ins潮流高颜值松糕底学生板鞋
15652,7,911636633992,shoes,老爹鞋女小个子2025新款休闲运动鞋春夏款透气网面超火厚底增高鞋
15652,7,905571422342,shoes,帆布包头半拖鞋女2025年春季新款厚底外穿懒人后跟内增高小白鞋
15652,7,1015094884788,shoes,2026春秋跑步鞋赵露思同款蝴蝶网面透气老爹鞋女增高运动鞋女
15652,7,798586452966,shoes,高颜值配裙黑色增高厚底鞋子女2025春季新款百搭运动复古德训板鞋
15652,7,928604566738,shoes,赵露思同款老爹鞋女2025年秋季新款厚底增高超软透气轻便运动鞋
15652,7,863671454539,shoes,奶fufu厚底小白鞋女2024秋季新款爆款百搭学生软底板鞋休闲运动鞋
15997,7,775157293148,shoes,男鞋冬季透气一脚蹬平板鞋工作防水防滑男士休闲皮鞋运动小白潮鞋
15997,7,775392792993,shoes,网红爆款男鞋冬季2025新款百搭厚底休闲平板鞋防滑青少年运动潮鞋
15997,7,778989546277,shoes,男鞋2026春季新款工地上班耐磨劳保冬季男士一脚蹬休闲运动板鞋潮
15997,7,841303541840,shoes,2025春季新款韩版潮流男鞋男士百搭青少年学生板鞋网红运动休闲鞋
15997,7,777094690709,shoes,网红爆款男鞋2025新款潮流百搭小众设计感休闲平板鞋学生运动潮鞋
15997,7,687965613515,shoes,2026春季韩版男鞋男士百搭青少年学生板鞋运动休闲鞋潮鞋舒适低帮
15997,7,778954971531,shoes,帆布鞋男低帮冬季2026新款小众低帮印花板鞋男士厚底运动休闲潮鞋
16230,7,1039548707305,shoes,男鞋2026新款夏季潮流百搭运动休闲板鞋男士软底小白潮鞋男款鞋子
16230,7,1012898508602,shoes,男鞋2026新款春季百搭休闲户外登山鞋耐磨透气运动工装劳保鞋子男
16230,7,1032469318074,shoes,男鞋2026新款春季网红爆款百搭皮面休闲板鞋学生增高运动潮鞋子男
16230,7,1029803601589,shoes,2026新款春季爆款男鞋时尚百搭板鞋厚底耐磨休闲运动鞋学生潮鞋男
16230,7,1029314626682,shoes,德训鞋男士2026新款春季休闲鞋子厚底增高男生小众复古百搭板鞋潮
16230,7,1011508770785,shoes,2026男鞋春季透气网鞋百搭网面休闲爆米花运动鞋跑步增高老爹潮鞋
16230,7,1055322353667,shoes,运动鞋男鞋2026新款夏季学生休闲百搭厚底增高跑步鞋男鞋透气潮鞋
5436,6,927211100816,electronics,新款无线蓝牙耳机运动挂耳夹耳式新款适用华为索尼高音质降噪
5436,6,966228753831,electronics,GT526Y柏林之声挂耳式OWS不入耳降噪蓝牙无线蓝牙耳机可旋转130°
5436,6,912907975321,electronics,【能当充电宝】蓝牙耳机超长续航开放式无线运动OWS新款柏林之声
5436,6,858470100624,electronics,GT526Y柏林之声挂耳式OWS不入耳降噪蓝牙无线蓝牙耳机可旋转130°
5436,6,920752196574,electronics,GTS19挂耳式蓝牙耳机 不入耳无线耳机超长待机高音质高品质
5436,6,888216743487,electronics,GT735Y电商爆款挂耳式OWS不入耳降噪蓝牙无线蓝牙耳机可旋转130°
9214,6,948591034479,fashion,夏季短袖T恤男士宽松休闲百搭上衣情侣半袖圆领高品质上百搭男装
9214,6,914331601781,fashion,夏季新款潮牌纯棉男女重磅休闲印花百搭宽松上衣短袖T恤ins上衣男
9214,6,912871663451,fashion,美式痞帅重磅纯棉短袖T恤青年男女款夏季ins潮牌街头宽松圆领上衣
9214,6,957424511868,fashion,「一折专区丨奥莱清仓丨250g双纱精梳纯棉短袖T恤男美式重磅潮牌
9214,6,909572419989,fashion,美式痞帅休闲纯棉短袖T恤青年男女款夏季ins潮牌街头宽松圆领上衣
9214,6,910267622865,fashion,跨境纯棉潮牌字母T恤美式痞帅印花男款夏季潮流宽松短袖圆领上衣
15155,6,1075924731626,mother_baby,适配贝亲三代宽口径彩绘PPSU奶瓶奶嘴自然实感仿真母乳防胀
15155,6,1012419967879,mother_baby,适配第三代宽口径彩绘PPSU贝亲奶瓶奶嘴自然实感仿真母乳防胀
15155,6,1072400281745,mother_baby,适配贝亲三代宽口径彩绘PPSU奶瓶奶嘴自然实感仿真母乳防胀
15155,6,1046660902124,mother_baby,适配贝亲三代宽口径彩绘PPSU奶瓶奶嘴自然实感仿真母乳防胀
15155,6,1070538403448,mother_baby,适配三代宽口径彩绘PPSU贝亲奶瓶 奶嘴自然实感仿真母乳防胀
15155,6,1048493409884,mother_baby,适配三代宽口径彩绘PPSU贝亲奶瓶 奶嘴自然实感仿真母乳防胀
1215,5,941688753076,auto,适用于哈弗H6大狗F7X神兽酷狗赤兔枭龙MAX欧拉好猫专用行车记录仪
1215,5,941671785328,auto,专用于埃安UT/RT/Yplus/Vplus/Smax行车记录仪免走线4K双摄像头
1215,5,934039451711,auto,宝马3系5系7系1系X3X1X2X5X4X6325Li530ix3/i3行车记录仪专车专用
1215,5,937919042432,auto,长安糯玉米CS75逸动欧尚x5CS35CS55plus汽车专用行车记录仪高清
1215,5,939023120280,auto,本田CRV雅阁思域HRV型格XRV皓影奥德赛冠道URV专用汽车行车记录仪
2645,5,777206574457,bags,新款复古行李箱女万向轮拉杆箱男学生耐用密码箱旅行箱子大容量潮
2645,5,916687371852,bags,新款复古行李箱女万向轮拉杆箱男学生耐用密码箱旅行箱子大容量潮
2645,5,917550281821,bags,新款复古行李箱女万向轮拉杆箱男学生耐用密码箱旅行箱子大容量潮
2645,5,936535727830,bags,新款复古行李箱女万向轮拉杆箱男学生耐用密码箱旅行箱子大容量潮
2645,5,998633079032,bags,多功能行李箱高颜值拉杆箱结实耐用拉链密码箱子男女学生旅行箱包
3103,5,948726442036,bags,新款充电密码箱旅行箱行李箱男女万向轮拉杆箱大容量韩版潮流箱子
3103,5,952379428313,bags,厂家批发礼品拉杆箱20寸密码锁行李箱万向轮男女学生密码箱旅行箱
3103,5,952259256003,bags,登机箱旅行箱便携行李箱女学生20寸拉杆箱万向轮拉链行李箱密码箱
3103,5,951162386707,bags,新款纯色旅行大容量行李箱女静音万向轮拉杆箱学生密码箱旅行箱子
3103,5,950597807076,bags,20寸拉杆箱22/24/26寸大学生行李箱子旅行箱女登机箱密码箱男批发
3166,5,751158736374,beauty,HERORANGE~低饱和淡颜口红多用棒水光感滋润显白自然持妆镜面唇膏
3166,5,753496997201,beauty,秋冬干唇!低饱和淡颜口红多用棒水光感滋润显白自然持妆镜面唇膏
3166,5,858807168942,beauty,HERORANGE~低饱和淡颜口红多用棒水光感滋润显白自然持妆镜面唇膏
3166,5,918826897015,beauty,代发包邮~低饱和淡颜口红多用棒水光感滋润显白自然持妆镜面唇膏
3166,5,760090267313,beauty,HERORANGE~低饱和淡颜口红多用棒水光感滋润显白自然镜面持妆唇膏
4670,5,991144841970,bags,印花手提包波士顿包包女2026新款老花轻奢百搭斜挎包高级感枕头包
4670,5,992440100348,bags,老花轻奢水桶包手提包包女式2026新款春高级感百搭通勤单肩斜挎包
4670,5,996698243511,bags,老花轻奢手提包复古印花波士顿枕头包女式2026百搭通勤单肩斜跨包
4670,5,1001287185273,bags,跨境包包女包2025新款单肩时尚印花复古手提包大容量斜挎托特包潮
4670,5,1001962257268,bags,杨树林链条小方包轻奢女式2025新款高级感腋下包风琴包单肩斜挎包
10323,5,575294150341,food,花香水仙 武夷岩茶 武夷山大红袍茶叶 乌龙茶散装批发500g袋装
10323,5,605870746001,food,大红袍 茶叶武夷山正岩肉桂 武夷岩茶 福建乌龙茶散装批发浓香型
10323,5,533127677213,food,重果香肉桂 武夷岩茶武夷山茶叶浓香型乌龙茶桂皮香散装批发500g
10323,5,624687803256,food,【纯种大红袍】福建武夷山岩茶 正岩正种大红袍茶叶 闽北乌龙茶散
10323,5,675531357707,food,【水蜜桃肉桂】武夷山大红袍 武夷岩茶 浓香型肉桂茶叶 散装批发
10927,5,1009234571851,home,桌面收纳盒零食玩具杂物收纳筐家用长方形化妆品带盖收纳箱储物盒
10927,5,1049598655562,home,桌面收纳盒零食玩具杂物收纳筐家用长方形化妆品带盖收纳箱储物盒
10927,5,1051333389095,home,桌面收纳盒长方形零食化妆品杂物塑料整理盒带盖家用储物收纳箱子
10927,5,1029270766289,home,桌面收纳盒长方形零食化妆品杂物塑料整理盒带盖家用储物收纳箱子
10927,5,1034729652079,home,桌面杂物收纳盒带盖塑料零食衣物整理箱玩具置物筐化妆品储物盒子
12345,5,1071933958561,mother_baby,男宝宝春秋款机车风套装男童立领拼色赛车服夹克儿童破洞牛仔裤
12345,5,1071928314777,mother_baby,男童春秋款双色T恤套装婴幼儿可爱上衣搭配条纹裤子米色工装长裤
12345,5,1072969377448,mother_baby,婴儿衣服秋装宝宝字母长袖T恤小童简约印花上衣宽松男童外出套装
12345,5,1071094507839,mother_baby,宝宝春秋款条纹企鹅贴布卫衣套装婴幼儿可爱上衣破洞牛仔裤两件套
12345,5,1073956620097,mother_baby,男宝宝春秋条纹polo卫衣套装婴幼儿翻领撞色上衣阔腿牛仔裤两件套
12700,5,733581384707,mother_baby,INS春秋新款婴儿包屁衣女宝宝长袖蕾丝碎花哈衣新生儿周岁公主裙
12700,5,1011088412742,mother_baby,婴幼儿春秋装洋气网纱包屁裙子爬服连体衣女宝宝哈衣百日宴公主裙
12700,5,1009518918520,mother_baby,韩版女宝春秋包屁衣满月百天甜美爬服新生儿连体衣公主蕾丝哈衣裙
12700,5,732432820382,mother_baby,ins婴儿春秋装新生儿衣服女宝宝连体衣公主满月百天哈衣包屁衣
12700,5,817979246299,mother_baby,ins婴儿衣服春秋装新生儿连体衣哈衣爬服女宝宝周岁礼服包屁衣a类
13791,5,1041814278856,shoes,增高厚底小白鞋女2026新款春季板鞋ins百搭面包鞋休闲运动贝壳鞋
13791,5,1075795288122,shoes,内增高德训鞋女款2026新款秋冬季厚底小白鞋休闲百搭学生运动板鞋
13791,5,1037205302536,shoes,增高厚底小白鞋女2026新款春季运动休闲板鞋魔术贴百搭面包贝壳鞋
13791,5,837317196248,shoes,厚底德训鞋女2026春秋季新款百搭运动休闲阿甘鞋复古透气学生板鞋
13791,5,903360091546,shoes,德训鞋女款2026新款平底舒适小白鞋学院风休闲鞋时尚轻便阿甘鞋子
14684,5,1049398784236,mother_baby,适配第三代贝亲奶嘴宽口径奶瓶 配件防胀气耐高温自然母乳实
14684,5,1013225058871,mother_baby,适配贝亲宽口径 第三代奶嘴 奶瓶 配件防胀气耐高温自然母乳实
14684,5,1083210392937,mother_baby,适用适配第三代贝亲奶嘴宽口径奶瓶 配件防胀气耐高温自然母乳实
14684,5,1020864878854,mother_baby,适配第三代贝亲奶嘴宽口径奶瓶 配件防胀气耐高温自然母乳实
14684,5,1075924731625,mother_baby,适配第三代贝亲奶嘴宽口径奶瓶 配件防胀气耐高温自然母乳实
16040,5,1051887137284,shoes,2026春款复古拼色运动鞋女软底透气休闲鞋轻便系带时装鞋多色女鞋
16040,5,966135838417,shoes,复古厚底皮面运动鞋女款2026秋季新款系带跑步鞋学院风百搭休闲鞋
16040,5,1054595420023,shoes,2026春款复古拼色运动鞋女软底透气休闲鞋轻便系带时装鞋多色女鞋
16040,5,1026357126805,shoes,2026春款复古拼色运动鞋女软底透气休闲鞋轻便系带时装鞋多色女鞋
16040,5,982962653250,shoes,学生老爹鞋女2026秋季新款日常显瘦松糕运动鞋增高百搭跑步休闲鞋
524,4,922157978182,auto,D型爆款隐藏式4K超高清夜视行车记录仪Wifi版手机互联USB/ACC取电
524,4,923092392471,auto,U型爆款4K超高清行车记录仪隐藏式Wifi手机互联ACC/USB单录/双录
524,4,922691777168,auto,跨境爆款D型隐藏式高清行车记录仪Wifi手机互联USB/ACC单录/双录
524,4,923121888512,auto,跨境爆款U型隐藏式高清行车记录仪Wifi手机互联USB/ACC双录/单录
1002,4,930999030024,auto,大众朗逸宝来速腾迈腾探岳高尔夫途观L专用行车记录仪高清隐藏式
1002,4,927262971546,auto,奥迪专用行车记录仪A4L/A6L/Q5L/A7L/A3/Q3/TT/Q4/Q6手机WiFi互联
1002,4,933490786308,auto,埃安昊铂HT埃安V昊铂GT Y S Plus LXS MAX S专用行车记录仪4K高清
1002,4,933486882065,auto,广汽埃安UT Yplus/S/V/昊铂专用行车记录仪隐藏式免走线高清双录
1512,4,862941476760,bags,双肩包女2026新款潮旅行牛津布小背包女士时尚潮流帆布小包书包包
1512,4,861533174393,bags,现货批发跨境新款韩版复古女士双肩包时尚软皮流苏户外旅行背包女
1512,4,746816173368,bags,休闲通勤多功能双肩包女14寸电脑背包2023新款时尚简约大容量背包
1512,4,870217535629,bags,跨境女士双肩包2026新款牛津布双肩包户外休闲旅行背包大学生书包
2830,4,828294014619,bags,【严选工厂】时尚款高颜值行李箱女男轻便耐用20寸旅行箱子男女
2830,4,827654958646,bags,【严选工厂】行李箱男万向轮拉杆箱耐磨抗摔旅行箱密码箱女商务黑
2830,4,826833294359,bags,行李箱拉杆箱女大容量旅行箱静音万向轮男24寸密码登机皮箱子新款
2830,4,829242446891,bags,【严选工厂】行李箱女网红ins复古小型旅行箱子皮箱静音轮耐用
3043,4,868552595039,bags,行李箱20寸拉杆箱女多功能旅行箱男学生24寸万向轮箱包密码箱批发
3043,4,869062953255,bags,结实耐用行李箱男万向轮学生拉链款拉杆密码旅行大容量皮箱子女潮
3043,4,868688114928,bags,新款铝框多功能拉杆箱万向轮子20寸登机男女学生密码箱行李箱28寸
3043,4,869460393550,bags,多功能行李箱旅行箱铝框20寸拉杆箱耐用女男学生万向轮24密码皮箱
3052,4,828058836639,bags,【严选工厂】行李箱女拉杆大容量箱新20登机男密码耐用皮箱子拉链
3052,4,827202960233,bags,【严选工厂】大容量行李箱拉杆箱男万向轮26旅行箱静音24铝框密码
3052,4,828010884134,bags,【严选工厂】旅行箱铝框20拉杆箱万向轮24男女学生行李箱26密码
3052,4,827540187112,bags,行李箱日系大容量拉杆箱34寸万向轮女男结实耐用旅行密码皮箱风源
8682,4,878282220766,electronics,卖萌动物集合适用苹果16PROMAX手机壳iPhone15设计感14可爱13透明
8682,4,897513561852,electronics,七彩波点适用苹果11PROMAX手机壳iPhone15新款14全包13软壳12透明
8682,4,920915229153,electronics,趣味诺基亚适用苹果16promax手机壳iphone15pro/14/13/12/11防摔X
8682,4,999637189522,electronics,夏日椰子适用苹果17promax手机壳16/15pro卡通14/13/12/11软壳x
9102,4,898810827366,fashion,男士短袖运动T恤美式休闲纯棉纯色日常舒适时尚百搭基础半袖
9102,4,899524557668,fashion,重磅纯棉男士短袖T恤夏季宽松半袖内搭纯色基础时尚复古款打底衫
9102,4,832836179665,fashion,美式纯棉重磅短袖复古男士T恤纯色低调夏季时尚百搭款日常打底衫
9102,4,830284910494,fashion,重磅纯棉短袖T恤男士夏季宽松半袖纯色日常复古休闲打底衫时尚款
9142,4,935179202282,fashion,2025新款欧货男士短袖t恤夏季纯棉体恤美式爆款半袖休闲百搭上衣
9142,4,934266508400,fashion,欧货纯棉短袖t恤男士夏季2025新款潮流百搭休闲半袖体恤上衣服男t
9142,4,929349792143,fashion,夏季潮牌高端欧货t恤短袖男款重磅纯棉百搭帅气修身潮流印花半袖
9142,4,934756207555,fashion,夏季字母印花时尚短袖T恤男韩版潮牌休闲青年上衣短袖百搭打底衫
9196,4,759510046939,fashion,260g美式重磅纯棉t恤男短袖圆领上衣服夏季潮流全棉半袖宽松体恤
9196,4,760277036506,fashion,260g重磅纯棉短袖t恤男潮流兔子印花圆领上衣服美式宽松全棉半袖
9196,4,760603864190,fashion,260g重磅纯棉t恤男士短袖纯色白色上衣服美式体恤全棉半袖打底衫
9196,4,760068468746,fashion,260g重磅纯棉t恤男短袖夏季潮流宽松圆领体恤上衣服美式全棉半袖
9337,4,906261505576,fashion,夏季新款圆领短袖针织衫男士冰丝修身修身商务T恤衫外贸跨境批发
9337,4,894185159941,fashion,夏季新款短袖针织衫男士口袋拼色修身商务休闲潮T恤外贸跨境批发
9337,4,911914319627,fashion,夏季新款短袖针织衫男拼色条纹冰丝透气修身商务韩版外贸跨境批发
9337,4,898939952063,fashion,夏季新款短袖针织衫男条纹简约商务轻熟修身冰丝T恤外贸跨境批发t
9491,4,919082656696,fashion,200支液氨长绒棉短袖t恤男士夏季薄款冰丝凉感高端圆领高级感半袖
9491,4,918032354986,fashion,200支液氨长绒棉短袖t恤男夏季薄款2026新款冰丝凉感百搭高端T恤
9491,4,919581772912,fashion,200支液氨长绒棉短袖t恤男士夏季薄款打底衫高端圆领丝光棉半袖
9491,4,919130377933,fashion,200支液氨长绒棉短袖t恤男士夏季薄款2026新款打底衫百搭高端T恤
11149,4,1055230932653,home,塑料收纳箱桌面透明收纳盒带手提零食收纳盒车载储物箱玩具整理箱
11149,4,711931636221,home,手提加厚透明收纳箱塑料盒子有盖储物箱玩具衣服整理箱零食收纳盒
11149,4,715873608040,home,塑料收纳箱桌面透明收纳盒带手提零食收纳盒车载储物箱玩具整理箱
11149,4,1011418336641,home,塑料收纳箱桌面透明收纳盒带手提零食收纳盒车载储物箱玩具整理箱
11445,4,1049039551329,home,粉色波点床上用品被套学生宿舍三件套被单4件套亲肤水洗棉四件套
11445,4,953906978854,home,草莓猫咪卡通床上用品被套学生宿舍三件套4件套亲肤水洗棉四件套
11445,4,953923506440,home,简约格子床上用品被套学生宿舍三件套被单4件套亲肤水洗棉四件套
11445,4,954572549243,home,蝴蝶结床上用品被套学生宿舍三件套被单4件套亲肤水洗棉四件套
12507,4,1078368868275,mother_baby,女童秋装长袖T恤儿童装打底衫女宝宝秋款蝴蝶结卡通印花上衣t跨境
12507,4,1071417458498,mother_baby,【柠里】原创！韩系女宝宝秋季新品镂空毛衣显白橘黄色开衫外套潮
12507,4,1070591843065,mother_baby,春秋款女童套装韩系宝宝秋季镂空毛衣显白开衫外套阔腿裤两件套潮
12507,4,1070573171979,mother_baby,【甜小司】原创！韩系女宝宝秋季新品镂空毛衣显白橘黄色开衫外套
12584,4,841245994597,mother_baby,26新款婴儿衣服秋装女童长袖连衣裙包屁衣姐妹装 女宝宝童装纯棉
12584,4,971787731261,mother_baby,秋季婴儿衣服公主包屁衣春秋季长袖哈裙爬服纯棉女宝宝童装满月
12584,4,764074752264,mother_baby,26秋季婴儿衣服女宝宝包屁衣爬服女童长袖连衣裙子A类童装纯棉
12584,4,1003818046242,mother_baby,2026秋季新款女宝宝碎花包屁衣女童连衣裙婴儿衣服姐妹装童装纯棉
12604,4,1029727007386,mother_baby,宝宝秋季外出连体衣A类男女童衣服秋款连体衣居家服爬服安阳童装
12604,4,1029713999932,mother_baby,宝宝秋款羊毛蚕丝连体衣秋款带帽连体衣宝宝外出服A类婴儿连体衣
12604,4,1028340386642,mother_baby,婴儿衣服秋季羊毛蚕丝秋款连体衣爬服外出a类宝宝衣服家居服童装
12604,4,1030400562414,mother_baby,婴儿外出服秋款a类爬服羊毛蚕丝秋季连体衣新款衣服童装宝宝衣服
12623,4,1066392483763,mother_baby,男童套装秋季卫衣两件套a类儿童秋装分体宝宝外穿韩版卡通洋气
12623,4,1069196668554,mother_baby,2026儿童秋季新款a类可爱卡通上衣宝宝早秋小熊卫衣套装外穿秋款
12623,4,1070987092152,mother_baby,男童套装秋季a类儿童秋装两件套宝宝休闲分体韩版外穿洋气新款
12623,4,1073716993427,mother_baby,女宝宝秋季新款套装2026年圆领春秋卫衣花边女童牛仔裤甜美两件套
12649,4,941215688699,mother_baby,宝宝秋季衣服纯棉婴儿包屁衣女宝长袖姐妹装女童连衣裙连体衣童装
12649,4,939659339670,mother_baby,2026秋季女宝宝包屁衣新款三角爬服长袖女童连衣裙子婴儿纯棉童装
12649,4,954703019880,mother_baby,2026秋季新款婴儿衣服女宝蝴蝶结包屁衣女童长袖连衣裙姐妹装童装
12649,4,954717303111,mother_baby,2026长袖女宝宝秋季新款三角爬婴儿衣服女童可爱连衣裙公主姐妹装
13174,4,836577379917,shoes,2025春秋季新款银色德训鞋复古休闲运动板鞋百搭平底蕾丝边小白鞋
13174,4,841148217248,shoes,小白鞋女2025春秋季新款爆款厚底休闲运动鞋子学生百搭透气板鞋子
13174,4,902695401360,shoes,小白鞋女2025春季新款爆款小众鞋子贝壳头板鞋学生百搭休闲运动鞋
13174,4,903281605298,shoes,休闲面包鞋女2025年春季新款厚底爆款运动板鞋平底百搭小众小白鞋
13210,4,1014885517854,shoes,丑萌百搭休闲板鞋复古单鞋女2025秋季新款大头软底轻便运动休闲鞋
13210,4,1040594904276,shoes,春季新款渐变色厚底老爹鞋女小个子百搭透气增高时尚运动休闲鞋潮
13210,4,1038083555150,shoes,潮酷厚底老爹鞋女2026春季新款网面透气增高显脚小百搭休闲运动鞋
13210,4,1013676706034,shoes,2025秋季新款爆款透气休闲风百搭厚底运动女鞋欧洲站增高老爹鞋女
13269,4,1038219828329,shoes,贝壳头厚底板鞋女魔术贴小白鞋休闲鞋女鞋2026新款春季增高德训鞋
13269,4,904553504388,shoes,百搭小白鞋ins软底板鞋女款2026新款春秋季学生厚底休闲面包鞋潮
13269,4,1030958879827,shoes,厚底小白鞋女2026春季新款女鞋百搭学生休闲板鞋小个子增高面包鞋
13269,4,1042452759536,shoes,校园风厚底板鞋女款2026新款春季小白鞋子女鞋百搭学生面包鞋潮鞋
13699,4,1082712393911,shoes,羊皮~通勤风真皮尖头粗跟乐福鞋女一脚蹬百搭不累脚法式高跟单鞋
13699,4,1081306857557,shoes,牛皮版乐福鞋女2026新款粗跟单鞋真皮柔软英伦风复古鳗鱼纹小皮鞋
13699,4,1078432671400,shoes,牛皮版乐福鞋女2026新款粗跟单鞋真皮柔软英伦风复古鳗鱼纹小皮鞋
13699,4,1077405486025,shoes,牛皮版2026新款复古小皮鞋女圆头褶皱粗跟乐福鞋百搭通勤懒人单鞋
14829,4,1064247217300,mother_baby,ALGO婴儿奶瓶套装婴儿用品三件套母婴礼盒PP奶瓶安抚奶嘴外贸跨境
14829,4,1058648296860,mother_baby,ALGO婴儿奶瓶套装宽口奶瓶七件套礼盒母婴用品高档礼物外贸跨境
14829,4,1057316633343,mother_baby,ALGO婴儿奶瓶套装宽口奶瓶六件套礼盒母婴用品高档礼物外贸跨境
14829,4,1065928319373,mother_baby,ALGO婴儿奶瓶套装宽口奶瓶母婴用品四件套礼盒高档礼物外贸跨境
15025,4,1071370658557,mother_baby,适配三代宽口径贝亲玻璃奶瓶奶嘴自然畅吸实感仿真母乳防
15025,4,1077807209970,mother_baby,适配三代宽口径贝亲玻璃奶瓶奶嘴自然畅吸实感仿真母乳防
15025,4,1047549386069,mother_baby,适配三代宽口径贝亲玻璃奶瓶奶嘴自然畅吸实感仿真母乳防
15025,4,1031715708727,mother_baby,适配三代宽口径贝亲玻璃奶瓶奶嘴自然畅吸实感仿真母乳防
15342,4,775970748991,shoes,跨境男鞋2024新款板鞋男士大码休闲运动鞋潮流特大码透气潮鞋
15342,4,768308847656,shoes,夏季男鞋2024新款韩版百搭小白鞋学生平底板鞋男士潮流运动休闲鞋
15342,4,776036193261,shoes,跨境男鞋新款春季小白鞋韩版潮流大码板鞋青少年特大码运动潮鞋子
15342,4,782848081713,shoes,跨境男鞋2024新款夏季小白鞋韩版潮流特大码板鞋46码休闲运动鞋子
15558,4,1039848164679,shoes,德训鞋女2026年春季新款百搭爆款内增高显脚小白鞋阿甘休闲运动鞋
15558,4,952562635537,shoes,2026春夏爆款ins超火绑带透气网面运动鞋户外登山慢跑休闲鞋女鞋
15558,4,1031100270376,shoes,网红复古老爹鞋女厚底增高透气休闲运动鞋2026春季新款显脚小女鞋
15558,4,914284227465,shoes,老爹鞋女2026春秋新款厚底透气运动鞋绑带休闲鞋ins超火网红爆款
15605,4,1033704627258,shoes,女运动鞋春秋款轻便高颜值小白鞋防滑百搭潮学生跑步休闲单鞋软底
15605,4,1043844888823,shoes,老爹鞋女2026年春季新款鞋子女韩版运动鞋百搭时尚运动休闲鞋休闲
15605,4,1048282731375,shoes,运动鞋女春秋2025新款百搭皮面厚底轻便跑步鞋女士休闲阿甘鞋子女
15605,4,1042031010759,shoes,断码中考体育透气跑步鞋2026新款软底休闲减震学生轻便运动鞋女
15679,4,1081272573963,shoes,2026秋季潮款纽扣男鞋休闲运动户外登山透气布鞋跨境热卖跑步系带
15679,4,1079348443536,shoes,跑步鞋男女情侣百搭老爹鞋时尚透气增高鞋经典舒适厚底运动鞋男鞋
15679,4,1080219430666,shoes,新款2026男鞋德训复古板鞋潮流时尚经典情侣百搭休闲阿甘运动板鞋
15679,4,1079348399636,shoes,男鞋网面透气休闲运动鞋夏季百搭软底跑步鞋
16014,4,1014651459620,shoes,2026春季男鞋新款透气小白鞋子男款小众ins皮面休闲运动板鞋潮鞋
16014,4,1018551796589,shoes,2026春季男鞋新款透气小白鞋子男款小众ins皮面休闲运动板鞋潮鞋
16014,4,900842845270,shoes,2026春季男鞋新款透气小白鞋子男潮流百搭厚底运动鞋休闲板鞋潮鞋
16014,4,1014985319950,shoes,2026春季男鞋新款透气小白鞋子男款小众ins皮面休闲运动板鞋潮鞋
16156,4,808799107884,shoes,男鞋2026新款冬季百搭小众原创休闲平板鞋运动厚底增高面包潮鞋子
16156,4,794544695342,shoes,男鞋夏季透气2025新款休闲黑色运动鞋网面厚底增高老爹工作劳保鞋
16156,4,798437528275,shoes,男鞋冬季透气2026新款休闲黑色运动鞋网面厚底增高老爹工作劳保鞋
16156,4,820992743995,shoes,2026男鞋冬季透气百搭耐磨网面运动休闲厚底青少年老爹潮鞋
16300,4,1019490639622,shoes,厚底老爹鞋子女2026春季新款爆款薄款网面透气网鞋百搭休闲运动鞋
16300,4,781608036862,shoes,爆款老爹鞋女2026春夏季新款厚底增高网面透气百搭轻便运动休闲鞋
16300,4,819294406099,shoes,运动鞋女鞋子2026新款爆款秋季透气网面鞋厚底轻便跑步休闲老爹鞋
16300,4,901798551480,shoes,爆款百搭厚底老爹鞋女小个子增高2026春夏新款超火银色运动休闲鞋
1174,3,1000366568946,auto,丰田亚洲龙专用行车记录仪原厂免走线无损安装4K超高清夜视2024款
1174,3,998845474250,auto,丰田凯美瑞专用行车记录仪无损互联隐藏式免走线安装超高清4K
1174,3,997952131808,auto,丰田荣放rav4专用行车记录仪原厂高清隐藏免走线安装双摄哨兵模式
1216,3,862768495564,auto,跨境行车记录仪三镜头2寸高清夜视车载1080P三录带WiFi手机互联
1216,3,862239125261,auto,车载4寸行车记录仪三镜头高清夜视车前车内车后三录1080P停车监控
1216,3,873997502541,auto,跨境3寸行车记录仪前后双录1080P高清夜视带WiFi双镜头车载记录仪
1274,3,828189109638,auto,跨境4K双镜头行车记录仪高清超广角夜视WiFi前后双录GPS车载记录
1274,3,943389201294,auto,跨境4K双镜头行车记录仪高清超广角夜视WiFi前后双录GPS车载记录
1274,3,797819752452,auto,跨境4K双镜头行车记录仪高清超广角夜视WiFi前后双录GPS车载记录
1699,3,897625624567,bags,外贸时尚双肩包女春季新款休闲简约纯色书包潮流大容量电脑背包女
1699,3,902471320302,bags,新款女士双肩包韩版潮流百搭时尚牛津布双肩包休闲旅行女士小背包
1699,3,892914072536,bags,洋气绣线小众双肩包女包2026新款韩版时尚大容量复古旅行多兜背包
2326,3,863176692075,bags,pu洋气包包大容量女2025秋冬新款时尚单肩包小众通勤复古托特包潮
2326,3,966868347014,bags,高颜值休闲复古托特包2025新款女包大容量印花单肩包女士手提包女
2326,3,987343328454,bags,pu洋气包包大容量女2025秋冬新款时尚单肩包小众通勤复古托特包潮
2942,3,869086077306,bags,商务行李箱男结实铝框拉杆箱女大容量万向轮旅行箱26密码登机皮箱
2942,3,898600621731,bags,前开口行李箱铝框USB充电多功能旅行拉杆密码登机放电脑杯架侧盖
2942,3,899018300618,bags,静音铝框新款前开口行李箱女拉杆箱静音万向轮密码箱登机箱旅行箱
2973,3,922051221322,bags,行李箱新款可坐拉杆箱大容量旅行箱学生密码箱男女登机箱结实耐用
2973,3,899945976082,bags,行李箱新款可坐拉杆箱大容量旅行箱学生密码箱男女登机箱结实耐用
2973,3,899544429056,bags,行李箱新款可坐拉杆箱大容量旅行箱学生密码箱男女登机箱结实耐用
3733,3,928455212475,beauty,匀美博士氨基酸山茶花洁面乳深层清洁控油批发代发
3733,3,928451516854,beauty,匀美博士氨基酸山茶花洁面乳深层清洁控油批发一件代发
3733,3,927439486003,beauty,匀美博士氨基酸山茶花洁面乳深层清洁控油批发厂家代发
4687,3,951058246265,bags,行李箱新款男拉杆箱密码箱子万向轮女学生大容量结实耐用旅行皮箱
4687,3,905047110781,bags,新款复古行李箱女万向轮拉杆箱男学生耐用密码箱旅行箱子大容量潮
4687,3,950577051968,bags,新款复古行李箱女万向轮拉杆箱男学生耐用密码箱旅行箱子大容量潮
4694,3,824055318156,bags,【邮政】行李箱新款大容量铝框拉杆箱学生万向轮男女旅行箱密码箱
4694,3,938706203969,bags,行李箱新款大容量铝框拉杆箱学生万向轮男女旅行箱密码箱结实耐用
4694,3,938717347721,bags,行李箱新款大容量铝框拉杆箱学生万向轮男女旅行箱密码箱结实耐用
4951,3,998234056250,beauty,冰肤之萃焕活童颜胶原蛋白灌注面膜分体式白变透紧致抗皱面膜
4951,3,898374969130,beauty,冰肤之萃焕活童颜胶原蛋白灌注面膜分体式白变透紧致抗皱面膜
4951,3,997912964861,beauty,冰肤护肤之萃焕活童颜胶原蛋白灌注面膜分体式白变透紧致抗皱亮肤
5229,3,986504328589,beauty,氨基酸洁面乳代加工控油不拔干洁面乳温和不刺激深层清洁洗面奶
5229,3,985029390455,beauty,氨基酸冼面奶贴牌定制深层清洁温和不刺激控油洗面奶泡沫绵密加工
5229,3,985774529694,beauty,氨基酸洗面奶OEM温和清洁控油洁面乳洗卸二合一泡沫绵密洁面乳OEM
5866,3,894421105408,electronics,紫粉色蝴蝶适用苹果16PROMAX手机壳15磨砂14大孔13软壳12简约 16
5866,3,947657500001,electronics,黄金招财适用苹果15 16promax手机壳11精孔软壳14pro高级感XSmax
5866,3,909771036460,electronics,粉蝴蝶花朵适用苹果14promax手机壳15 16软壳11磨砂透16pro简约XS
6423,3,950858281236,food,乐事薯片大礼包零食小吃货办公室网红整箱零食散装发批休闲食品
6423,3,1000242625102,food,乐事薯片大礼包零食小吃网红整箱散装自选充饥夜宵好吃的休闲食品
6423,3,950224702357,food,乐事薯片大礼包原味青柠味小包装网红小吃零食散装发批休闲食品
7126,3,990480254893,home,加厚塑料收纳箱大容量家用衣服储物箱玩具收纳盒大号收纳整理箱
7126,3,991895028810,home,塑料收纳箱宿舍衣物储物箱家用衣服玩具收纳盒大容量收纳整理箱
7126,3,992172040275,home,加厚收纳箱大容量家用衣服零食储物箱玩具整理箱特大号塑料收纳盒
7494,3,1052973412872,home,加大千鸟格收纳盒大容量衣柜折叠储物箱多功能家用衣物收纳箱加厚
7494,3,1038866928202,home,千鸟格收纳盒大容量衣柜折叠储物箱多功能家用衣物收纳箱加厚耐用
7494,3,1050368419841,home,加大千鸟格收纳盒大容量衣柜折叠储物箱多功能家用衣物收纳箱加厚
8303,3,1070430119061,mother_baby,宝宝套装春秋卫衣长袖新款洋气秋装分体套儿童外出韩版休闲两件套
8303,3,1073046756389,mother_baby,婴幼儿套装春秋季新款男女宝宝衣服儿童洋气休闲百搭卫衣两件套秋
8303,3,1072081657322,mother_baby,宝宝卫衣套装春秋季休闲上衣婴幼儿韩系洋气分体套装儿童外出衣服
8632,3,970376823744,electronics,新款满钻猎豹适用iphone17手机壳苹果16promax/15外贸14pro13欧美
8632,3,951498691622,electronics,新款外贸适用iphone17手机壳苹果15promax/14个性13pro12欧美16xr
8632,3,913366357347,electronics,暗夜紫花适用iphone17手机壳苹果15promax/1413pro16欧美防指纹
9002,3,903729007320,fashion,100%纯棉百搭短袖t恤男2026新款夏季潮牌小众高街美式宽松上衣ins
9002,3,900479712233,fashion,100%纯棉百搭短袖t恤男2026新款夏季潮牌小众高街美式宽松上衣ins
9002,3,897952027974,fashion,100%纯棉百搭短袖t恤男2026新款夏季潮牌小众高街美式宽松上衣ins
9105,3,820275842353,fashion,新疆棉】纯棉男士t恤短袖2024新款夏季百搭宽松纯色圆领潮流
9105,3,875757636360,fashion,2025新款夏季纯棉短袖t恤男简约百搭圆领上衣服半袖纯色体恤
9105,3,812958742310,fashion,新疆长绒棉纯棉短袖男士夏季新款男装宽松休闲纯色重磅上衣服T恤
9293,3,815822057642,fashion,美式重磅短袖t恤男夏季潮流宽松字母印花男士厚实透气纯棉打底衫
9293,3,891871909073,fashion,【品质男装】美式潮牌男士短袖T恤夏季白色100纯棉半袖宽松潮流上
9293,3,894943304568,fashion,【高品质男装】夏季新款纯棉T恤短袖极简设计图印花圆领潮牌上衣
9537,3,907681242219,fashion,250克重磅纯棉！美式oversiz复古人影印花情侣款女宽松短袖T恤男
9537,3,918213424725,fashion,250克重磅纯棉！美式oversize漫画涩谷女孩印花情侣宽松短袖T恤男
9537,3,915921541311,fashion,250克重磅纯棉！夏季潮情侣宽松短袖T恤oversize美式设计感印花男
9574,3,926715615531,fashion,100%丝光棉保罗品牌男装夏季男士短袖t恤翻领纯棉高级感polo衫男
9574,3,927125838057,fashion,保罗夏季丝光棉POLO衫男士宽松大码翻领透气商务休闲中年短袖T恤
9574,3,929205397598,fashion,专供跨境高端保罗100%纯棉POLO衫男士夏季短袖t恤翻领刺绣小马标3
10219,3,1022207541530,food,龙井茶2026新茶上市 明前鲜采嫩芽老树龙井绿茶 高端茶叶礼盒250g
10219,3,996126132052,food,特级明前龙井茶2026新茶 高档茶叶礼盒端午父亲节送父母长辈礼物
10219,3,1033855733277,food,明前特级龙井茶2026新茶早春嫩芽群体种老树龙井茶叶高端礼盒250g
10375,3,1042272928180,food,花茶五指毛桃茯苓红豆薏米茶无纺布四角包5g*30包
10375,3,1050415860650,food,现货代发桑叶双瓜茶夏季袋泡茶代用茶苦瓜冬瓜皮组合养生茶
10375,3,1041978144705,food,枸杞菊花决明子茶代用茶养生茶袋泡茶独立包装源头工厂批发代
10603,3,963583658641,home,抽屉分隔收纳盒内置可伸缩化妆品整理口红分类梳妆台隔板分格厨房
10603,3,963104307369,home,抽屉分隔收纳盒内置可伸缩化妆品整理口红分类梳妆台隔板分格厨房
10603,3,970976859842,home,抽屉收纳盒整理盒内置分隔板可伸缩厨房餐具化妆品分格神器长方形
11246,3,1014515854644,home,商超加厚牛奶绒四件套珊瑚绒双面床单人被套跨境法兰绒加绒三件套
11246,3,993229093155,home,跨境冬季加厚牛奶绒四件套珊瑚绒双面床单人被套法兰绒加绒三件套
11246,3,997912003430,home,跨境纯色冬天牛奶绒床上四件套被套冬季商超加厚珊瑚绒被芯套加绒
11283,3,1077719122033,home,优质亲肤被套单件被罩单双人宿舍床单1.1/1.5/1.8/2米三四件套
11283,3,897155265633,home,包邮优质亲肤被套单件被罩单双人宿舍床单1.1/1.5/1.8/2米四件套
11283,3,1077709866594,home,一件代发包邮亲肤被套单件被罩单双人宿舍床单三四件套
11332,3,1076482784631,home,A类超柔正品ins抗菌四件套纯棉云感母婴级裸睡床单被套宿舍三件套
11332,3,1077777461502,home,A类超柔正品ins抗菌四件套纯棉云感母婴级裸睡床单被套宿舍三件套
11332,3,1077779013850,home,A类超柔正品ins抗菌四件套纯云感母婴级裸睡床单被套宿舍三件套
11999,3,564649076061,mother_baby,童装春秋儿童内衣套装纯棉秋衣男童女宝宝秋衣秋裤睡衣家居服批发
11999,3,737450492099,mother_baby,儿童秋衣秋裤纯棉婴儿打底内衣套装全棉男童衣服宝宝秋衣套春装小
11999,3,976434924537,mother_baby,童装春秋儿童内衣套装纯棉秋衣男童女宝宝秋衣秋裤睡衣家居服批发
12053,3,590362159388,mother_baby,儿童短袖套装纯棉男童T恤宝宝夏季童装女童短裤婴儿衣服夏装批发
12053,3,1000527799109,mother_baby,儿童短袖套装纯棉男童T恤宝宝夏季童装女童短裤婴儿衣服夏装批发
12053,3,771723890915,mother_baby,儿童短袖套装纯棉男童T恤宝宝夏季童装女童短裤婴儿衣服夏装批发
12059,3,863449792333,mother_baby,秋季新生婴儿衣服a类婴儿连体衣纯棉打底衣0-3-6个月宝宝爬服哈衣
12059,3,623768959100,mother_baby,秋季新生婴儿衣服a类纯棉婴儿连体衣长袖打底衣宝宝爬爬服蝴蝶衣
12059,3,862226882481,mother_baby,秋季宝宝衣服纯棉a类婴儿连身衣无骨长袖0-6个月儿童爬爬服蝴蝶衣
12380,3,1069099644225,mother_baby,儿童套装秋装新款宝宝卡通字母背带裤子秋季圆点t恤衣服分体63572
12380,3,1066301667141,mother_baby,男童秋装新款套装儿童可爱卡通0-3岁分体洋气婴幼儿套装63539
12380,3,1063465690092,mother_baby,宝宝套装长袖卫衣女宝宝刺绣长裤两件套小女孩可爱兔子上衣63611
12550,3,950324847844,mother_baby,幼儿衣服秋装套装新款儿童童装宝宝小童衣服春秋季分体洋气两件套
12550,3,955109472888,mother_baby,婴幼儿衣服秋装恐龙背带裤套装卡通可爱男女宝宝春秋季洋气两件套
12550,3,876087703519,mother_baby,湖州织里儿童秋季服装长袖男童套装时尚衣服男宝宝秋装洋气两件套
12599,3,1068546303471,mother_baby,小象逗叮暴力熊新款春秋宝宝连体衣婴儿衣服a类纯棉连体衣新生儿
12599,3,1066276261585,mother_baby,大耳象婴儿连体衣秋款a类纯棉长袖哈衣爬服宝宝家居服新生儿衣服
12599,3,1061358511152,mother_baby,春秋无骨打底内衣睡衣外出服纯棉婴儿连体衣服新生儿宝宝哈衣爬服
13113,3,1052297217346,shoes,复古红色厚底德训鞋女2026春季新款厚底板鞋休闲防滑运动鞋阿甘鞋
13113,3,1055153947960,shoes,2026新款小众设计面包鞋女ins高颜值百搭休闲鞋经典复古女板鞋
13113,3,1078346890296,shoes,秋季厚底板鞋废土风女鞋子女款小众圆头小白鞋百搭运动休闲面包鞋
13148,3,908219082197,shoes,韩版高级感优雅尖头细跟单鞋春秋新款绝美气质百搭牛仔布高跟凉鞋
13148,3,987916673264,shoes,韩版高级感优雅尖头细跟单鞋春秋新款绝美气质百搭牛仔布高跟凉鞋
13148,3,987071131725,shoes,韩版高级感优雅尖头细跟单鞋春秋新款绝美气质百搭牛仔布高跟凉鞋
13383,3,948359797366,shoes,爆款高级感百搭小白鞋增高厚底板鞋女2025新款春秋休闲运动松糕鞋
13383,3,985925038931,shoes,韩版2025新款磨砂翻领两穿系带厚底松糕小众板鞋女休闲高帮鞋女鞋
13383,3,915672296567,shoes,圆头超厚底学生松糕小白鞋女2025早春新款增高面包鞋休闲百搭板鞋
13895,3,900421603121,shoes,夏季女鞋新款透气小白鞋女学生韩版百搭厚底增高运动休闲板鞋潮鞋
13895,3,893102707200,shoes,2025春季女鞋新款透气小白鞋女韩版百搭厚底增高运动休闲板鞋潮鞋
13895,3,893101263541,shoes,夏季女鞋新款透气小白鞋女学生韩版百搭厚底增高运动休闲板鞋潮鞋
14485,3,1072121908835,mother_baby,新生婴儿奶瓶0-6个月防胀气防吐奶防呛玻璃奶瓶80/160ml硅胶奶嘴
14485,3,1066092664067,mother_baby,新生婴儿奶瓶0-6个月防胀气防吐奶防呛玻璃奶瓶80/160ml硅胶奶嘴
14485,3,1065132469699,mother_baby,新生婴儿奶瓶0-6个月防胀气防吐奶防呛玻璃奶瓶80/160ml硅胶奶嘴
14671,3,1072084209062,mother_baby,正品批发一次性婴儿奶瓶无菌免洗外出便携医院新生儿储奶瓶独立装
14671,3,1073052228175,mother_baby,批发一次性婴儿奶瓶便携医院新生儿奶瓶无菌免清洗带防尘盖储奶瓶
14671,3,1072053161884,mother_baby,安其生一次性奶瓶新生婴儿外出旅行无菌便携宝宝储奶瓶免清洗次抛
14885,3,1070537479496,mother_baby,适配三代宽口径PPSU贝亲奶瓶新生宝宝防摔防胀气 奶瓶奶嘴
14885,3,1020234123453,mother_baby,适配三代宽口径PPSU贝亲奶瓶新生宝宝防摔防胀气 奶瓶奶嘴
14885,3,1076782018427,mother_baby,适配三代宽口径PPSU贝亲奶瓶新生宝宝防摔防胀气 奶瓶奶嘴
14964,3,854076949078,mother_baby,奶瓶PPSU翻盖学饮杯吸管奶瓶1-2-3岁以上大宝宝直饮杯喝水杯婴儿
14964,3,970166321198,mother_baby,翻盖奶瓶PPSU吸管奶瓶1-2-3岁以上大宝宝直饮杯婴儿学饮水杯儿童
14964,3,934478847412,mother_baby,奶瓶PPSU翻盖学饮杯吸管奶瓶1-2-3岁以上大宝宝直饮杯喝水杯婴儿
15010,3,1080758460822,mother_baby,跨境调温奶瓶多功能控温保温奶瓶袋无线充电数显恒温加热套数显
15010,3,1013175946389,mother_baby,调温奶瓶 多功能控温保温奶瓶袋无线充电数显恒温加热套数显恒温
15010,3,1078256364928,mother_baby,调温奶瓶 控温保温奶瓶袋无线充电数显恒温加热套数显6档温控
15227,3,974558093529,shoes,爆款百搭厚底老爹鞋女显脚小增高鞋2026新款春夏季松糕休闲运动鞋
15227,3,1017780180387,shoes,皮面防水运动鞋2026春秋款潮流百搭轻便软底休闲鞋多巴胺跑步鞋女
15227,3,1012247819759,shoes,超轻运动鞋女款新款2026春季学生老爹鞋厚底增高爆款休闲跑步鞋子
15306,3,894559444730,shoes,软皮厚底小白鞋子女2026秋季新款高颜值百搭增高板鞋休闲运动鞋
15306,3,978042859210,shoes,奶fufu厚底小白鞋女2026秋季新款面包鞋可爱小众百搭休闲运动板鞋
15306,3,822843983698,shoes,踩屎感厚底板鞋女2025新款秋季皮面透气小白鞋轻便运动学生休闲鞋
15310,3,1020874756730,shoes,2026春季男鞋新款透气网面运动鞋子男轻便防滑厚底休闲跑步老爹鞋
15310,3,1013163614867,shoes,男鞋2026春季新款时尚厚底老爹鞋男士透气轻便跑步运动休闲鞋潮鞋
15310,3,1030937892754,shoes,男鞋2026春季新款时尚厚底老爹鞋男士透气轻便跑步运动休闲鞋潮鞋
15364,3,736990916146,shoes,男鞋春季新款透气网面运动鞋子男潮流百搭厚底防滑休闲鞋老爹潮鞋
15364,3,728386402203,shoes,劳保鞋夏季男鞋透气网面运动鞋子男潮流百搭防滑休闲跑步老爹潮鞋
15364,3,728388726115,shoes,劳保鞋男鞋春季新款透气鞋子男士工地上班防滑耐磨运动鞋老爹潮鞋
15607,3,1039531728348,shoes,男鞋2026春季新款潮流百搭网面透气厚底青少年跑步运动休闲鞋跨境
15607,3,1039523472968,shoes,爆款男鞋春季新款时尚百搭潮男运动休闲鞋弹力飞织透气老爹鞋跨境
15607,3,1042314068290,shoes,运动鞋男2026新款秋冬韩版潮流老爹鞋低帮厚底小白鞋软底休闲鞋男
15649,3,1061902058260,shoes,大码男鞋四季款时尚舒适休闲鞋防滑耐磨户外登山鞋劳保鞋工装男鞋
15649,3,1060744558812,shoes,运动鞋男士男鞋新款轻便舒适时尚百搭休闲鞋青少年增高户外跑步鞋
15649,3,1061850092593,shoes,跨境大码男款鞋子厚底皮面休闲鞋舒适跑步鞋百搭运动鞋潮流学生鞋
15828,3,1013666190649,shoes,小个子厚底增高爆款休闲时尚老爹新款鞋女运动百搭2025休闲鞋女鞋
15828,3,1013387475558,shoes,复古单鞋女2025秋季新款大头丑萌百搭休闲板鞋软底轻便运动休闲鞋
15828,3,1014513489799,shoes,欧洲站增高老爹鞋女2025秋季新款爆款透气休闲风百搭厚底运动女鞋
15862,3,1050125964041,shoes,踩屎感皮面小白鞋女款2026春季新款百搭厚底休闲运动学生板鞋H789
15862,3,1049922740717,shoes,超软踩屎感女款2026春季新款运动休闲鞋学生校园百搭板鞋潮P308
15862,3,1048563449135,shoes,踩屎感孕妇皮面小白鞋女春秋2026新款板鞋透气软底休闲运动鞋P832
15901,3,784450701622,shoes,春季男鞋2025新款轻便百搭运动鞋软底防滑休闲跑步鞋男士旅游鞋子
15901,3,788151017589,shoes,2026新款一脚蹬帆布鞋男鞋阿甘鞋休闲鞋百搭懒人鞋时尚ins板鞋男
15901,3,784435204382,shoes,春季男鞋2026新款轻便百搭运动鞋软底防滑休闲跑步鞋男士旅游鞋子
15903,3,1074787829502,shoes,厚底星星刺绣板鞋女2026新款春季百搭浅色休闲鞋轻便增高德训鞋
15903,3,1035244521531,shoes,丑萌大头厚底增高系带板鞋女2025秋季新款真皮复古百搭运动休闲鞋
15903,3,1057789951494,shoes,2026夏季新款德训网面透气休闲运动鞋女款百搭耐磨户外登山鞋女鞋
15918,3,770244039121,shoes,内增高老爹鞋女2024春秋季新款百搭网面黑色厚底增高运动休闲女鞋
15918,3,936893712762,shoes,厚底小白鞋女百搭小众增高春夏季2025年新款老爹鞋休闲运动板鞋子
15918,3,770145220466,shoes,爆款百搭高颜值老爹鞋女小白鞋2024春秋季新款厚底跑步鞋运动鞋
15919,3,1045002315245,shoes,小白鞋女2026巨好看厚底板鞋春季新款百搭配阔腿裤轻便休闲鞋ins
15919,3,1032850407995,shoes,复古厚底德训鞋女2026春季新款灰色休闲运动鞋百搭软底增高登山鞋
15919,3,1046156063716,shoes,厚底德训鞋女款2026新款春季巨好看小白鞋软底轻便百搭学生跑步鞋
16260,3,895298165445,shoes,男鞋2025新款休闲鞋春季防滑轻便潮流运动鞋透气网面跑步
16260,3,895294037822,shoes,厂家直供男鞋春秋季新款防水运动鞋休闲鞋男士潮鞋跨境旅游耐磨
16260,3,923402648337,shoes,外贸男款夏季新款运动潮鞋防滑休闲跑步鞋飞织透气舒适小白鞋批发
602,2,910939027921,auto,1080P高清安卓导航行车记录器USB连接ADAS驾驶警报系统行车记录仪
602,2,869056140731,auto,2024年跨境免走线行车记录仪电子狗ADAS安卓大屏机车车载记录仪
603,2,974725844572,auto,跨境爆款隐藏式四镜头IPS高清广角行车记录仪亚马逊爆款车载DVR
603,2,972863535512,auto,跨境新款行车记录仪高清倒车影像3镜头车载记录仪手机互联免流量
897,2,901080697857,bags,BEAD BABY 卡通可爱小猴子动物 休闲 双肩包书包 大号
897,2,901082437684,bags,BEAD BABY 卡通可爱小猴子动物 休闲 双肩包书包 大号
1080,2,944726090026,auto,跨境4K行车记录仪Wifi超高清前后双摄夜视24H停车监控GPS倒车影像
1080,2,876628106376,auto,跨境4K行车记录仪Wifi超高清前后双摄夜视24H停车监控GPS倒车影像
1106,2,934488725874,auto,红旗HS5H9H5H6HS3HS7EQM5专用行车记录仪4K高清原厂23-25款双镜头
1106,2,934486797803,auto,大众朗逸速腾宝来帕萨特迈腾ID34L探岳专用行车记录仪原厂25夜视
1187,2,991947726539,auto,25款东风纳米06行车记录仪专用原厂4k超高清隐藏式前后双录免走线
1187,2,999649705444,auto,捷途大圣行车记录仪专用原厂高清夜视隐藏式免走线安装双摄4G远程
1194,2,778630764761,auto,4.3寸行车记录仪高清双镜头车载后视镜前后双录倒车影像DVR批发
1194,2,974406360545,auto,批发3.97寸记录仪双镜头车载后视镜前后双录倒车影像DVR高清夜视
1208,2,904469672713,auto,跨境行车记录仪高清4K前后双录WIFI手机互联车载双镜头监控器
1208,2,939177741021,auto,跨境新款4镜头4录行车记录仪车内外双镜头高清夜视前后车载监控器
1230,2,876212630438,auto,跨境通用高清大屏安卓导航专用ADAS隐藏式USB电子狗行车记录仪
1230,2,876955205483,auto,跨境热销新款单镜头1080p高清夜视车载无线WIFI行车记录仪批发
1233,2,875416825653,auto,V22跨境4K高清双镜头行车记录仪GPS手机APP互联 倒车影像前后双录
1233,2,942860042254,auto,跨境4K行车记录仪前后双摄Wifi超高清夜视24H停车监控GPS倒车影像
1238,2,999421643451,auto,25款奥迪A4L A3 A6L Q5 Q3Q7原厂专用行车记录仪4G远程监控免走线
1238,2,992331612868,auto,奇瑞瑞虎9x专用行车记录仪原厂4k高清隐藏式免走线瑞虎九2026新款
1250,2,580234505156,auto,适用奔驰V260威霆cla gle glk C级glc行车记录仪免走线4K高清双录
1250,2,948127565823,auto,本田S7皓影雅阁CRV思域URV型格冠道HRV奥德赛专用行车记录仪原厂
1258,2,867323976274,auto,哈弗大狗二代三代H6枭龙max猛龙F7H92M6专用行车记录仪免走线新款
1258,2,867788096034,auto,通用王隐藏式WIFI行车记录仪24小时停车监控高清录像前后双录
1723,2,971043795218,bags,30L户外运动登山包男女徒步旅行大容量背包双肩背囊轻便旅游背包
1723,2,972311109352,bags,新款户外骑行背包30L支架悬浮登山包双肩包超轻旅行徒步双肩背包
1733,2,888259231558,bags,26年新款户外20L徒步登山包女男越野跑步骑行马甲轻便型双肩包
1733,2,988280687461,bags,新款户外20L徒步登山包男女越野跑步骑行轻便双肩包旅游背包
1820,2,694445459798,bags,防泼水牛津布双肩包新款韩国大容量减负中学生书包森系背包女
1820,2,694448335431,bags,跨境尼龙减负书包大容量牛津布电脑背包防泼水印logo礼品双肩包
1830,2,781632471838,bags,双肩包男士高级感休闲商务旅行背包大容量旅行包高中生书包电脑包
1830,2,781701725731,bags,双肩包大容量男士高级电脑商务旅行背包logo出差户外休闲通勤
1878,2,785824092114,bags,真皮女士单肩包牛皮时尚百搭妈妈包小2026新款夏简约防盗斜挎女包
1878,2,785815437950,bags,真皮女斜挎包软牛皮时尚妈妈包2026新款夏女士大容量青年单肩包小
1947,2,733769221096,bags,男士双肩包高级感休闲通勤旅行背包大学生书包大容量电脑双肩包
1947,2,736793735580,bags,时尚潮流背包男大容量百搭学生书包通勤旅行简约双肩背包男高级感
2090,2,914133004280,bags,日式印休闲背包良品双肩包电脑背包大容量百搭书包纯色男女简约
2090,2,892216812826,bags,日式无印西川休闲背包良品双肩包电脑背包大容量男女简约百搭书包
2091,2,772382511606,bags,春季新款潮背包大容量休闲出差旅行包双肩包简约牛津布大学生书包
2091,2,772395718405,bags,商务出差男士电脑包时尚纯色学生大容量书包简约休闲轻便旅行背包
2097,2,1001278542144,bags,大容量新款休闲男士电脑包棋盘格印花商务背包高级感皮质双肩包男
2097,2,1002806832218,bags,休闲旅行时尚学生书包经典印花男士电脑双肩包跨境大容量通勤背包
2318,2,861581310329,bags,牛皮纹托特包台州女包ladiesbag单肩斜挎包质感手提包BEHtotebags
2318,2,964761255082,bags,牛皮纹托特包台州女包ladiesbag单肩斜挎包质感手提包BEHtotebags
2581,2,758971324904,bags,软皮女包手提包包女2026菜篮子高级感单肩包斜挎大气百搭水桶单肩
2581,2,876329209107,bags,软皮女包手提包包女菜篮子高级感大气单肩包斜挎大气百搭水桶单肩
2774,2,797113364853,bags,行李箱24大容量暑期旅游行李箱铝框密码箱批发杯架款学生旅行箱
2774,2,747420988764,bags,行李箱带杯架款女旅行箱高颜值学生铝框密码箱24寸登机箱拉杆箱
2806,2,912044192085,bags,大容量pc行李箱26寸高颜值旅行箱女防爆拉链24寸拉杆箱密码箱男
2806,2,901803776823,bags,大容量行李箱pc防爆拉链28寸旅行箱女万向轮拉杆箱24寸密码箱批发
2817,2,764820027770,bags,大容量旅行箱包行李箱学生拉链款静音万向轮旅行箱新款密码箱28寸
2817,2,777748942959,bags,高颜值行李箱大容量拉杆箱女生2024新款24寸旅行箱男耐磨密码箱28
2829,2,990106749654,bags,前置开口行李箱女跨境新款拉杆箱子登机箱静音轮子半开盖旅行箱男
2829,2,987040964402,bags,跨境宽拉杆行李箱新款前开盖大容量登机密码箱子PC旅行箱结实耐用
2889,2,997208478624,bags,德国全铝镁合金加厚拉杆箱万向轮男女行李箱20寸登机箱旅行箱29寸
2889,2,997200362532,bags,全铝镁合金行李箱女20寸登机旅行箱29寸大容量密码箱24学生铝框箱
2913,2,972104905681,bags,PC材质行李箱女三七开结实耐用拉杆箱五轮大容量学生箱包PC防爆
2913,2,972130441017,bags,2025新款PC行李箱大容量加厚耐用上学出差万向轮拉杆箱户外旅行箱
2916,2,971252160774,bags,新款拉杆行李箱20寸铝框结实耐用平面款24大容量双封闭内里带杯架
2916,2,969925358927,bags,白色拉杆行李箱20寸铝框结实耐用24大容量双封闭内里挂钩手机支架
2970,2,946304849859,bags,新款宽拉杆行李箱铝框结实耐用大容量多功能旅行箱学生静音密码箱
2970,2,979802998406,bags,新款宽拉杆行李箱铝框大容量万向轮旅行箱多功能密码箱20寸登机箱
3040,2,862913558031,bags,六件套PP拉杆箱防爆拉链万向轮旅行箱行李箱收纳箱套装登机箱
3040,2,994188984384,bags,六件套PP拉杆箱防爆拉链万向轮旅行箱行李箱收纳箱套装登机箱
3068,2,818405179471,bags,化妆箱手提箱14寸行李箱化妆包礼品箱小箱子礼盒韩版旅行箱批发
3068,2,660296935983,bags,化妆箱手提箱14寸行李箱化妆包礼品箱小箱子礼盒韩版旅行箱登机箱
3076,2,876913285942,bags,全铝镁合金密码箱女拉杆箱男万向轮旅行箱20寸行李箱登机箱铝框箱
3076,2,827335351262,bags,全铝镁合金密码箱女拉杆箱男万向轮旅行箱20寸行李箱登机箱铝框箱
3356,2,758423514284,beauty,斐思妮积雪草植物修护面膜控油修护舒缓敏感抗皱紧致水润保湿面膜
3356,2,778319507852,beauty,斐思妮积雪草植物修护面膜深层补水舒缓敏感抗皱紧致水润保湿护肤
3451,2,997931660246,beauty,黄金撕拉面膜去角质深层清洁去黑头粉刺嫩滑肌肤男女士涂抹式面膜
3451,2,910437980137,beauty,黄金撕拉面膜去角质深层清洁去黑头粉刺嫩滑肌肤男女士涂抹式面膜
3697,2,727130694066,beauty,氨基酸洁面乳米粹洗面奶男女温和保湿深层清洁不紧绷
3697,2,978021954426,beauty,氨基酸洁面乳米粹洗面奶男女温和保湿深层清洁不紧绷75克POND‘S
3726,2,838710437630,beauty,玫黛琳氨基酸净透美肌洁面乳温和清洁毛孔补水保湿滋润洗面奶男女
3726,2,729575461566,beauty,玫黛琳氨基酸净透美肌洁面乳绵密泡沫温和清洁收缩毛孔保湿洗面奶
3810,2,991559808533,electronics,耳夹式蓝牙耳机骨传导无线挂耳式入耳动跑步超长续航5新
3810,2,970068097273,electronics,耳夹式蓝牙耳机骨传导无线挂耳式入耳动跑步超长续航5新
3852,2,798155498081,electronics,2026新款895B带数显蓝牙耳机S510无线耳机高音质低延迟游戏耳机
3852,2,798069751431,electronics,2026新款895B带数显蓝牙耳机S510无线耳机高音质低延迟游戏耳机
3870,2,965347477461,electronics,蓝牙耳机新款智能无线降噪高品质入耳式久戴不痛超长续航通用
3870,2,945001618475,electronics,蓝牙耳机2025新款智能无线降噪高品质入耳式久戴不痛超长续航通用
3907,2,979696316141,electronics,X51不入耳骨传导真无线蓝牙耳机耳夹挂耳式男女运动适用降噪
3907,2,979213105945,electronics,X51不入耳骨传导真无线蓝牙耳机2025新款耳夹挂耳式男女运动适用
3938,2,988619598328,electronics,厂家爆款P9PROMAX头戴式蓝牙耳机无线长续航耳麦无线运动游戏通用
3938,2,969248406105,electronics,复古头戴式蓝牙耳机无线运动发光游戏耳机适用马歇尔苹果小米耳麦
3951,2,993270129447,electronics,VJ901复古头戴式金属蓝牙耳机6.0爆款运动超长续航
3951,2,742285740370,electronics,抖音同款VJ901复古头戴式金属蓝牙耳机6.0跨境爆款运动超长续航
4025,2,997938061674,bags,纯色线绣斜挎相机包女包时尚新款休闲单肩斜跨包高级感女士背包
4025,2,996549251651,bags,包包女新款女士时尚线绣单肩斜挎相机包百搭高级感洋气潮款包女
4036,2,841512995731,bags,简约通勤大容量包包女韩系时尚托特包2026春夏小众质感单肩手提包
4036,2,773534877916,bags,新款简约通勤大容量包包女韩系时尚托特包春夏小众质感单肩手提包
4090,2,824031284273,bags,流行大容量拉链包包女2025新款简约大包可爱质感通勤托特包单肩包
4090,2,950949057959,bags,今年流行大容量托特包女2026新款简约可爱挂件质感上班通勤单肩包
4130,2,658119104670,bags,秋冬大包包女2021新款韩版潮简约大容量软皮托特包休闲百搭单肩包
4130,2,1000925736653,bags,秋冬大包包女2026新款韩版潮简约大容量软皮托特包休闲百搭单肩包
4176,2,725012766883,bags,新款凯莉包mini女包2022新款网红大容量手提包女气质百搭新娘包
4176,2,979224779951,bags,凯莉包mini女包2022新款大容量手提包气质百搭婚包新娘热词斜挎
4398,2,742443884119,bags,纯色简约大容量2024秋冬季新款韩版简约单肩斜挎包子母包饺子包潮
4398,2,852128674903,bags,秋季新款条绒布女包2026新款时尚女包质感子母包休闲单肩斜挎包
4550,2,800984851136,bags,小香风包包2022新款女包菱格链条包时尚百搭ins斜挎包单肩包小包
4550,2,741309210021,bags,小香风包包春秋新款女包菱格链条包时尚百搭ins斜挎包单肩包小包
4615,2,953011882055,bags,链条斜挎包女包跨境菱格绣线单肩包时尚腋下女士小方包bag
4615,2,922813986932,bags,今年流行绣线菱格包包女2025新款单肩包洋气质感链条斜挎小方包
4937,2,965093756173,beauty,eiio奕沃致润水感面膜补水致润水感面膜保湿修护水润柔润敏肌适用
4937,2,964566713392,beauty,eiio奕沃致润水感面膜补水致润水感面膜保湿修护水润柔润敏肌适用
4967,2,1001199048584,beauty,娅芝黄金胶原炮面膜金刚侠胶原蛋白面膜抗皱紧致焕肤提拉贴片面膜
4967,2,999681078001,beauty,娅芝黄金胶原炮面膜金刚侠胶原蛋白面膜补水舒缓贴片面膜紧致抗皱
5002,2,997932444122,beauty,施逅玻尿酸水润保湿面膜补水修护嫩肤清爽玻尿酸补水蚕丝面膜批发
5002,2,998229804581,beauty,施逅玻尿酸水润保湿面膜补水修护嫩肤清爽玻尿酸补水蚕丝面膜批发
5048,2,903709356260,beauty,DASSFN胶原灌注大师面膜批发水光紧致补水保湿面膜细腻肌肤多款选
5048,2,864041579072,beauty,冰肤之萃油橄榄臻萃润泽油敷面膜以油养肤补水保湿提靓精油面膜批
5054,2,962175484341,beauty,欧姿萃黄金鱼子盈润透亮面膜鲟鱼子面膜补水保湿抗皱紧致亮肤
5054,2,962153796935,beauty,欧姿萃黄金鱼子盈润透亮面膜鲟鱼子面膜补水保湿抗皱紧致亮肤
5055,2,903019396061,beauty,施逅烟酰胺补水冻干面膜补水保湿润肤蚕丝面膜控油嫩肤积雪草面膜
5055,2,938041446470,beauty,施逅烟酰胺补水冻干面膜补水保湿润肤蚕丝面膜控油嫩肤积雪草面膜
5121,2,997527381055,beauty,单片烟酰胺富勒烯玻尿酸冻干粉亮肤面膜保湿补水滋润肌肤面膜批发
5121,2,981851769931,beauty,单片烟酰胺富勒烯玻尿酸冻干粉亮肤面膜保湿补水滋润肌肤面膜批发
5132,2,993705636699,beauty,欧姿萃胶原蛋白面膜 紧致提亮补水保湿 30ml/5片跨境专供
5132,2,991673051020,beauty,爆款欧姿萃胶原立体童颜面膜嫩肤紧致透亮滋润补水保湿清透护肤
5137,2,744831952806,beauty,玫黛琳胶原玻尿酸保湿面膜补水保湿滋润平衡油脂贴片面膜厂家批发
5137,2,740324068459,beauty,MAIGOOLE胶原玻尿酸保湿面膜超补水滋润五分钟修护胶原蛋白面膜
5147,2,909518230863,beauty,菁纯秘密胶原蛋白睡眠面膜懒人免洗夜用改善熬夜批发暗沉提亮肤色
5147,2,980586195906,beauty,菁纯秘密胶原蛋白睡眠面膜懒人免洗夜用改善熬夜批发暗沉提亮肤色
5161,2,999665622158,beauty,娅芝黄金蜂窝肌肽紧致抚纹面膜胶原炮抗皱舒缓金刚侠提亮精粹面膜
5161,2,999062975103,beauty,娅芝黄金蜂窝肌肽紧致抚纹面膜胶原炮抗皱舒缓双效金刚侠贴片面膜
5176,2,778351064668,beauty,斐思妮透明质酸钠面膜敏感油痘肌滋养面部护肤玻尿酸舒缓补水保湿
5176,2,759842548385,beauty,斐思妮透明质酸钠敏感晒后护理痘肌滋养锁水滋补水面膜玻尿酸
5224,2,925419987602,beauty,氨基酸洗面奶男士专用学生控油除螨黑头深层清洁毛孔保湿温和洁面
5224,2,979434054854,beauty,氨基酸洗面奶男士专用学生控油除螨黑头深层清洁毛孔保湿温和洁面
5228,2,897617764874,beauty,雪玲妃氨基酸洗面奶保湿清爽通用补水大瓶装洁面乳大容量清洁毛孔
5228,2,863372389619,beauty,雪玲妃氨基酸洗面奶保湿清爽通用补水大瓶装洁面乳大容量清洁毛孔
5263,2,772659426296,beauty,露选YINBA叶绿素氨基酸洁面泥去角质深层清洁洁面乳洗面奶茵芭
5263,2,885256206217,beauty,YINBA叶绿素氨基酸洁面泥去角质深层清洁洁面乳洗面奶茵芭
5295,2,726530040405,beauty,艾尔博士洁颜蜜氨基酸洗面奶温和清洁洁面乳平价男女士用
5295,2,726280930237,beauty,艾尔博士洁颜蜜氨基酸洗面奶净透清洁洁面乳洗后不易假滑
5308,2,672554874530,beauty,日本senka保湿洁面珊珂专科洗面奶蚕丝泡沫洁面膏清爽洁面乳120g
5308,2,822320086892,beauty,日本senka保湿洁面珊珂专科洗面奶蚕丝泡沫洁面膏清爽洁面乳120g
5330,2,869850430632,beauty,金妮雅工厂积雪草洗面奶清洁面部温和滋润净肤洗洁面乳广州现货
5330,2,900967422832,beauty,金妮雅积雪草洗面奶大容量300g清洁面部温和保湿洁面乳厂家现货批
5332,2,610780383890,beauty,玖美堂小白管氨基酸洗面奶控油温和保湿男女士专用洁面乳正品批发
5332,2,841805033770,beauty,玖美堂小白管氨基酸洗面奶控油温和保湿男女士专用洁面乳正品批发
5356,2,665421537402,beauty,院装大瓶500g洗面奶爽肤水精华液乳液面霜洁面乳男女美容院护肤品
5356,2,671884965941,beauty,院装大瓶洗面奶爽肤水精华液乳液面霜500g六肽洁面乳美容院护肤品
5358,2,968420183285,beauty,YINBA叶绿素氨基酸洁面泥低泡温和去角质深层清洁毛孔控油洗面奶B
5358,2,968904026749,beauty,YINBA叶绿素氨基酸洁面泥去角质深层清洁毛孔低泡温和控油洗面奶B
5434,2,944391728797,electronics,2025新款柏林之声无线蓝牙耳机入耳式长续航久戴不痛隐形迷你耳机
5434,2,898093661098,electronics,2026年新款柏林之声蓝牙无线耳机入耳式长续航久戴不痛隐形迷你
5483,2,872158319184,electronics,跨境爆款私模K50无线入耳锌合金蓝牙耳机运动立体声金属蓝牙耳机
5483,2,872702909254,electronics,跨境高端K50无线蓝牙耳机入耳式金属铝合金低延时超长续航私模
5536,2,990327538522,electronics,【四只耳机】新款耳夹式半入耳式无线蓝牙耳机高音质超长续航Q16
5536,2,989913247722,electronics,【四只耳机】新款耳夹式半入耳式无线蓝牙耳机高音质超长续航Q16
5603,2,973226744600,electronics,华强北蓝牙耳机2026新款蓝牙耳机降噪耳机蓝牙超长续航
5603,2,970856382526,electronics,华强北蓝牙耳机七代运动降噪重低音耳蓝牙耳机2025新款蓝牙耳机
5820,2,873177782938,electronics,新款飞机地图适用iphone17手机壳苹果16promax/15防摔14pro13欧美
5820,2,854736747040,electronics,新款潮牌心脏适用iphone17手机壳苹果16promax/15防摔14pro13/12x
5967,2,898564855686,fashion,100%纯棉春夏装痞帅情侣装男复古港味ins字母短袖T恤新款宽松半袖
5967,2,899141990675,fashion,100%纯棉春夏装痞帅情侣装男复古港味ins字母短袖T恤新款宽松半袖
6013,2,885110983399,fashion,夏季新款印花短袖T恤男透气圆领修身打底衫百搭休闲速干运动上衣
6013,2,885361346119,fashion,2024夏季新款字母印花短袖T恤涤纶圆领修身短袖百搭潮流短袖男
6029,2,823594874774,fashion,轻薄透气防晒罩衫长袖针织t恤男士夏季美式轻熟风休闲宽松体恤衫
6029,2,992417586745,fashion,浅灰色卷边条纹长袖t恤男款秋季高级感慵懒风卫衣cleanfit打底衫
6208,2,761321951018,fashion,夏季男士冰丝短袖T恤男宽松圆领半袖体恤大码简约百搭速干上衣
6208,2,761467753790,fashion,【发货快】夏季冰丝t恤男圆领速干衣短袖中国印花透气大码运动男
6246,2,773119559685,fashion,230g纯棉重磅短袖男T恤休闲美式宽松t恤批发纯色春夏季男士衣服
6246,2,774427256317,fashion,春季白色短袖t恤男装打底衫内搭体恤宽松纯棉纯色2024年新款上衣
6359,2,911200404567,fashion,法式连衣裙女装夏季2026新款气质收腰显瘦高级黑白拼接休闲裙子潮
6359,2,909979891231,fashion,法式气质黑白休闲连衣裙女夏季新款收腰显瘦减龄小个子高级感裙子
6525,2,928426485576,food,盐津铺子大魔王魔芋素毛肚魔芋爽麻酱素毛肚休闲追剧解馋小零食
6525,2,928432669254,food,盐津铺子大魔王魔芋素毛肚魔芋爽麻酱素毛肚休闲追剧解馋小零食
6749,2,999925684632,food,正山小种金骏眉红茶武夷山高档茶叶礼盒装礼品送礼年货伴手礼
6749,2,817125134273,food,正山小种金骏眉红茶武夷山高档茶叶礼盒装礼品批发送礼年货伴手礼
6833,2,762682931279,food,一件代发 2017年越陈越香普洱熟茶云南七子饼茶勐海茶叶熟普茶饼
6833,2,774771684583,food,宫廷普洱熟茶云南七子饼茶版纳古树茶叶自己喝口粮茶熟普茶饼批发
6871,2,1049295079480,food,2026新雀舌茶叶绿茶明前特级湄潭毛尖春茶散装官方旗舰店批发袋装
6871,2,1052885414785,food,雀舌绿茶2026新茶特级浓香型嫩芽毛尖贵州湄潭茶叶碎片官方旗舰店
6970,2,934188121891,food,跨境 人参五宝茶六宝茶十宝茶姜黄肉桂姜薄荷茶人参八宝茶非内销
6970,2,916354243641,food,跨境洋甘菊洛神花薰衣草留兰香叶奶蓟籽姜黄肉桂姜蓝蝴蝶花马黛茶
7162,2,1054345245788,home,窄长型收纳盒桌面长条长方形文具化妆品杂物亚克力透明整理小盒子
7162,2,1053375842249,home,窄长型收纳盒桌面长条长方形文具化妆品杂物亚克力透明整理小盒子
7168,2,792384057402,home,化妆品收纳盒抽屉式宿舍桌面梳妆台口红护肤品置物架化妆台香水
7168,2,750066274332,home,抽屉式化妆品收纳盒宿舍书桌护肤品桌面梳妆台面膜口红置物架文具
7189,2,865275934113,home,透明收纳箱家用塑料收纳盒衣柜衣物大容量玩具零食整理储物箱子
7189,2,885611010118,home,透明收纳箱家用塑料收纳盒衣柜衣物大容量玩具零食整理储物箱子
7200,2,1044420758204,home,【大盒+60个5.5小盒】拼豆收纳盒套盒试卷透明收纳盒带盖高颜值
7200,2,1045879788159,home,厂家拼豆收纳盒拼豆内盒工具透明塑料盒正方形零件包装盒饰品盒
7214,2,1046936769582,home,1大盒+60小盒拼豆分装透明pet收纳盒套盒易取易放试卷收纳盒套装
7214,2,1045808209777,home,1大盒+60小盒拼豆分装透明pet收纳盒套盒易取易放试卷收纳盒套装
7264,2,1074754793623,home,橱柜收纳盒家用杂物零食玩具整理置物筐厨房大容量调料塑料储物箱
7264,2,1083379604860,home,橱柜收纳盒家用杂物零食玩具整理置物筐厨房大容量调料塑料储物箱
7394,2,926947137965,home,透明吧唧亚克力多层可叠加吧唧小卡置物架桌面ins阶梯展 示陈列架
7394,2,926951805969,home,透明吧唧亚克力多层可叠加吧唧小卡置物架桌面ins阶梯展 示陈列架
7424,2,1056991522914,home,书箱收纳箱学生书本教室用放书箱子高中装书书籍书筐书收纳盒神器
7424,2,1058923440120,home,书箱收纳箱学生书本教室用放书箱子高中装书书籍书筐书收纳盒神器
7481,2,1062200679967,home,日式桌面家用收纳盒厨房客厅抽屉收纳盒零食杂物美妆整理收纳盒子
7481,2,1074081492838,home,桌面收纳盒抽屉内置分隔长方形整理盒宿舍杂物化妆品分类储物盒子
7766,2,1058904329881,home,A类100支长绒棉全棉提花被套被罩2026新款防螨纯棉床单笠四件套
7766,2,1075035289874,home,A类100新疆长绒棉四件套轻奢立体提花全棉纯棉床单被套床笠三件套
7780,2,1044480215302,home,A类母婴级全棉双层纱四件套纯棉被套被罩单件学生宿舍床上三件套4
7780,2,1056695946438,home,A类母婴级全棉双层纱四件套纯棉被套被罩单件学生宿舍床上三件套4
7824,2,943796938724,home,2025夏季纯色冰丝四件套a类凉感床单被套宿舍三件套南通床上用品4
7824,2,907733788197,home,2026夏季纯色冰丝四件套a类凉感床单被套宿舍三件套南通床上用品4
7887,2,1069762402449,home,法式轻奢风水洗棉花边四件套家用被套床单床上用品套件批发
7887,2,1069765426274,home,韩式ins公主风磨毛纯色床单被套四件套花边款床上用品套件
7921,2,901600370355,home,水洗棉床单四件套2024新款冬季被套床上三件套非全棉纯棉四季通用
7921,2,1016571411759,home,水洗棉床单四件套新款冬季被套床上三件套非全棉纯棉四季通用
7963,2,884329309162,home,华夫格提花四件套双人被罩学生宿舍单人被套加大款四季家用三件套
7963,2,883924178688,home,高克重华夫格四件套单品床单被套枕套学生宿舍纯色可机水洗三件套
7975,2,1078529289079,home,四件套纯棉宿舍卡通套件学生床品三件套礼品全棉被套批发可定制
7975,2,1078197237393,home,纯棉床上四件套全棉学生床品三件套礼品套件a类母婴级批发可定制
7985,2,1007489253486,home,A类母婴纯色双拼全棉床上四件套外贸跨境简约纯棉床单被套宿舍三
7985,2,1052307375779,home,A类母婴纯色双拼全棉床上四件套外贸跨境简约纯棉床单被套宿舍三
8364,2,961649950604,mother_baby,婴儿连体衣a类棉秋季宝宝衣服学院风翻领婴儿外出爬服 安阳婴童装
8364,2,967922296286,mother_baby,安阳婴童装婴儿衣服英伦学院风翻领外出服小童衣服宝宝连体衣外套
8381,2,969051975348,mother_baby,男童套装2025新款春季童裝字母印花套装宝宝卫衣洋气拼袖儿童春装
8381,2,1010226559344,mother_baby,男童套装2025新款春季童裝字母印花套装宝宝卫衣洋气拼袖儿童春装
8434,2,832556306214,mother_baby,婴儿卡通戴帽连体衣春秋款长袖爬服男女宝宝外出哈衣新生儿爬爬服
8434,2,855818329406,mother_baby,跨境婴儿连体衣春秋款婴幼儿长袖爬爬服宝宝外出哈衣满月宝宝爬服
8501,2,982662644946,electronics,新款官方正品适用华为苹果蓝牙耳机耳夹式无线骨传导政府补贴
8501,2,981265998307,electronics,蓝牙耳机政府补贴新款无线耳夹式不入耳开放骨传导运动Clip
8580,2,971296679110,electronics,高档硅胶软壳适用15苹果14手机壳透明iphone13带镜头膜12promax16
8580,2,895617581128,electronics,高档硅胶软壳适用15苹果14手机壳透明iphone13带镜头膜12promax16
8599,2,949699932288,electronics,卖萌动物集合适用苹果17PROMAX手机壳iPhone15卡通16个性13软壳14
8599,2,951375280493,electronics,多只可爱猫咪适用苹果17PROMAX手机壳iPhone16创意14全包13软壳15
8644,2,857216074487,electronics,适用苹果13手机壳iPhone保护套液态软硅胶全包防摔男女外壳
8644,2,857737616264,electronics,适用苹果xr手机壳iPhone保护套液态软硅胶全包防摔男女外壳
8670,2,991988540482,electronics,波点天使猫适用苹果17promax手机壳iphone16/15pro防摔14/13/12硬
8670,2,994999572605,electronics,波点天使猫适用苹果17promax手机壳iphone16/15pro防摔14/13/12硬
8704,2,875503478877,electronics,黑白猫咪适用iPhone16ProMax手机壳15/1可爱13彩银12硬壳11/xs/x
8704,2,880643705476,electronics,动物派对适用苹果17PROMAX手机壳iPhone16硬壳14大孔13个性12潮11
8712,2,1000012732260,electronics,适用苹果16手机壳iPhone17promax防摔15旋转磁吸支架高级感纯色13
8712,2,1000021176946,electronics,适用苹果16手机壳iPhone17promax防摔15折叠磁吸支架高级感纯色13
8749,2,872069081856,electronics,粉色蝴蝶结适用苹果17PROMAX小众手机壳iPhone16新款14创意13软壳
8749,2,991145455827,electronics,蓝眼泪海浪适用苹果17promax手机壳16/15pro卡通14/13/12/11软壳x
8752,2,962435656939,electronics,油画花朵挂绳适用苹果16手机壳14promax美拉德15磨毛13硅胶大视窗
8752,2,966883172677,electronics,豹纹蝴蝶挂绳适用苹果16复古手机壳14promax大视窗贴皮15美拉德13
8771,2,946948813182,electronics,适用苹果17promax透明磁吸手机壳iphone duo保护套18pro防摔17pm
8771,2,807043075429,electronics,适用于iPhone 16 15 Pro苹果18 14 Pro MAX 透明磁吸手机壳17批发
8878,2,975909761195,fashion,跨境新春秋季t恤男士长袖秋衣打底体恤小衫休闲秋款打底衫可外穿
8878,2,976618408557,fashion,跨境新春秋季t恤男士长袖秋衣打底体恤小衫休闲秋款打底衫可外穿
8881,2,891602647565,fashion,2025夏季男士短袖t恤冰丝短袖男T恤衫潮流休闲百搭圆领打底衫上衣
8881,2,892606708400,fashion,2025夏季男士短袖t恤冰丝短袖男T恤衫潮流休闲百搭圆领打底衫上衣
8903,2,888046438250,fashion,春装冰丝长袖男式T恤中青年时尚休闲薄款宽松打底衫男爸爸装
8903,2,998634280818,fashion,春装冰丝长袖男式T恤中青年时尚休闲薄款宽松打底衫男爸爸装
8910,2,920846332634,fashion,2025新款冰丝短袖t恤男士夏季翻领休闲体恤高端带领透气冰感半袖
8910,2,919888602491,fashion,冰丝Polo衫短袖恤男士夏季翻领休闲体恤透气冰感半袖衫简约上衣潮
8917,2,983206992216,fashion,外贸230g重磅纯棉短袖T恤男士夏季新款高端潮牌宽松圆领潮流体恤
8917,2,979770178629,fashion,外贸批发重磅棉短袖T恤男士夏季新款高端潮牌宽松圆领潮流体恤
8918,2,897697461459,fashion,黑色重磅短袖T恤男士加肥加大码男装夏季钢印立体宽松圆领上衣潮
8918,2,800056096421,fashion,黑色重磅短袖T恤男士加肥加大码男装夏季钢印立体宽松圆领上衣潮
8921,2,901145147513,fashion,100%纯棉短袖t恤男士新款潮流韩版宽松夏季体恤男装上衣服打底衫
8921,2,902039409048,fashion,短袖T恤男青年纯棉打底衫情侣宽松大码潮流百搭上衣图案时尚
8990,2,834296187435,fashion,秋季男装长袖t恤潮流青年体恤修身上衣男士印花秋衣打底衫批发
8990,2,835090986473,fashion,长袖t恤男秋季新款内搭衣服潮流休闲男款打底衫男士体恤上衣
9035,2,972238208260,fashion,欧洲站2025夏季新款男士青年烫钻短袖T恤圆领时尚潮流修身半袖衫
9035,2,782069704754,fashion,欧洲站夏季新款男士青年印花烫钻短袖T恤圆领时尚潮流修身半袖衫
9042,2,915615481792,fashion,夏季宽松纯棉短袖t恤男新款圆领纯色百搭上衣潮流中青年休闲打底
9042,2,915618729531,fashion,纯棉短袖t恤男夏季新款宽松圆领纯色百搭上衣潮流中青年休闲打底
9087,2,925359851222,fashion,220克重磅纯棉夏季短袖T恤男宽松男装体恤半袖纯色打底衫可二开
9087,2,925348663769,fashion,220克重磅纯棉夏季短袖T恤男宽松男装体恤半袖纯色打底衫可二开
9088,2,774248365395,fashion,冰丝短袖t恤男士夏季宽松大码男装休闲百搭体恤衫韩版潮流衣服男T
9088,2,774458764114,fashion,发货快冰丝短袖t恤男士夏季宽松大码男休闲百搭体恤衫轻奢潮
9109,2,888897246238,fashion,华夫格圆领短袖后包领男士上衣夏季新款宽松大码冰丝薄款复古T恤
9109,2,887529258594,fashion,华夫格圆领短袖后包领男士上衣夏季新款宽松大码冰丝薄款复古T恤
9123,2,950676494246,fashion,冰丝网眼短袖t恤男士夏季宽松大码韩版运动简约休闲百搭体恤衫
9123,2,950733610172,fashion,冰丝网眼短袖t恤男士夏季宽松加大码韩版休闲百搭体恤衫潮流男T
9152,2,939023279871,fashion,2025轻奢新年新款短袖半袖圆领时尚百搭帅气潮流休闲百搭T恤男士
9152,2,901795135568,fashion,2025春夏新款时尚男士T桖短袖轻奢百搭重工高级感时尚T恤短袖
9176,2,893779730697,fashion,短袖t恤男士2025新款冰丝夏季潮牌潮流字母重磅美式男装衣服体恤
9176,2,893731948063,fashion,帅气短袖t恤男夏季新款港风ins潮牌字母美式百搭半袖潮流宽松上衣
9180,2,920532543083,fashion,美式复古300g重磅纯棉水洗做旧短袖T恤夏季潮流纯色宽松半袖男
9180,2,921420813481,fashion,300克水洗纯棉短袖扎染圆领T恤男宽松落肩炒雪花半袖体恤水洗做旧
9186,2,815822329497,fashion,2026新款夏季双纱精梳纯棉百搭男士圆领重磅短袖T恤宽松潮牌体恤
9186,2,800176796017,fashion,夏季新款高档纯棉男士韩版休闲百搭圆领短袖T恤潮牌轻奢帅气男装
9204,2,972208280412,fashion,印花短袖t恤韩版男T恤港风潮牌宽松圆领打底体恤打底衫厂家批发
9204,2,972797968350,fashion,潮牌新款休闲印花短袖t恤衫男士夏季宽松圆领百搭运动打底上衣T
9208,2,970788474889,fashion,高端短袖男t恤男式上衣双面液氨丝光棉圆领纯色纯棉男款夏季
9208,2,973575502574,fashion,严选190g高端双面液氨丝光棉t恤短袖男夏圆领青年纯色纯棉男式t恤
9241,2,890859521976,fashion,200g纯棉小落肩短袖t恤男女同款半袖纯色黑色白色男士圆领打底代
9241,2,897702964733,fashion,200g纯棉小落肩短袖t恤男女同款半袖纯色黑色白色男士圆领打底代
9248,2,923772528709,fashion,短袖衬衫男士休闲薄款潮流修身帅气半袖T恤印花寸衣服夏季衬衣男
9248,2,953024806871,fashion,短袖印花衬衫男士2026夏季新款潮牌宽松显瘦T恤百搭休闲半袖衬衣
9261,2,927129455779,fashion,200g重磅棉t恤男士短袖圆领上衣服美式宽松半袖纯色体恤衫
9261,2,918918670384,fashion,棉短袖男款夏季潮牌宽松圆领半袖2025新款男士夏天t恤衣服
9265,2,895585910184,fashion,源头厂家男士短袖t恤夏季打底衫圆领百搭休闲纯色大码T恤潮流上衣
9265,2,939351197470,fashion,源头厂家男士短袖t恤夏季打底衫圆领百搭休闲纯色大码T恤潮流上衣
9301,2,923119444659,fashion,长袖t恤男士男装打底衫体恤上衣服春装体恤薄潮流春秋装
9301,2,910440233181,fashion,男装2025新款秋装上衣男长袖t恤修身打底衫内搭单件秋衣外穿
9342,2,903976070882,fashion,夏季新款冰丝短袖男t恤翻领商务百搭凉感时尚潮流印花休闲男士t恤
9342,2,903415200735,fashion,夏季新款冰丝短袖男t恤翻领商务百搭凉感时尚潮流印花休闲男士t恤
9361,2,971107880976,fashion,高级感高端190g高支双面液氨丝光棉t恤男匹马棉圆领白T短袖t恤男
9361,2,667112430628,fashion,2027高端190g高支双面液氨丝光棉t恤男匹马棉纯棉圆领短袖t恤男
9390,2,967697996090,fashion,多色可选薄款长袖t恤秋衣打底t韩版文化百搭必备男装上衣一件代发
9390,2,966893920554,fashion,春季新款长袖t恤秋衣男装上衣打底t韩版潮流文化百搭必备一件代发
9431,2,927882820748,fashion,青年夏季短袖T恤男圆领潮流印花ins上衣大码百搭半袖男体恤打底衫
9431,2,999594352457,fashion,夏季新款潮牌潮流短袖t恤男士五分袖体恤打底衫上衣服批发
9436,2,951676809374,fashion,2026新款丝光棉短袖t恤男冰丝凉感速干抗菌上衣服纯色半袖打底衫
9436,2,950582715381,fashion,【7A抗菌】丝光棉t恤男短袖圆领纯色白色上衣服冰丝凉感速干半袖
9445,2,946267811016,fashion,美式短袖T恤男宽松大码半袖水洗做旧体恤打底衫扎染索罗娜扎染
9445,2,946600876877,fashion,短袖t恤男ins美式痞帅水洗半袖体恤夏季索罗娜做旧252026新款热词
9456,2,998253181659,fashion,280g落肩重磅短袖男夏季美式健身运动体恤cleanfit纯棉半袖T恤
9456,2,997965977956,fashion,直播爆款200G丝光棉短袖高支T恤男夏季冰感时尚圆领纯色上衣t恤
9467,2,778236078189,fashion,短袖t恤男夏季新款美式复古痞帅刺绣重磅潮牌宽松麂皮绒半袖体恤
9467,2,778263569708,fashion,美式麂皮绒短袖t恤男夏季重磅复古半袖潮牌宽松五分体恤水洗印花
9482,2,912214825199,fashion,男装字母M刺绣短袖T恤夏季圆领潮牌男士休闲上衣体恤百搭服饰
9482,2,911718702384,fashion,男装潮牌刺绣T恤男夏季新款美式圆领复古男士休闲百搭半袖服饰
9510,2,947571126056,fashion,凉感冰丝短袖衬衫男夏季2025新款高级感宽松男生休闲半袖衬衣外套
9510,2,948701480808,fashion,日系简约纯色短袖冰丝衬衫男夏季薄款透气垂感大码衬衣速干透气
9543,2,666739286637,fashion,男士长袖新款纯色T恤衫潮流休闲运动外穿圆领纯棉打底衫上衣批发
9543,2,710326579364,fashion,男士长袖新款纯色T恤衫欧码休闲运动圆领纯棉字母印花长袖打底衫
9576,2,985694576475,fashion,卫衣男2025秋款半拉链宽松高级感秋季加厚立领T恤潮流百搭弹力
9576,2,985693088515,fashion,高端半拉链卫衣男春秋季2025新款潮流休闲立领打底衫品牌长袖t恤
9594,2,937025159091,fashion,潮牌t恤男夏季日系复古ins印花水洗做旧半袖宽松重磅纯棉短袖定制
9594,2,938948034715,fashion,重磅纯棉短袖t恤男宽松大码潮流水洗体恤衫夏季新款做旧上衣定制
9859,2,948558372702,food,嘴爱悠品香辣小鱼仔休闲小零食散装发批食品零食网红爆款摆摊零食
9859,2,949361016645,food,香辣小鱼仔40包鱼干毛毛鱼休闲零食散装发批湖南特产食品零食批发
9933,2,937929830333,food,40只虎皮凤爪鸡爪子零食夜宵饱腹解馋下酒菜卤味休闲食品独立包装
9933,2,985144093157,food,虎皮凤鸡爪子零食夜宵充饥速食解馋下酒菜卤味休闲食品先煎后卤
9974,2,841839643616,food,雅安特级茉莉花茶2026新茶花茶浓香碧潭级蜀茗润飘雪茶叶散装批发
9974,2,535609714536,food,雅安特级茉莉花茶2026新茶花茶浓香碧潭级蜀茗润飘雪茶叶散装批发
9989,2,762088674580,food,茉莉花茶新茶浓香型茶叶散装毛尖绿茶碧螺春组合装【新人】
9989,2,799521372360,food,茉莉花茶新茶浓香型茶叶散装毛尖绿茶碧螺春组合装
10003,2,743411619468,food,500克英德红茶 英红九号 英红9号 浓醇兰香 英德特产茶叶
10003,2,703945158064,food,500克鲜嫩英德红茶 高端英红九号 老树茶叶 芽头金尖 精美袋装
10075,2,709792755680,food,横县茉莉花茶一号茶王新茶浓香型茶叶源头厂家批发一件代发
10075,2,713834487838,food,广西横县茉莉花茶茉莉青玉2026春茶新茶散装茶叶浓香茉莉茶叶批发
10187,2,797404373996,food,高山绿茶毛尖2026新茶浓香型茶叶散装袋装正宗春茶【新人】
10187,2,928105841948,food,【爆款】高山绿茶毛尖新茶春茶浓香型茶叶散装袋装正宗春茶
10272,2,750709057615,food,广西六堡茶梧州特级陈年六堡茶黑茶散茶礼盒装竹篓筐500g茶叶批发
10272,2,856538325684,food,朝贵妃广西特产梧州16年六堡茶黑茶散装礼盒茶叶500g特级宫廷
10293,2,1050565928897,food,福建武夷山大红袍 红茶正山小种罐装特级茶叶礼盒装厂家批发
10293,2,1050580756211,food,2026年新茶红茶金骏眉福建武夷奇红万事如意金骏眉高档礼盒
10437,2,1043200881484,food,五指毛桃茯苓茶代用茶养生茶花茶袋泡茶女神茶独立包装量大可谈价
10437,2,1030652695486,food,五指毛桃茯苓茶祛养生茶湿茶炒熟赤小豆芡实薏米茶源头工厂代发
10480,2,954786959688,food,焦三通茶果茶养生茶袋泡茶花草茶源头工厂量大可谈可批发代发枸杞
10480,2,857724753743,food,焦三通茶 叶茶果茶养生茶批发代发一袋30小包
10549,2,989777140174,home,桌面亚克力透明收纳盒翻盖式桌面化妆品防尘收纳盒零食杂物整理盒
10549,2,903367152256,home,桌面亚克力透明收纳盒翻盖式桌面化妆品防尘收纳盒零食杂物整理盒
10551,2,976941749763,home,桌面收纳盒玩具整理篮长方形储物筐置物盒化妆品杂物零食收纳箱子
10551,2,992867415570,home,家用杂物收纳盒桌面塑料整理收纳筐厨房整理化妆品零食收纳储物盒
10583,2,1050909970208,home,厨房收纳盒杂物整理调料置物筐盒子锅具厨具抽拉式橱柜水槽储物盒
10583,2,1052757224256,home,橱柜收纳筐收纳盒杂物零食调料篮置物架神器整理筐厨房长方形带轮
10590,2,1055844585653,home,桌面收纳盒亚克力透明盒子零食长方形化妆品整理盒桌上杂物储物盒
10590,2,1055838741841,home,桌面收纳盒亚克力透明盒子零食长方形化妆品整理盒桌上杂物储物盒
10593,2,984167560561,home,家用桌面杂物收纳筐化妆品零食桌面宿舍收纳盒厨房整理塑料储物盒
10593,2,985292677098,home,家用化妆品整理盒子桌面零食收纳筐厨房浴室储物篮桌面杂物收纳盒
10595,2,1056227859135,home,橱柜收纳盒桌面零食杂物整理盒厨房水槽下收纳筐深柜内直角储物盒
10595,2,1056994050950,home,橱柜收纳盒桌面零食杂物整理盒厨房水槽下收纳筐深柜内直角储物盒
10602,2,1016226370881,home,文件收纳盒 新款大号抽屉整理半透明长方形有带盖子塑料盒 收纳盒
10602,2,856196768790,home,文件收纳盒 新款大号抽屉整理半透明长方形有带盖子塑料盒 收纳盒
10630,2,1060168315688,home,桌面收纳盒塑料收纳盒化妆品零食储物箱家用亚克力整理盒工厂直销
10630,2,1018294446621,home,桌面收纳盒塑料收纳箱透明杂物储物箱整理箱玩具箱零食盒收纳盒
10669,2,989255278972,home,特大号冰箱收纳盒保鲜盒食品级专用水果盒蔬菜鸡蛋冷冻大容量储物
10669,2,989456562184,home,特大号冰箱收纳盒保鲜盒食品级专用水果盒蔬菜鸡蛋冷冻大容量储物
10675,2,975150249198,home,桌面收纳盒化妆品杂物零食玩具整理篮长方形储物筐置物盒收纳箱子
10675,2,974792089442,home,桌面收纳盒化妆品杂物零食玩具整理篮长方形储物筐置物盒收纳箱子
10710,2,737848520438,home,收纳盒塑料桌面收纳盒化妆品抽屉整理盒自由组合多层可叠加首饰盒
10710,2,993475410533,home,塑料桌面收纳盒抽屉式化妆品整理盒多层可叠加首饰盒自由组合
10802,2,982193590813,home,香薰内衣内裤收纳盒三合一家用衣柜内衣裤袜子分格整理箱可放抽屉
10802,2,981782347104,home,内衣裤袜子香薰收纳盒贴身衣物收纳防虫宿舍防臭收纳盒袜子文胸盒
10806,2,1036783494772,home,多功能拼豆收纳盒分装米珠配件美甲透明整理盒饰品防尘储物盒
10806,2,1035703853206,home,多功能拼豆收纳盒分装米珠配件美甲透明整理盒饰品防尘储物盒
10853,2,1071944558179,home,药品收纳盒桌面收纳抽屉式收纳盒内衣收纳箱文具收纳储物盒透明
10853,2,1073941512929,home,家用抽屉药箱药品收纳盒家庭药物分类收纳箱桌面防尘医药整理盒
10879,2,1067078891542,home,抽屉分格收纳盒办公桌橱柜内置文具笔长方形塑料书桌整理小放置盒
10879,2,1028937008805,home,抽屉分格收纳盒办公桌橱柜内置文具笔长方形塑料书桌整理小放置盒
10912,2,854083810245,home,衣服收纳箱家用放衣物裤子整理盒可水洗衣柜分层收纳神器储物框筐
10912,2,833018325257,home,衣服收纳箱家用放衣物裤子整理盒可水洗衣柜分层收纳神器储物框筐
10913,2,866602399026,home,PP空盒大号翻盖整理塑料盒透明文件票据收纳盒双扣长方形展示盒子
10913,2,869857879084,home,透明加高PP塑料空盒文件书籍绘本收纳盒玩具零食盒美甲五金工具盒
10915,2,861492911901,home,桌面收纳盒零食化妆品杂物收纳筐家用厨房整理盒衣柜储物篮筐盒子
10915,2,861324670433,home,桌面收纳盒零食化妆品杂物收纳筐家用厨房整理盒衣柜储物篮筐盒子
10922,2,959051713042,home,收纳箱加厚大号储物箱家用带盖杂物收纳箱大容量透明PP客厅收纳箱
10922,2,974650724526,home,可定制加厚储物箱家用带盖杂物收纳箱大容量衣柜透明PP客厅收纳箱
10935,2,995995745923,home,书立架书架桌面学生书本收纳盒立式书桌办公桌a4文件架书桌收纳架
10935,2,995276371577,home,书立架书架桌面学生书本收纳盒立式书桌办公桌a4文件架书桌收纳架
10936,2,989529333187,home,冰箱收纳盒食品级密封保鲜盒冷冻冷藏专用厨房蔬菜水果鸡蛋储物盒
10936,2,987792983732,home,冰箱收纳盒食品级密封保鲜盒冷冻冷藏专用厨房蔬菜水果鸡蛋储物盒
10978,2,911447263483,home,桌面化妆品收纳盒塑料收纳架抽屉式首饰盒梳妆台置物架透明整理盒
10978,2,1058221169928,home,桌面化妆品收纳盒塑料收纳架抽屉式首饰盒梳妆台置物架透明整理盒
10986,2,1002427083335,home,桌面收纳盒长条长方形亚克力透明窄长型袜子小物件储物抽屉整理盒
10986,2,961792437391,home,桌面收纳盒长条窄长型长方形亚克力透明杂物袜子小物件抽屉分隔盒
11033,2,995923358154,home,化妆品收纳盒桌面梳妆台透明亚克力阶梯多层香水口红护肤品置物架
11033,2,995311899587,home,化妆品收纳盒桌面梳妆台透明亚克力阶梯多层香水口红护肤品置物架
11116,2,938027492313,home,抽屉分隔储物内置收纳盒书桌文具亚克力透明桌面化妆品置物盒
11116,2,1010928571717,home,抽屉分隔储物内置收纳盒书桌文具亚克力透明桌面化妆品置物盒
11337,2,1073327451569,home,A类双层纱四件套柔软加厚被套床单被罩床笠学生宿舍单人三件套
11337,2,1055599025177,home,A类双层纱四件套加厚被套床单被罩床笠学生宿舍单人三件套
11355,2,1026697039702,home,母婴级A类有氧裸睡四件套纯棉床上双层纱云柔床单被套宿舍三4件套
11355,2,1047218689216,home,母婴级A类有氧裸睡四件套纯棉床上双层纱云柔床单被套宿舍三4件套
11361,2,1030345874954,home,日系简约纯水洗棉四件套母婴级A类ins纯色被套床笠学生宿舍三件套
11361,2,670966296412,home,日系简约纯水洗棉四件套母婴级A类ins纯色被套床笠学生宿舍三件套
11400,2,966887499545,home,轻奢床上用品四件套床单床笠单件三件套学生床高级单品宿舍被套
11400,2,892163233283,home,轻奢床上用品四件套床单床笠单件三件套学生床高级单品宿舍被套
11402,2,898021810511,home,A纯棉四件套类纯色双拼100全棉三件套床单被罩单人学生宿舍被套
11402,2,898878644202,home,A版四件套纯棉纯色被套三件套单件100学生全棉宿舍被单人单独被罩
11442,2,811644670548,home,ins纯色水洗棉四件套被套床笠学生宿舍三件套民宿单被套床上用品
11442,2,1079268148191,home,ins纯色水洗棉四件套被套床笠学生宿舍三件套民宿单被套床上用品
11530,2,903053084008,home,2026夏季纯色冰丝四件套a类凉感床单被套宿舍三件套南通床上用品4
11530,2,1050861548474,home,2026纯色冰丝四件套凉感床单单件被套夏天宿舍三件套夏季床上用品
11553,2,976886148992,home,简约感床上用品四件套无印水洗棉床单被套床笠学生宿舍三件套批发
11553,2,956540206175,home,简约高级感床上用品四件套纯棉水洗棉床单被套床笠学生宿舍三件套
11575,2,1061880970471,home,高级感A类床上提花四件套100纯棉全棉2026新款防螨被套床单品笠4
11575,2,1063819036804,home,高级感A类床上提花四件套100纯棉全棉2026新款防螨被套床单品笠4
11579,2,1081737432662,home,新款泡芙双层泡泡纱四件套A类四季款木棉被套软糯亲肤被罩三件套
11579,2,1072175162332,home,A类双层纱四件套亲肤超柔学生宿舍三件套拍泡芙纱四季款单独被套
11605,2,959695863496,home,超柔云感木棉双层纱大学生三件套裸睡母婴级碎花被套床笠式四件套
11605,2,1075669525994,home,ins风亲肤柔软四件套被套被罩可机洗单人三件套学生宿舍床上用品4
11630,2,1028424982600,home,2026新款双层纱四件套印花设计ins风学生宿舍床单床笠被罩可机洗
11630,2,1027768039385,home,2026双层纱四件套ins风床单床笠被罩可机洗四季通用床笠款四件套
11632,2,1034603564023,home,夏季冰丝床上四件套轻奢高级感主卧室床单床笠被套三件套床上用品
11632,2,1048030668972,home,夏季冰丝床上四件套轻奢高级感主卧室床单床笠被套三件套床上用品
11683,2,983887627279,home,多功能手持无线电电动清洁刷厨房洗碗刷浴室水池瓷砖电动清洁神器
11683,2,681925176539,home,多功能手持无线电电动清洁刷厨房洗碗刷浴室水池瓷砖电动清洁神器
11761,2,1002170998000,home,不锈钢实木锅铲炒铲勺汤勺煎铲漏勺家用防烫加厚食品级厨具套装
11761,2,1002178429488,home,不锈钢加厚锅铲炒勺厨具套装家用炒菜煎铲漏勺捞面勺大汤勺炒铲子
11799,2,901111463974,home,滤网油壶316不锈钢安士壶家用防漏油壶倒油瓶调味瓶罐厨房装油罐
11799,2,832688692275,home,滤网油壶316不锈钢安士壶家用防漏油壶倒油瓶调味瓶罐厨房装油罐
11870,2,934963438621,mother_baby,儿童夏款套装2026款男女童薄款休闲两件套宝宝字母短袖五分裤透气
11870,2,1038048880821,mother_baby,男童夏装套装2026新款洋气时髦宝宝衣服儿童运动风polo两件套夏季
11940,2,725413095182,mother_baby,新款男女宝宝秋装卫衣套装婴儿童装洋气春秋季长袖两件套厂家批发
11940,2,683686018725,mother_baby,男宝宝秋装卫衣套装2023新款婴儿童装洋气男童春秋季长袖两件套潮
11952,2,831392685944,mother_baby,男童秋季套装2026新款酷帅宝宝韩版春秋装衣服儿童毛衣外套三件套
11952,2,831558232224,mother_baby,男童秋装套装2026新款洋气儿童装春秋季毛衣外套宝宝时髦三件套潮
11990,2,979987287754,mother_baby,男童套装秋装2025新款男宝宝马甲打底衫裤子秋季婴幼儿衣服三件套
11990,2,981914864033,mother_baby,INS秋装韩版婴幼儿裤子男女宝宝百搭开档背带裤外出连体衣爬爬服
12001,2,1014220984682,mother_baby,2026新款男女童韩版字母卫衣儿童时尚运动休闲春秋两件套宝宝童装
12001,2,1072545196342,mother_baby,秋季新款2026韩版女童宝宝中大童套装秋季衣服儿童卫衣两件套秋款
12005,2,1068914527798,mother_baby,婴儿娃娃领卫衣套装宝宝立体卡通两件套新生儿春秋A类休闲外出服
12005,2,1071915556353,mother_baby,新生儿 A 类拼色卫衣婴儿条纹企鹅上衣宝宝春秋肩开扣居家两件套
12042,2,817451417583,mother_baby,新生婴儿连体衣无骨哈衣春秋纯棉初生和尚服爬服男女宝宝春秋衣服
12042,2,818529237559,mother_baby,新生婴儿儿衣服秋款四季纯棉和尚服春秋0-3月6初生宝宝连体衣春装
12044,2,822889218568,mother_baby,秋季上新婴儿连体衣服洋气百搭婴幼儿Polo长袖哈衣薄款宝宝秋季
12044,2,817868644315,mother_baby,秋季上新婴儿连体衣服洋气百搭婴幼儿Polo长袖哈衣薄款宝宝秋季
12083,2,1074989063633,mother_baby,【柠里】省心穿搭！女童套装秋装女宝宝公主卫衣上衣阔腿裤休闲潮
12083,2,1073070677077,mother_baby,【柠里】童装女童宝宝儿童秋装韩系兔子警官卫衣休闲裤运动裤套装
12142,2,1062999779442,mother_baby,婴儿连体衣春秋季纯棉无骨宝宝衣服连帽款兔耳哈衣无骨外出爬爬服
12142,2,1064125074848,mother_baby,婴儿包屁衣秋款纯棉a类肩扣长袖哈衣爬爬服a类新生儿衣服安阳童装
12155,2,971625998972,mother_baby,宝宝连体衣婴儿拖把侠爬行服拖地爬爬服擦地板防脏连体拖地神器
12155,2,834921494935,mother_baby,春秋款宝宝连体衣婴儿拖把侠爬行服宝宝拖地爬爬服擦地板防脏连体
12209,2,973930023161,mother_baby,婴儿蝴蝶衣带帽纯棉a类无骨和尚服待产包四季衣服带帽安阳婴童装
12209,2,974615432489,mother_baby,新生儿纯棉a类蝴蝶衣带帽四季款和尚服春秋款宝宝衣服安阳婴童装
12211,2,1070279217732,mother_baby,宝宝彩棉秋衣秋裤套装A类纯棉婴幼儿无染棉儿童居家打底内衣睡衣
12211,2,1070264893159,mother_baby,宝宝彩棉秋衣秋裤套装A类纯棉婴幼儿无染棉儿童居家打底内衣睡衣
12212,2,760765559880,mother_baby,儿童内衣套装纯棉男童秋衣秋裤宝宝衣服保暖女童家居服秋装童装
12212,2,796070048333,mother_baby,儿童内衣套装纯棉男童秋衣秋裤宝宝衣服保暖女童家居服秋装童装
12232,2,1068159797640,mother_baby,宝宝秋衣秋裤纯棉a类高腰护肚无骨分体贴身打底睡婴幼儿内衣套装
12232,2,1077549376367,mother_baby,A 类母婴级婴儿秋衣套装 全棉透气无骨工艺 高腰护肚不勒腰童装
12253,2,1071865823294,mother_baby,婴儿纯棉无骨两件套新生儿立领偏开扣宝宝高腰护肚春秋内衣套装
12253,2,1073725745988,mother_baby,宝宝立领偏开纯棉套装新生儿高腰护肚内衣婴儿A类无骨春秋家居服
12275,2,1041009738558,mother_baby,男童夏装蓝条小熊套装26新款儿童帅气休闲潮款2件套宝宝洋气衣服
12275,2,1045401341410,mother_baby,男童夏季字母防蚊裤套装韩版儿童帅气短袖休闲潮童装宝宝洋气衣服
12282,2,832457902131,mother_baby,儿童内衣纯棉套装春季新款男童秋衣秋裤宝宝睡衣女童家居服童装
12282,2,832851652578,mother_baby,儿童内衣纯棉套装春季新款男童秋衣秋裤宝宝睡衣女童家居服童装
12379,2,952514306785,mother_baby,婴幼儿长袖连体哈衣男女宝宝春秋装新生儿衣服纯棉卡通爬服外出服
12379,2,952066087605,mother_baby,婴幼儿长袖连体哈衣男女宝宝春秋装新生儿衣服纯棉卡通爬服外出服
12422,2,832427948565,mother_baby,柠里女童春季套装秋季韩系女宝宝小香风毛衣外套宽松喇叭裤两件套
12422,2,831823643743,mother_baby,甜小司女童套装秋装25春秋季韩系女孩小香风毛衣外套女宝宝喇叭裤
12429,2,1033162695929,mother_baby,新款男童套装夏季儿童韩版短袖短裤宝宝小童洋气夏装休闲两件套
12429,2,1033860066524,mother_baby,儿童短袖条纹套装夏季新款百搭休闲男宝宝T恤短袖男童潮流两件套
12438,2,817807427154,mother_baby,婴儿秋装连体衣宝宝秋季新款衣服超萌洋气婴幼儿百日宴绅士服秋天
12438,2,821555667231,mother_baby,婴儿春装衣服连体衣新生儿男宝宝超萌满月百天哈衣爬服春秋季外套
12447,2,1070336900387,mother_baby,婴儿连体衣春秋款睡衣男女宝宝哈衣无骨纯色爬服家居服保暖衣服
12447,2,1070521663725,mother_baby,婴儿连体衣保暖无骨a类春秋宝宝衣服透气百搭外出服哈衣贴身睡衣
12456,2,826068690965,mother_baby,DUUDUU海军春秋季长袖男女宝宝连体衣外出包屁衣服装a类婴儿衣服
12456,2,830596659000,mother_baby,DUUDUU兔子警官长袖宝宝连体衣春秋季外出包屁衣a类婴儿衣服女宝
12513,2,1002812738739,mother_baby,7A抗菌舒绒棉 儿童内衣套装男童秋衣秋裤宝宝衣服保暖女童家居服
12513,2,1040349462201,mother_baby,7A抗菌舒绒棉 儿童内衣套装男童秋衣秋裤宝宝衣服保暖女童家居服
12547,2,956346544877,mother_baby,男宝宝衣服秋装格子套装婴幼儿春秋季外出长袖洋气两件套厂家批发
12547,2,958998766008,mother_baby,男宝宝衣服秋装条纹卫衣新款套装幼小童春秋季卡通可爱洋气两件套
12570,2,954621822252,mother_baby,DUUDUU秋装2025新款新生儿包屁衣长袖爬服a类宝宝衣服婴儿连体衣
12570,2,954772041844,mother_baby,DUUDUU秋装2025新款包屁衣a类爬服外出服长袖婴儿连体衣宝宝衣服
12575,2,951066242125,mother_baby,婴幼儿纯棉包屁衣哈衣初生宝宝爬服长袖无骨连身衣儿童四季家居服
12575,2,942012908120,mother_baby,婴儿纯棉无骨连体衣宝宝哈衣爬服家居服魔术贴护肚四季款长袖童装
12577,2,835744827506,mother_baby,婴儿裤子纯棉春秋款男女宝宝休闲外出pp裤中小童卡通束脚长裤卡通
12577,2,898931688531,mother_baby,宝宝裤子春秋季男女童大PP裤纯棉宝宝卡通休闲长裤宽松屁屁裤可爱
12581,2,1068206061710,mother_baby,早秋新款女童套装可爱洋气卫衣长裤儿童百搭休闲外出宝宝两件套装
12581,2,1068747176659,mother_baby,女童甜美休闲套装新款可爱蝴蝶结卫衣两件套装宝宝时尚秋季衣潮酷
12582,2,996374311830,mother_baby,婴儿包屁衣长袖春秋新生儿婴儿儿衣服初生宝宝三角哈衣睡衣爬服
12582,2,996406967347,mother_baby,婴儿包屁衣长袖春秋新生儿婴儿儿衣服初生宝宝三角哈衣睡衣爬爬服
12606,2,988714613252,mother_baby,INS婴儿连体衣秋季长袖韩版儿童条纹新款宝宝外穿新生儿爬服衣服
12606,2,972041175437,mother_baby,韩版INS百搭条纹连体衣春秋新款潮流宝宝婴童外出居家爬服舒适新
12607,2,955333055577,mother_baby,Kids2026秋季儿童套装新款男童两件套宝宝春秋运动套装潮童装外贸
12607,2,1067922999705,mother_baby,Kids2026秋季儿童套装新款男童两件套宝宝春秋运动套装潮童装外贸
12609,2,637792742136,mother_baby,儿童内衣套装纯棉睡衣女童宝宝秋衣秋裤全棉男童家居服童装批发
12609,2,796067224413,mother_baby,儿童内衣套装纯棉睡衣女童宝宝秋衣秋裤全棉男童家居服童装批发
12614,2,900167197805,mother_baby,婴儿连体衣春秋款衣服花边领长袖纯棉新生婴幼儿女宝宝外出服春装
12614,2,895095207165,mother_baby,新生儿连体衣婴儿衣服纯棉哈衣小月龄宝宝春装公主风纯棉可爱爬服
12616,2,915834271664,mother_baby,婴儿连体衣女宝宝衣服无袖哈衣服装夏薄款公主百天周岁夏季包屁衣
12616,2,930657765738,mother_baby,INS婴儿夏装薄款衣服新生儿连体衣满月哈衣夏季女宝宝包屁衣a类棉
12618,2,905840835705,mother_baby,儿童夏季新款短袖套装条纹女童男童t恤宝宝婴儿衣服宽松透气批发
12618,2,905836235840,mother_baby,2026新款儿童短袖套装条纹女童男童t桖夏季宝宝婴儿衣服韩版童装
12633,2,815908173213,mother_baby,婴儿洋气小套装2026春季小月龄宝宝条纹上衣牛仔背心长爬两件套装
12633,2,774127652768,mother_baby,女宝宝春秋装衣服套装韩系软糯镂空针织圆领宽松毛衣包屁毛球短裤
12655,2,1013911378357,mother_baby,新生婴儿连体衣春秋季纯棉初生女宝宝哈衣儿童家居服内衣爬服秋装
12655,2,1015216073171,mother_baby,婴儿衣服纯棉a类四季款春秋哈衣女宝宝衣服新生儿爬服外出连体衣
12660,2,869170794282,mother_baby,婴儿连体衣春秋哈衣新生儿衣服纯棉四季款和尚服初生满月宝宝哈衣
12660,2,869522329092,mother_baby,婴儿连体衣春秋哈衣新生儿衣服纯棉四季款和尚服初生满月宝宝哈衣
12673,2,920515736906,mother_baby,新生儿春秋季长袖连体衣纯棉和尚服胎帽套装婴儿宝宝外出绑带哈衣
12673,2,898774175530,mother_baby,新生儿春秋长袖蝴蝶衣纯棉a类和尚服宝宝绑带哈衣跨境婴儿连体衣
12675,2,1023748577993,mother_baby,婴儿连体衣宝宝新生儿无骨春秋舒绒哈衣弹性婴幼儿童装套头爬服
12675,2,1047102691446,mother_baby,婴儿春秋款连体衣宝宝新生儿外穿舒绒哈衣男女宝宝婴幼儿童装爬服
12712,2,1068447731085,mother_baby,秋季男童套装小男孩格子衬衫洋气工装裤三件套男宝宝秋季马甲套装
12712,2,1066926795585,mother_baby,男童套装春秋装2026新款宝宝韩版休闲马甲打底衫裤子儿童三件套潮
12732,2,1026239994328,mother_baby,超萌婴儿春秋季套装新款可爱男女宝宝卡通鸭子长袖t恤打底衫裤子
12732,2,1016417904799,mother_baby,韩版婴儿衣服春季男童套装婴幼儿卡通马年毛衣男女宝宝针织两件套
13043,2,1027817279852,shoes,休闲时尚新款舒适圆头一字平底凉鞋欧美复古简约百搭沙滩凉拖鞋女
13043,2,1029880297604,shoes,舒适时尚新款外穿一字平底拖鞋女休闲舒适简约复古百搭沙滩拖鞋女
13130,2,1040088794126,shoes,春秋新款小香风蝴蝶结菱格浅口女单鞋芭蕾舞复古平底不累脚一脚蹬
13130,2,1038619805463,shoes,2026年春秋新款小香风蝴蝶结菱格浅口女单鞋芭蕾舞复古平底不累脚
13196,2,871865532510,shoes,坡跟软皮单鞋女2025年春季新款圆头坡跟松糕底舒适百搭软底小皮鞋
13196,2,901635387371,shoes,磨砂气质细跟中跟单鞋女2025春季新款一字带扣百搭尖头玛丽珍鞋女
13248,2,986982303020,shoes,面包女鞋春季潮流百搭休闲小众原创板鞋运动厚底增高小白老爹潮鞋
13248,2,982058845692,shoes,女鞋踩屎感时尚皮面运动鞋春季2025新款软底防滑宽脚胖mm老爹鞋
13260,2,763598009091,shoes,大码女鞋宽胖脚小白鞋女秋季皮面防水防滑休闲运动板鞋
13260,2,857847457863,shoes,2024新款软底不累脚板鞋女德训鞋女款厚底时尚耐磨休闲百塔小白鞋
13278,2,989764068772,shoes,春秋季女士时尚百搭洋气一脚蹬粗跟长筒靴2025新款尖头堆堆长筒靴
13278,2,987882339498,shoes,春秋季女士时尚百搭洋气一脚蹬粗跟长筒靴2025新款尖头堆堆增高
13282,2,979320281883,shoes,秋季软皮山茶花乐福鞋女复古英伦风小皮鞋2025新款软底一脚蹬单鞋
13282,2,981155345900,shoes,法式乐福鞋女复古软皮粗跟一脚蹬小皮鞋2026秋季新款低跟浅口单鞋
13302,2,1045368145453,shoes,平底玛丽珍鞋2026年新款单鞋春秋季法式浅口复古软底皮鞋芭蕾舞鞋
13302,2,1053246976186,shoes,蝴蝶结红色复古玛丽珍鞋子女2026年春季新款配裙子超软平底单鞋潮
13355,2,1007918757402,shoes,德训鞋女2026春季新款透气运动鞋轻便休闲板鞋百搭复古阿甘鞋女鞋
13355,2,1007097490258,shoes,德训鞋女2026春季新款透气运动鞋轻便休闲板鞋百搭复古阿甘鞋女鞋
13542,2,1051465686332,shoes,爆款百搭厚底老爹鞋女春秋显脚小增高2026新款炸街银色运动休闲鞋
13542,2,922296487371,shoes,2025春新款平底百搭板鞋韩版时尚情侣学生运动鞋潮牌面包鞋德训鞋
13607,2,1078232723374,shoes,2026秋季新款复古休闲老爹鞋女真皮网面厚底登山鞋时尚休闲运动鞋
13607,2,1076127979167,shoes,真皮休闲运动平底华夫阿甘鞋小白健身加绒板鞋软牛皮银色德训鞋女
13653,2,641286445085,shoes,新款女飞织鞋气垫鞋春季女式休闲鞋时尚潮流厚底鞋子外贸女鞋批发
13653,2,1029358741287,shoes,新款女飞织鞋气垫鞋春季女式休闲鞋时尚潮流厚底鞋子外贸女鞋批发
13690,2,1079096414108,shoes,10cm小白鞋女2026秋新款厚底休闲板鞋内增高女鞋百搭不累脚低帮鞋
13690,2,1079077810916,shoes,10cm内增高小白鞋女2026秋新款小个子低帮厚底鞋百搭不累脚休闲鞋
13702,2,1079807648432,shoes,6cm内增高尖头拼接短靴女2026新款复古系带褶皱堆堆靴中筒时装靴
13702,2,1076682883710,shoes,6cm内增高复古尖头短靴女2026新款绑带拼接褶皱堆堆靴中筒骑士靴
13741,2,1055681078361,shoes,拖鞋女外穿2026年新款ins潮春夏季百搭凉拖鞋时尚沙滩平底一字拖
13741,2,1054538536431,shoes,拖鞋女外穿2026年新款ins潮春夏季百搭凉拖鞋时尚沙滩平底一字拖
13877,2,995051438723,shoes,头层牛皮~真皮厚底小白鞋女款2025秋季新款增高鞋子女休闲板鞋女
13877,2,975278202584,shoes,头层牛皮~真皮厚底小白鞋女鞋2025秋季新款增高松糕休闲百搭板鞋
13881,2,975453867262,shoes,百搭浅口豆豆鞋女2025秋季新款蝴蝶结单鞋圆头软皮软底孕妇平底鞋
13881,2,961236550480,shoes,百搭浅口豆豆鞋女2025秋季新款蝴蝶结单鞋圆头软皮软底孕妇平底鞋
13905,2,986066639746,shoes,老爹鞋女2025新款秋季鞋子女爆款厚底增高轻便软底阿甘休闲运动鞋
13905,2,987027790011,shoes,老爹鞋女2025新款秋季鞋子女爆款厚底增高轻便软底阿甘休闲运动鞋
13918,2,923768203966,shoes,鞋子女半托跨境代发女鞋大码新款休闲鞋飞织网面鞋一脚蹬轻便单鞋
13918,2,924189922028,shoes,鞋子女夏季休闲鞋透气不闷脚网面鞋一脚蹬半拖鞋软底不累脚懒人鞋
13953,2,998908272331,shoes,2025夏季新款时尚休闲网红一字防滑平底糖果色沙滩外穿款拖鞋女士
13953,2,966272340405,shoes,2025夏季新款时尚休闲网红一字防滑平底拖鞋糖果色沙滩外穿款拖鞋
13964,2,924458390675,shoes,复古港风面包鞋女ins潮2025春季新款百搭休闲板鞋学生帆布鞋板鞋
13964,2,919549807193,shoes,2025春季新款小众百搭休闲面包鞋女ins韩版美式复古德训运动板鞋
13994,2,1015786073758,shoes,2026德迅鞋女春秋新款韩版ins女学生休闲运动百搭板鞋街拍BK868
13994,2,1013928887862,shoes,2026阿甘鞋女春季新款韩版ins女学生休闲运动百搭板鞋街拍BD601
14123,2,909761317336,mother_baby,皮球儿童拍拍球充气西瓜球弹力球回弹带绳子小皮球一岁球类玩具
14123,2,726216955729,mother_baby,儿童互动玩具 西瓜球 手柄球 皮球儿童小皮球1-3岁拍拍球幼儿园
14323,2,1068931695756,mother_baby,萌趣青蛙手拉风琴婴幼儿小玩具宝宝听觉培养1至3岁早教音乐小玩具
14323,2,1069145418094,mother_baby,新款萌趣婴儿手风琴玩具青蛙宝宝训练儿童益智早教音乐宝宝1到3岁
14424,2,807585794410,mother_baby,儿童玩具抛壳软弹枪M416男孩吃鸡玩具枪98K礼盒男孩玩具地摊批发
14424,2,977833035256,mother_baby,儿童玩具抛壳软弹枪98k男孩玩具枪M416吃鸡玩具电玩城礼品批发
14505,2,1056926675056,mother_baby,世四喜ppsu新生儿奶瓶百日瓶婴儿防胀气奶瓶0-36个月宝宝初生防呛
14505,2,858047770471,mother_baby,世四喜玻璃奶瓶百日瓶婴儿新生儿防胀气奶瓶0-36个月宝宝初生防呛
14673,2,1066577936919,mother_baby,玻璃奶瓶婴儿仿母乳底部回气高硼硅初生宝宝防胀气弧形宽口
14673,2,990153487011,mother_baby,跨境玻璃奶瓶婴儿仿母乳底部回气高硼硅初生宝宝防胀气弧形宽口
14757,2,873915765158,mother_baby,贝/亲同款奶瓶大容量耐摔奶瓶材质三代宽口奶瓶学饮杯吸管杯婴儿
14757,2,1055788811732,mother_baby,贝/亲同款奶瓶大容量耐摔奶瓶材质三代宽口奶瓶学饮杯吸管杯婴儿
14788,2,901097892620,mother_baby,婴儿奶瓶tritan儿童喝水喝奶大宝宝吸管学饮杯一杯三用6个月以上
14788,2,881190142053,mother_baby,婴儿奶瓶一杯三用儿童喝水喝奶大宝宝吸管学饮杯tritan防呛0-3岁
14804,2,1046233902314,mother_baby,适配新加坡he.gen赫根奶瓶ppsu宽口新生儿防摔防呛宝宝功能奶瓶
14804,2,1049389172657,mother_baby,适用于新加坡he.gen赫根奶瓶ppsu宽口新生儿防摔防呛宝宝功能奶瓶
14816,2,663551311088,mother_baby,哆拉哆布ppsu婴儿奶瓶通气设计顺畅吸吮新生儿奶瓶120ml6375
14816,2,663545931480,mother_baby,哆拉哆布ppsu奶瓶120ml宝宝防胀气耐摔新生儿用品新生儿奶瓶6375
14819,2,889504075165,mother_baby,哆拉哆布新生儿PPSU防胀气奶瓶180ML婴幼儿广口奶瓶歪头奶瓶6531
14819,2,890482472467,mother_baby,哆拉哆布婴儿PPSU奶瓶宝宝防胀气歪头奶瓶广口喂奶奶瓶180ml6531
14845,2,974015686088,mother_baby,Yahababy55口径婴儿奶瓶宽口径防胀气初生婴儿0-6个月奶瓶
14845,2,974003958638,mother_baby,Yahababy跨境专供55口径适配新安*婴儿奶瓶宽口径防胀气婴儿奶瓶
14854,2,907182719812,mother_baby,婴儿奶瓶新生儿防呛防胀气PPSU奶瓶儿童吸管杯大宝宝直饮管奶瓶
14854,2,907496042228,mother_baby,宽口PPSU奶瓶新生婴儿防呛防胀气奶瓶儿童吸管杯大宝宝直饮管奶瓶
14906,2,654028243313,mother_baby,PP奶瓶防摔防胀气宽口径仿母乳八个月大容量二岁1-2-3岁宽口5cm
14906,2,999548367294,mother_baby,PP奶瓶防摔防胀气宽口径仿母乳八个月大容量二岁1-2-3岁宽口5cm
14936,2,1056079190710,mother_baby,跨境同款新生儿奶瓶宽口径PP带刻度大容量婴儿宝宝防胀气专用奶瓶
14936,2,1070373108493,mother_baby,跨境同款新生儿奶瓶宽口径PP带刻度大容量婴儿宝宝防胀气专用奶瓶
14951,2,682357217645,mother_baby,诺爱因婴儿奶瓶纳米银抗菌吸管杯宽口径防胀气带手柄厂家现货跨境
14951,2,887659411243,mother_baby,跨境婴幼儿奶瓶纳米银抗菌吸管杯宽口径奶瓶防胀气防呛带手柄奶瓶
15041,2,966861936161,mother_baby,哈特丽 宠物奶瓶单个 狗奶瓶猫奶瓶 猫咪奶瓶 幼犬幼猫奶瓶 50ml
15041,2,674359597296,mother_baby,哈特丽 宠物奶瓶单个 狗奶瓶猫奶瓶 猫咪奶瓶 幼犬幼猫奶瓶 50ml
15117,2,1082624990061,mother_baby,防胀气玻璃奶瓶0-6月宽口径PPSU套装定制LOGO
15117,2,921773508349,mother_baby,防胀气玻璃奶瓶0-6月宽口径PPSU套装定制LOGO
15127,2,963892371791,mother_baby,新生儿玻璃奶瓶初生偏心仿母乳防呛0到6个月专用婴儿防胀气奶瓶
15127,2,1062590474868,mother_baby,新生儿玻璃奶瓶初生偏心仿母乳防呛0到6个月专用婴儿防胀气奶瓶
15129,2,730712900946,mother_baby,新款316不锈钢保温奶瓶带柄儿童宝宝吸管水杯婴儿防呛恒温学饮杯
15129,2,1076597706194,mother_baby,新款316不锈钢保温奶瓶带柄儿童宝宝吸管水杯婴儿防呛保温学饮杯
15158,2,994033989572,mother_baby,跨境亚马逊PP防胀气奶瓶新生儿宽口径奶瓶多容量英文包装定制批发
15158,2,1061790267500,mother_baby,跨境亚马逊PP防胀气奶瓶新生儿宽口径奶瓶多容量英文包装定制批发
15159,2,964243788985,mother_baby,食品级PP防胀气婴童学饮杯1岁+带手柄防摔吸管奶瓶喝奶奶瓶量大价
15159,2,1061808495034,mother_baby,食品级PP防胀气婴童学饮杯1岁+带手柄防摔吸管奶瓶喝奶奶瓶量大价
15162,2,1038922997243,mother_baby,贝/亲同款奶瓶大容量耐摔奶瓶材质三代宽口奶瓶学饮杯吸管杯婴儿
15162,2,1057872143640,mother_baby,贝/亲同款奶瓶大容量耐摔奶瓶材质三代宽口奶瓶学饮杯吸管杯婴儿
15163,2,1013957945833,mother_baby,适配贝qin宽口径三代奶瓶通用硅胶奶嘴超软仿真母乳吸水嘴鸭嘴
15163,2,942013164419,mother_baby,婴幼儿喂奶奶嘴适配贝qin奶瓶奶嘴超软仿真母乳宽口吸水嘴鸭嘴
15175,2,690421076505,shoes,男鞋2026冬季男士皮鞋春季商务工作英伦潮鞋百搭休闲耐磨低帮
15175,2,843190029750,shoes,男鞋2025新款冬季男士休闲皮鞋韩版潮流百搭运动潮鞋男款小白板鞋
15284,2,783524664244,shoes,男鞋新款百搭轻便透气男士厚底增高潮流老爹鞋春季休闲跑步运动鞋
15284,2,826687123170,shoes,秋季高帮男鞋时尚新款白色运动鞋子男学生ins潮流跑步休闲老爹鞋
15303,2,946684133440,shoes,男鞋冬季透气潮流百搭休闲白色板鞋青少年防滑运动厚底增高小白鞋
15303,2,946056866991,shoes,男鞋冬季透气潮流百搭休闲白色板鞋青少年防滑运动厚底增高小白鞋
15348,2,1034384830829,shoes,2026运动鞋跑步爆米花新款男女跑鞋超轻减震女鞋网面透气竞速
15348,2,1013903415884,shoes,男鞋2025秋冬新款潮流运动百搭休闲鞋皮面一脚蹬防水工作厚底板鞋
15422,2,1061040835500,shoes,跨境批发透气运动鞋男女巴黎中帮绑带袜子靴针织弹力袜子鞋男鞋
15422,2,1061829790405,shoes,跨境批发透气运动鞋男女巴黎中帮绑带袜子靴针织弹力袜子鞋男鞋
15674,2,976630113169,shoes,男鞋新百伦574男士运动鞋低帮跑步鞋时尚舒适鞋子情侣款N字休闲鞋
15674,2,984989866042,shoes,男鞋新百伦574男士运动鞋低帮跑步鞋定制舒适鞋子情侣款N字休闲鞋
15687,2,936876121848,shoes,春季透气男鞋2026新款网面网鞋运动休闲初中学生厚底老爹潮鞋子男
15687,2,936872909957,shoes,2026春季新款男鞋透气爆款网面青少年运动鞋休闲厚底百搭老爹潮鞋
15708,2,1051945888915,shoes,男鞋子aj三太子敖丙鞋子低帮运动板鞋男情侣男女鞋学生摩擦有声音
15708,2,964815331263,shoes,男鞋子aj三太子敖丙鞋子低帮运动板鞋男情侣男女鞋学生摩擦有声音
15748,2,1084604156770,shoes,欧洲站时尚潮流老爹鞋百搭厚底增高休闲鞋运动鞋耐磨帅气男鞋
15748,2,1083585829533,shoes,欧洲站潮流PP男鞋牛皮漆皮休闲圆头板鞋时尚低帮厚底系带运动鞋男
15758,2,1074917145514,shoes,26原标男女休闲校园学生板鞋爆款印花刺绣厚底增高版本运动鞋潮款
15758,2,1083474996272,shoes,印花刺绣男女休闲校园学生板鞋26原标爆款厚底增高版本运动鞋潮款
15795,2,765999435524,shoes,男鞋春季透气新款简约男鞋纯黑色运动休闲鞋子轻便情侣款飞织鞋
15795,2,765993995740,shoes,康泰制鞋厂2026夏季款跑步男鞋跨境批发单鞋韩版软底透气运动鞋
15854,2,886521164750,shoes,老爹鞋女春季2026新款百搭透气休闲鞋子运动鞋小个子增高厚底女鞋
15854,2,893776072981,shoes,2026春季厚底老爹鞋女新款网面透气时尚银色增高休闲运动鞋潮鞋子
15866,2,945837522237,shoes,平底德训鞋女2025新款春夏季薄款小白鞋休闲运动女鞋子阿甘鞋单鞋
15866,2,812961366449,shoes,双网面透气老爹鞋拼接增高显瘦运动鞋春秋款2024新款厚底软底轻便
15905,2,1066043319333,shoes,【莆田处理鞋】福建运动鞋杂款鞋子批发男鞋地摊货源摆地摊的鞋子
15905,2,1035536800386,shoes,【福建处理鞋】莆田运动鞋杂款整单批发男鞋地摊货源摆地摊的鞋子
15938,2,984822939873,shoes,回力鞋子男鞋运动鞋休闲鞋2026新款春季男老爹鞋透气减震跑步鞋B
15938,2,1043751974024,shoes,回力鞋子男鞋运动鞋休闲鞋2026夏季老爹鞋透气减震跑步鞋子男B
15962,2,1026580710054,shoes,跨境男鞋百搭运动鞋男士休闲鞋秋季新款情侣N字潮流透气板鞋时尚
15962,2,1026506962718,shoes,男士运动鞋轻便复古学生跑步鞋百搭户外运动老爹鞋男潮流百搭男鞋
15966,2,785420291854,shoes,鞋子女鞋百搭夏季新款休闲运动单鞋批发跨境工厂透气飞织女鞋代发
15966,2,711309685754,shoes,鞋子女新款夏季时尚休闲运动鞋单鞋批发透气潮流网面飞织运动女鞋
15982,2,768014232422,shoes,小白鞋女2026春季新款百搭轻便女款鞋子运动休闲板鞋软底透气鞋女
15982,2,778979565971,shoes,小白鞋女鞋2026新款春季爆款运动板鞋女款时尚白色学生百搭休闲鞋
15987,2,932633697467,shoes,欧式男鞋2025新款春夏透气网面运动休闲鞋轻便软底增高阿甘老爹鞋
15987,2,933127712589,shoes,潮流时尚爆款百搭运动红鞋ins防滑耐磨休闲厚底增高板鞋男鞋圆头
15995,2,668614192818,shoes,鞋子男批发新款外贸男鞋韩版跨境大码潮流软底休闲鞋透气运动鞋男
15995,2,668295116590,shoes,鞋子男2026春款外贸男鞋sneakers礼品鞋批发透气运动鞋网面单鞋
15996,2,743245390646,shoes,春季男鞋新款透气防水防滑鞋子男款韩版百搭黑色皮鞋休闲板鞋潮鞋
15996,2,752068072293,shoes,春季男鞋新款透气高帮鞋子男款潮流百搭小白鞋厚底运动鞋休闲板鞋
16034,2,1012516218131,shoes,男鞋春季2026新款潮牌运动休闲网面跑步鞋子男款增高老爹百搭潮鞋
16034,2,1013946917756,shoes,男鞋春季2026新款潮牌运动休闲网面跑步鞋子男款增高老爹百搭潮鞋
16054,2,1028141089335,shoes,网红爆款增高厚底德训鞋女2026春季新款阿甘鞋休闲运动小白鞋子
16054,2,1071913211358,shoes,芭蕾德训鞋女内增高圆头百搭系带休闲运动鞋内增高3.5cm舒适设计
16059,2,976581704932,shoes,头层牛皮厚底小白鞋女款板鞋2026新款秋季鞋子女百搭休闲运动单鞋
16059,2,1066607943558,shoes,头层牛皮系带板鞋厚底6cm增高小个子女鞋圆头小白鞋休闲运动单鞋
16069,2,682475190242,shoes,男鞋阿甘运动休闲老爹鞋旅游鞋韩版潮打搭运动鞋批发潮流轻便舒适
16069,2,782827384892,shoes,男鞋新款透气网面运动鞋子男士韩版潮搭飞织跑步鞋老爹潮鞋代发
16083,2,984178684378,shoes,外贸新百伦9060男鞋女鞋2025新款增高复古老爹运动休闲跑步鞋爆款
16083,2,1039243688232,shoes,外贸新百伦9060男鞋女鞋2025新款增高复古老爹运动休闲跑步鞋爆款
16114,2,1082248897733,shoes,男鞋秋季透气2026新款皮面百搭板鞋男款小白鞋子学生休闲运动潮鞋
16114,2,1079052013382,shoes,男鞋2026新款皮面防水休闲男士运动鞋跑步增高潮鞋小白老爹鞋子男
16149,2,1027548696963,shoes,欧伦啄木鸟特价减震跑步鞋男鞋爆款百搭透气防滑防臭休闲运动鞋潮
16149,2,1026876369587,shoes,欧伦啄木鸟特价减震跑步鞋男鞋爆款百搭透气防滑防臭休闲运动鞋潮
16168,2,1049473013862,shoes,2026春秋新款小白鞋ins内增高校园男女百搭休闲运动板鞋舒适百搭
16168,2,1003154558386,shoes,【工厂店】Knu Skool黑白经典低帮胖胖面包鞋男女复古休闲板鞋
16169,2,1074048849541,shoes,运动鞋男款鞋子男鞋男鞋回力网鞋男透气鞋男男士运动鞋男鞋休闲鞋
16169,2,1075355008135,shoes,泉州运动鞋男鞋男鞋回力运动鞋鞋子男鞋鞋男男士运动鞋男鞋休闲鞋
16190,2,819706440263,shoes,HOBIBEAR革面男鞋春秋休闲运动潮鞋阿甘鞋男士新款跑步鞋一件代发
16190,2,832719159021,shoes,HOBIBEAR革面青年运动鞋春秋低帮男士健步鞋户外休闲鞋厂家直销
16245,2,988212264275,shoes,踩屎感厚底小白鞋女款网鞋2025春季爆款学生透气休闲运动ins板鞋
16245,2,991897256482,shoes,厚底运动鞋女跑步减震轻便春季耐磨踩屎感鞋子2025新款爆款老爹鞋
16258,2,1025031237218,shoes,男鞋夏季新款跨境百搭学生跑步鞋减震运动鞋轻便舒适防滑休闲鞋子
16258,2,1021327864757,shoes,男鞋2026夏季新款代发百搭网面透气运动鞋减震跑步鞋时尚休闲鞋子
16265,2,898699442228,shoes,男鞋春季2025新款透气百搭休闲运动老爹鞋男跑步防滑厚底阿甘潮鞋
16265,2,935520609908,shoes,男鞋夏季网面透气轻便软底运动休闲鞋时尚潮流百搭高级感阿甘潮鞋
16283,2,1027564735809,shoes,韩版时尚休闲小众复古美式潮流面包鞋女ins百搭学生厚底轻便板鞋
16283,2,1047355388772,shoes,设计感小众板鞋女鞋软底不累脚春季新款小白鞋舒适百搭学生运动鞋
16292,2,999052821953,shoes,高级休闲鞋超轻薄软底户外徒步旅游登山鞋学生青年正品舒适跑步鞋
16292,2,993304810045,shoes,高级休闲鞋超轻薄软底户外徒步旅游登山鞋学生青年正品舒适跑步鞋
16296,2,887817973180,shoes,鞋子女春季新款复古德训鞋透气一脚蹬聚氨酯休闲鞋拼色百搭运动鞋
16296,2,907855886962,shoes,运动鞋女款春季新款跨境shoes女鞋批发飞织透气休闲鞋百搭网鞋
16301,2,980172917162,shoes,外贸新款大码男鞋黑色简约软底男士休闲鞋轻便一脚蹬韩版运动鞋
16301,2,853641860437,shoes,外贸鞋子男简约黑色软底休闲鞋轻便一脚蹬潮鞋低帮圆头运动鞋批发
16308,2,665336441757,shoes,跨境男鞋轻便百搭新款男士运动鞋低帮撞色老爹鞋透气韩版跑步鞋子
16308,2,664842000179,shoes,低帮运动鞋男2026春夏新款学生老爹鞋飞织透气时尚韩版跑步鞋批发
16312,2,1049451979107,shoes,夏季新款布面透气小白鞋ins韩版情侣款百搭休闲鞋潮流男士运动鞋
16312,2,1061965761300,shoes,男鞋潮款流行百搭2026年春季新款时尚鞋休闲舒适网红爆款耐磨男士
16318,2,1053093355509,shoes,外贸男鞋批发新款旋转轻便简约休闲鞋男士薄款通勤鞋舒适运动鞋男
16318,2,1054820047279,shoes,男士运动鞋夏季新款舒适轻便跑步鞋子百搭透气简约运动鞋简约男鞋
16333,2,1018795036182,shoes,板鞋2026百搭潮流透气运动小白鞋休闲运动鞋学生运动板鞋潮款男鞋
16333,2,1000971403936,shoes,男鞋2026百搭潮流透气运动小白鞋休闲运动鞋学生运动板鞋潮款男鞋
