gia_tri_zh,gia_tri_vi,ten_thuoc_tinh,so_lan,ti_le_do_dai,do_dai_bat_thuong,product_id_vd,claude_nhan,claude_sua,ghi_chu
单肩包,Túi đeo một vai,箱包潮流款式,5,4.0,0,883914663306,DUNG,,
毛巾绣,Thêu khăn,织造工艺,5,2.67,0,1033777079718,SAI,Thêu xù (thêu khăn bông),
武夷肉桂,Quế Vũ,产品类别,5,1.25,0,692843893620,SAI,Nhục Quế Vũ Di,
中古风,phong cách thời trung cổ,风格,5,6.67,0,707700664932,SAI,Phong cách vintage,
商务精英,tiên phong doanh nghiệp,风格,5,5.0,0,983560454548,SAI,Doanh nhân thành đạt,
二级,Cấp 2,级别,5,1.5,0,896637797819,DUNG,,
拼贴/拼接,Chắp vá/Nối,工艺,5,2.25,0,974928631537,SAI,Cắt dán/ghép nối,
前车窗挡风玻璃,Cửa sổ phía trước kính chắn gió,安装位置,5,3.57,0,624645692027,SAI,Kính chắn gió cửa trước,
子母箱【天空蓝】简易内置,Hộp Mẹ và Con [Xanh Bầu Trời] Tích hợp đơn giản,颜色,5,3.5,0,709225617482,SAI,Bộ vali mẹ con [xanh da trời] lót trong đơn giản,
7007黑色,7007 màu đen,颜色,5,3.0,0,735023794908,DUNG,,
