row,name_zh,v_zh,truoc,sau,ket_qua,ghi_chu
1312,颜色,中号8225浅绿色.,Kích thước trung bình 8225 màu xanh nhạt.2,Kích thước trung bình 8225 màu xanh nhạt,,
1923,品牌,无,không có gì1,không có gì,,
2064,品牌,无,không có gì1,không có gì,,
2238,品牌,无,không có gì2,không có gì,,
2285,有可授权的自有品牌,否,KHÔNG1,KHÔNG,,
2315,品牌,无,không có gì1,không có gì,,
2389,品牌,无,không có gì2,không có gì,,
2396,品牌,无,không có gì1,không có gì,,
2510,品牌,无,không có gì1,không có gì,,
3434,规格,正常规格,Thông số kỹ thuật bình thường1,Thông số kỹ thuật bình thường,,
3520,规格,正常规格,Thông số kỹ thuật bình thường1,Thông số kỹ thuật bình thường,,
4041,品牌,无,không có gì1,không có gì,,
4236,品牌,无,KHÔNG2,KHÔNG,,
4322,品牌,无,không có gì1,không có gì,,
4330,品牌,无,không có gì2,không có gì,,
4483,品牌,无,không có gì1,không có gì,,
4602,颜色,彩色,Màu sắc1,Màu sắc,,
4669,品牌,无,không có gì2,không có gì,,
5767,适用机型,iPhone 16 Plus,iPhone 16 Plus2,iPhone 16 Plus,,
5882,细圈磁吸简约高级感,水泥钛灰色Magsafe细圈磁吸适用苹果16手机壳15promax磨砂硬壳14,Vỏ điện thoại di động Apple 16 phù hợp từ Magsafe màu xám titan xi măng vỏ cứng mờ 15promax 141,Vỏ điện thoại di động Apple 16 phù hợp từ Magsafe màu xám titan xi măng vỏ cứng mờ 15promax 14,,
5943,款式,套头,áo thun1,áo thun,,
6136,polo衫,polo衫,áo polo1,áo polo,,
6257,款式,套头,áo thun1,áo thun,,
6838,白茶,白茶,Trà trắng1,Trà trắng,,
6985,原料与配料,苦瓜,Mướp Đắng2,Mướp Đắng,,
7219,分格收纳盒,分格收纳盒,Hộp đựng đồ có ngăn1,Hộp đựng đồ có ngăn,,
7234,规格型号,大15空盒27.5*16.5*5.5CM,Hộp trống lớn 15 27.5*16.5*5.5cm2,Hộp trống lớn 15 27.5*16.5*5.5cm,,
7234,规格型号,小号文具盒15.1*6.5*4.6CM,"Hộp văn phòng phẩm cỡ nhỏ 15.1*6.5*4,6 cm2","Hộp văn phòng phẩm cỡ nhỏ 15.1*6.5*4,6 cm",,
7234,规格型号,大号文具盒18.1*9*4.6CM,Hộp văn phòng phẩm lớn 18.1*9*4.6cm2,Hộp văn phòng phẩm lớn 18.1*9*4.6cm,,
7234,规格型号,针线空盒14.3*9.8*3.2CM,Hộp may rỗng 14.3*9.8*3.2cm2,Hộp may rỗng 14.3*9.8*3.2cm,,
7234,规格型号,大号手提盒22.2*12.6*5.2,Hộp đựng lớn 22.2*12.6*5.22,Hộp đựng lớn 22.2*12.6*5.2,,
7234,规格型号,3350空盒32.3*23.1*5CM,"3350 trống hộp 32,3*23,1*5cm2","3350 trống hộp 32,3*23,1*5cm",,
7234,规格型号,苹果盒7.2*6.1*2.3CM,Hộp táo 7.2*6.1*2.3cm2,Hộp táo 7.2*6.1*2.3cm,,
7234,规格型号,22长方盒,22 hộp hình chữ nhật2,22 hộp hình chữ nhật,,
7234,规格型号,小格盒,Hộp ca rô nhỏ2,Hộp ca rô nhỏ,,
7234,规格型号,19长方盒（1.7）,19 hộp hình chữ ngày (1.7)2,19 hộp hình chữ ngày (1.7),,
7234,规格型号,1.5高12.5方盒,1.5 cao 12.5 hộp vuông2,1.5 cao 12.5 hộp vuông,,
7234,规格型号,F12方盒,Hộp vuông F122,Hộp vuông F12,,
7234,规格型号,D508空盒,Hộp rỗng D5082,Hộp rỗng D508,,
7234,规格型号,D512空盒,Hộp rỗng D5122,Hộp rỗng D512,,
7234,规格型号,1.5高10.5方盒,"1.5 cao 10,5 hộp vuông2","1.5 cao 10,5 hộp vuông",,
7234,规格型号,1.5高20方盒,1.5 cao 20 hộp vuông2,1.5 cao 20 hộp vuông,,
7573,洗衣凝珠盒子,洗衣凝珠收纳盒,Hộp đựng hạt giặt1,Hộp đựng hạt giặt,,
7631,品牌,其他,Khác1,Khác,,
7794,尺寸规格,1.8m床笠款四件套,"Bộ bốn chiếc ga giường 1,8 m2","Bộ bốn chiếc ga giường 1,8 m",,
8012,被面材质,棉,Bông1,Bông,,
8084,尺寸,墨绿金7件套（加厚款）,Bộ 7 món vàng xanh đậm (kiểu dày hơn)1,Bộ 7 món vàng xanh đậm (kiểu dày hơn),,
8359,元素,套装,Bộ2,Bộ,,
8470,元素,套装,Bộ1,Bộ,,
8737,风格,ins风,phong cách1,phong cách,,
8915,款式,套头,áo thun1,áo thun,,
8924,款式,套头,áo thun1,áo thun,,
9090,款式,套头,áo thun1,áo thun,,
9415,款式,套头,áo thun1,áo thun,,
9436,款式,套头,áo thun1,áo thun,,
9439,款式,套头,áo thun1,áo thun,,
9541,款式,套头,áo thun1,áo thun,,
9729,主面料成分2含量,30%（含）-50%（不含）,30% (bao gồm)-50% (không bao gồm)2,30% (bao gồm)-50% (không bao gồm),,
10143,产地-国内,云南,Vân Nam1,Vân Nam,,
10309,原料与配料,乌龙茶,Trà ô long1,Trà ô long,,
10651,整理,整理,Sắp xếp1,Sắp xếp,,
10682,规格,小号双扣空盒14.8*7.8*1.7CM,Hộp rỗng hai nút cỡ nhỏ 14.8*7.8*1.7cm1,Hộp rỗng hai nút cỡ nhỏ 14.8*7.8*1.7cm,,
10719,规格,小号双扣空盒14.8*7.8*1.7CM,"Hộp rỗng nút đôi nhỏ 14,8 * 7,8 * 1,7CM1","Hộp rỗng nút đôi nhỏ 14,8 * 7,8 * 1,7CM",,
10719,规格,双扣A38空盒17.4*9.9*2.3,Khóa đôi A38 hộp rỗng 17.4*9.9*2.31,Khóa đôi A38 hộp rỗng 17.4*9.9*2.3,,
10719,规格型号,大号新一格10.6*7.3*1.8,"Lưới mới lớn 10,6 * 7,3 * 1,82","Lưới mới lớn 10,6 * 7,3 * 1,8",,
10855,规格,1.5双扣大长PP14.8*7.9*1.5cm,"1.5 khóa đôi, PP dài lớn 14.8*7.9*1.5cm1","1.5 khóa đôi, PP dài lớn 14.8*7.9*1.5cm",,
10917,规格型号,小号蓝底白盖,Cỡ nhỏ nền xanh lam nắp trắng2,Cỡ nhỏ nền xanh lam nắp trắng,,
11113,外观颜色,透明,trong suốt1,trong suốt,,
11462,被面材质,棉,Bông1,Bông,,
11526,风格,婚庆,Đám cưới1,Đám cưới,,
11603,尺寸规格,1.8m床笠款四件套,"Bộ Bốn chiếc ga giường 1,8 m2","Bộ Bốn chiếc ga giường 1,8 m",,
11713,包装,袋装,đóng gói1,đóng gói,,
11763,产品类别,缝隙刷,Bàn chải có kẽ hở1,Bàn chải có kẽ hở,,
11814,规格,家用大号400*300*15【抗菌防霉】买1送2,400 lớn gia dụng * 300*15 [Kháng khuẩn và chống nấm mốc] Mua 1 tặng 21,400 lớn gia dụng * 300*15 [Kháng khuẩn và chống nấm mốc] Mua 1 tặng 2,,
11814,规格,肉铺专用400*300*30【抗菌防霉】买1送2,400 đặc biệt cho hàng thịt * 300*30 [Kháng khuẩn và chống nấm mốc] Mua 1 tặng 21,400 đặc biệt cho hàng thịt * 300*30 [Kháng khuẩn và chống nấm mốc] Mua 1 tặng 2,,
11814,规格,【超厚】超大号/600*400*30【食品级.抗菌防霉】买1送2,[Siêu dày] Kích thước siêu lớn/600*400*30 [Cấp thực phẩm. Kháng khuẩn và chống nấm mốc] Mua 1 tặng 21,[Siêu dày] Kích thước siêu lớn/600*400*30 [Cấp thực phẩm. Kháng khuẩn và chống nấm mốc] Mua 1 tặng 2,,
11956,元素,套装,Bộ1,Bộ,,
12077,元素,套装,Bộ1,Bộ,,
12292,主面料成分含量,100%棉,100% cotton1,100% cotton,,
12386,元素,套装,Bộ2,Bộ,,
12467,元素,套装,Bộ1,Bộ,,
12476,元素,套装,Bộ1,Bộ,,
12647,元素,套装,Bộ2,Bộ,,
12708,元素,套装,Bộ2,Bộ,,
12752,规格,款式十一,Phong cách 11,Phong cách,,
13015,上市年份季节（上市时间）,2025年秋季,Mùa thu năm 20252,Mùa thu năm 2025,,
13257,款式,单鞋,Giày bệt2,Giày bệt,,
13501,款式,板鞋,Giày đế bằng1,Giày đế bằng,,
13723,适用脚型,一脚蹬,Giày lười2,Giày lười,,
14054,拖鞋种类,凉拖鞋,dép1,dép,,
14160,产品类别,机器人模型,mô hình robot1,mô hình robot,,
14162,规格,件,một món2,một món,,
14891,是否跨境出口专供货源,是,Là1,Là,,
15308,款式,板鞋,Giày đế bằng1,Giày đế bằng,,
15342,款式,板鞋,Giày đế bằng1,Giày đế bằng,,
15462,款式,板鞋,Giày ván1,Giày ván,,
15673,款式,板鞋,Giày đế bằng1,Giày đế bằng,,
15839,款式,板鞋,Giày đế bằng1,Giày đế bằng,,
15859,款式,板鞋,Giày đế bằng1,Giày đế bằng,,
16022,款式,板鞋,Giày đế bằng1,Giày đế bằng,,
