dia_danh_zh,han_viet_goi_y,anh_duyet,anh_ghi_chu
温州,Ôn Châu,,
台州,Đài Châu,,
义乌,Nghĩa Ô,,
广州,Quảng Châu,,
深圳,Thâm Quyến,,
东莞,Đông Hoản,,
汕头,Sán Đầu,,
杭州,Hàng Châu,,
金华,Kim Hoa,,
宁波,Ninh Ba,,
泉州,Tuyền Châu,,
晋江,Tấn Giang,,
莆田,Bồ Điền,,
保定,Bảo Định,,
白沟,Bạch Câu,,
揭阳,Yết Dương,,
佛山,Phật Sơn,,
中山,Trung Sơn,,
潮州,Triều Châu,,
湖州,Hồ Châu,,
苏州,Tô Châu,,
南通,Nam Thông,,
临沂,Lâm Nghi,,
安溪,An Khê,,
福鼎,Phúc Đỉnh,,
武夷山,Vũ Di Sơn,,
云南,Vân Nam,,
普洱,Phổ Nhĩ,,
浙江,Chiết Giang,,
广东,Quảng Đông,,
福建,Phúc Kiến,,
河北,Hà Bắc,,
河南,Hà Nam,,
江苏,Giang Tô,,
山东,Sơn Đông,,
安徽,An Huy,,
湖南,Hồ Nam,,
四川,Tứ Xuyên,,
上海,Thượng Hải,,
北京,Bắc Kinh,,
江西,Giang Tây,,
中国,Trung Quốc,,
中国大陆,Trung Quốc đại lục,,
