v_zh,truoc,sau,loai,ket_qua,ghi_chu
车格仕,Xe ô tô,Chegeshi,pinyin,,
艺优特,Yiyou,Yiyoute,pinyin,,
艾朵盈,Ai Duoying,Aiduoying,pinyin,,
-江源,-Quảng Nguyên,Jiangyuan,pinyin,,
厉马,Lý Mã,Lima,pinyin,,
英文版,Phiên bản tiếng Anh,Yingwenban,pinyin,,
垫氏,Tấm đệm,Dianshi,pinyin,,
中性英文,Tiếng Anh trung tính,Zhongxingyingwen,pinyin,,
E车E录,Xe điện tử,Chelu,pinyin,,
车视盯,Chế độ xem xe,Cheshiding,pinyin,,
蒙初,Mông Cổ,Mengchu,pinyin,,
Nike/耐克,Nike/Nike,Nike,giu_latin,,
蕾斯佳尼,Lacejani,Leisijiani,pinyin,,
包与王妃,Bao và công chúa,Baoyuwangfei,pinyin,,
小狐狸,Hồ ly nhỏ,Xiaohuli,pinyin,,
威雅璐,viên nang,Weiyalu,pinyin,,
盛盟,Thành Mêng,Shengmeng,pinyin,,
彬澳袋鼠,Chuột túi Bin Ao,Binaodaishu,pinyin,,
木子玲,Mộc Tử Linh,Muziling,pinyin,,
视行者,Người xem,Shixingzhe,pinyin,,
尚健,Vẫn khỏe mạnh,Shangjian,pinyin,,
Tangcool/唐酷,Tangcool/Don Cool,Tangcool,giu_latin,,
其它家,Những ngôi nhà khác,Qitajia,pinyin,,
玖壹,Chín Một,Jiuyi,pinyin,,
星际森林,rừng giữa các vì sao,Xingjisenlin,pinyin,,
Vanaheimr/华纳海姆,Vanaheimr/Vanaheim,Vanaheimr,giu_latin,,
贝梵熙,Bevan Hee,Beifanxi,pinyin,,
other其他,Khác khác,other,giu_latin,,
蔻安菲,Cộng anfei,Kouanfei,pinyin,,
DUDULANG/杜杜郎,DUDULANG/Dudu Lang,DUDULANG,giu_latin,,
意牧,yimu,Yimu,pinyin,,
雅士仑,Yashlun,Yashilun,pinyin,,
巴妮猫,Mèo Barni,Banimao,pinyin,,
楠小姐,Cô Nan,Nanxiaojie,pinyin,,
鹏秋,Bành Thu,Pengqiu,pinyin,,
博亚图,Bản đồ Boya,Boyatu,pinyin,,
雷曼特,Raymante,Leimante,pinyin,,
硕晨箱包,hành lý Shuofan,Shuochenxiangbao,pinyin,,
曼德卡顿,Mandkaton,Mandekadun,pinyin,,
旅客,Du khách,Lvke,pinyin,,
形象美,Hình ảnh đẹp,Xingxiangmei,pinyin,,
Joocyee/酵色,Joocyee/Màu lên men,Joocyee,giu_latin,,
凯膜,Màng,Kaimo,pinyin,,
珀美博士,Tiến sĩ Perme,Pomeiboshi,pinyin,,
米蓓尔,Mibell,Mibeier,pinyin,,
欣兰,Tân Lan,Xinlan,pinyin,,
C咖,Cà phê C,Ka,pinyin,,
美姿媛,Meiziyu,Meiziyuan,pinyin,,
Nivea/妮维雅,Nivea/Nivea,Nivea,giu_latin,,
茵洛美,Inlome,Yinluomei,pinyin,,
RAINYXIL/雨系,RAINYXIL/hệ thống mưa,RAINYXIL,giu_latin,,
凡赛尼,Van Saini,Fansaini,pinyin,,
Awei/用维,Awei/bảo trì sử dụng,Awei,giu_latin,,
光速,Tốc độ ánh sáng,Guangsu,pinyin,,
科普斯,Copps,Kepusi,pinyin,,
约姿,Cuộc hẹn,Yuezi,pinyin,,
河豚先生,Ông cá nóc,Hetunxiansheng,pinyin,,
乐盈,Lê Anh,Leying,pinyin,,
花誓言,Hoa thề,Huashiyan,pinyin,,
卓诗妍,Zhuo Shiyan,Zhuoshiyan,pinyin,,
达肤研,Da Da Yan,Dafuyan,pinyin,,
浦永澌,Urayasu,Puyongsi,pinyin,,
自然堂,Phòng trưng bày thiên nhiên,Zirantang,pinyin,,
兰皇后,Xanh hoàng hậu,Lanhuanghou,pinyin,,
DRAWSHE/玖皙,DRAWSHE/Jiu Xi,DRAWSHE,giu_latin,,
维丹露,Vidan sương,Weidanlu,pinyin,,
倾颜,Tĩnh Yên,Qingyan,pinyin,,
莉奥兰,Hoa Lan,Liaolan,pinyin,,
索霸,Soba,Suoba,pinyin,,
美希意,Đẹp,Meixiyi,pinyin,,
欧哈,Âu Hà,Ouha,pinyin,,
会再会,Sẽ gặp lại,Huizaihui,pinyin,,
彩云球,Quả bóng mây cầu vồng,Caiyunqiu,pinyin,,
韩路,Đường Hàn,Hanlu,pinyin,,
潮梵图,Hình chữ Phạn thủy triều,Chaofantu,pinyin,,
非品牌,không có thương hiệu,Feipinpai,pinyin,,
厂家直销,Bán hàng trực tiếp tại nhà máy,Changjiazhixiao,pinyin,,
馨伊梓,Xin Yizi,Xinyizi,pinyin,,
奥利/奥,Ollie/O,Aoliao,pinyin,,
滇品客,Điệp Pinke,Dianpinke,pinyin,,
食在过瘾,Món ăn thật thú vị,Shizaiguoyin,pinyin,,
ChaCheer/洽洽,ChaCheer/QiaQia,ChaCheer,giu_latin,,
小蜻蜓,Chuồn chuồn nhỏ,Xiaoqingting,pinyin,,
蒙都,Mondou,Mengdou,pinyin,,
领舞天阔,Dẫn nhảy rộng bầu trời,Lingwutiankuo,pinyin,,
乡巴佬,cổ đỏ,Xiangbalao,pinyin,,
旺旺,muốn muốn,Wangwang,pinyin,,
隔尘香,Hương bụi,Gechenxiang,pinyin,,
杭颂,Hàng Sơn,Hangsong,pinyin,,
茶剑客,Kiếm sĩ trà,Chajianke,pinyin,,
启礼堂,Thính phòng Kai,Qilitang,pinyin,,
益鼎益,Yidingy,Yidingyi,pinyin,,
沪仁堂（食物）,Hurentang (thực phẩm),Hurentangshiwu,pinyin,,
艾达福,Adaful,Aidafu,pinyin,,
创尚优品（食品）,Chuangshang Youpin (Thực phẩm),Chuangshangyoupinshipin,pinyin,,
久富圣茗,Jiufu Shengming,Jiufushengming,pinyin,,
东韵,Đông Vận,Dongyun,pinyin,,
崂韵,lào윤,Laoyun,pinyin,,
高春如冠,Cao xuân như vương miện,Gaochunruguan,pinyin,,
绿创,Sáng tạo xanh,Lvchuang,pinyin,,
奶糖,kẹo bơ,Naitang,pinyin,,
善念,Lòng tốt,Shannian,pinyin,,
晟弘,Sheng Hong,Chenghong,pinyin,,
约汇,Giao hội,Yuehui,pinyin,,
如初如故,Như mọi khi,Ruchurugu,pinyin,,
素风尚,Phong cách trơn,Sufengshang,pinyin,,
觅只熊,Gấu Mị Chỉ,Mizhixiong,pinyin,,
哈漫薇,Hà Mạn Vi,Hamanwei,pinyin,,
沐也,Mộc Dã,Muye,pinyin,,
森齐,Senq,Senqi,pinyin,,
羚风,gió linh dương,Lingfeng,pinyin,,
冉寻,Ran Tầm,Ranxun,pinyin,,
源织味,Nguồn hương vị,Yuanzhiwei,pinyin,,
织趣坊,Xưởng Dệt Vui,Zhiqufang,pinyin,,
菲乐缘,Phhưởng duyên số,Feileyuan,pinyin,,
花星繁家纺,Hoa Tinh Phồn Gia Dụng,Huaxingfanjiafang,pinyin,,
喜丘,Hỷ Khâu,Xiqiu,pinyin,,
正乾,Chính Khán,Zhengqian,pinyin,,
自主生产,Sản xuất độc lập,Zizhushengchan,pinyin,,
茹子涵,Nữ Tử Hàm,Ruzihan,pinyin,,
小课点点,Lớp nhỏ,Xiaokediandian,pinyin,,
甜梦甜馨,Chúc bạn có những giấc mơ ngọt ngào,Tianmengtianxin,pinyin,,
易卡通,Phim hoạt hình dễ dàng,Yikatong,pinyin,,
xxbabying/小贝婴,xxbabying/xiaobeiying,xxbabying,giu_latin,,
滨滨宝贝,binbin em bé,Binbinbaobei,pinyin,,
宝拉小姐,Cô Paula,Baolaxiaojie,pinyin,,
一程科技,Công nghệ Yicheng,Yichengkeji,pinyin,,
卓酷,Trung Quốc,Zhuoku,pinyin,,
苹果,Táo,Pingguo,pinyin,,
日向电子,Điện tử Sunway,Rixiangdianzi,pinyin,,
之迷,bí ẩn,Zhimi,pinyin,,
SIPANI斯帕尼,SIPANI斯帕尼,SIPANI,giu_latin,,
万欣世纪,Thế kỷ Wanxin,Wanxinshiji,pinyin,,
拾里汇,Hái lihui,Shilihui,pinyin,,
啄木鸟,chim gõ kiến,Zhuomuniao,pinyin,,
天狼古城,Thành phố cổ Sirius,Tianlanggucheng,pinyin,,
君傲,Quân Vương,Junao,pinyin,,
琴尚服饰,Quần áo Qinshang,Qinshangfushi,pinyin,,
洞庭哥,Anh trai Đồng Đỉnh,Dongtingge,pinyin,,
三惠,Ba Huệ,Sanhui,pinyin,,
甄萌,Trần Mạnh,Zhenmeng,pinyin,,
鸭子飞了,Vịt bay,Yazifeile,pinyin,,
梅尼耶,Moulinet,Meiniye,pinyin,,
闲八酷,Tây Bắc,Xianbaku,pinyin,,
步步升,Tăng tốc,Bubusheng,pinyin,,
喜相缘,Hạnh Phúc,Xixiangyuan,pinyin,,
恒香易饮,Hằng Hương Dễ Uống,Hengxiangyiyin,pinyin,,
仲安芳草,Trung An Phương Thảo,Zhonganfangcao,pinyin,,
白皮,Da trắng,Baipi,pinyin,,
海曦（食品）,Haixi (thực phẩm),Haixishipin,pinyin,,
欧恩,Ôn,Ouen,pinyin,,
嫣茶记,Yan trà,Yanchaji,pinyin,,
顶社,sự xã hội hàng đầu,Dingshe,pinyin,,
简浅,"Đơn giản, nhẹ nhàng",Jianqian,pinyin,,
时光机,Máy thời gian,Shiguangji,pinyin,,
潭西,Tân Tây,Tanxi,pinyin,,
安得雅,Andrea,Andeya,pinyin,,
塑邦包装,塑邦包装,Subangbaozhuang,pinyin,,
琴花,Hoa đàn,Qinhua,pinyin,,
家里有框,Ở nhà có khung.,Jialiyoukuang,pinyin,,
恒达,Hằng Đạt,Hengda,pinyin,,
暖西施,Nuan Xi Shi,Nuanxishi,pinyin,,
逸梦圆,Yi Meng Yuan,Yimengyuan,pinyin,,
前锦雅居家纺,Quay nhà trước Jinya,Qianjinyajujiafang,pinyin,,
轻奢阁,Gian hàng sang trọng nhẹ,Qingshege,pinyin,,
净心情,Tâm trạng ròng,Jingxinqing,pinyin,,
云瑾,Vân Cẩm,Yunjin,pinyin,,
好利索,Thật tuyệt vời.,Haolisuo,pinyin,,
安如山,An Rushan,Anrushan,pinyin,,
婴蒂尼,Trẻ sơ sinh,Yingdini,pinyin,,
贝乐童尚,Bối Lạc Đồng Thượng,Beiletongshang,pinyin,,
我只喝奶,Tôi chỉ uống sữa.,Wozhihenai,pinyin,,
唯我逗,Chỉ có tôi mới vui,Weiwodou,pinyin,,
果拉熊,Gula Bear,Guolaxiong,pinyin,,
苏豆,sudou,Sudou,pinyin,,
米恬恬,Mễ Điền Điền,Mitiantian,pinyin,,
伍尊,Ngũ Tôn,Wuzun,pinyin,,
Y·S·R/奕思瑞,Y · S · R/Yisirui,Yisirui,pinyin,,
格吉,Gegi,Geji,pinyin,,
茗笑,Minh cười,Mingxiao,pinyin,,
豫美达,Yumeda,Yumeida,pinyin,,
环球,toàn cầu,Huanqiu,pinyin,,
自建,Tự xây dựng,Zijian,pinyin,,
万盛祥,Vạn Shengxiang,Wanshengxiang,pinyin,,
夏季合伙人,đối tác mùa hè,Xiajihehuoren,pinyin,,
康望足,Kang Wang chân,Kangwangzu,pinyin,,
趣然,Vui vẻ,Quran,pinyin,,
贝杰斯,Bégie,Beijiesi,pinyin,,
童一,Đồng Nhất,Tongyi,pinyin,,
Mekansm/梅肯斯姆,Mekansm/Mekansm,Mekansm,giu_latin,,
Colour Elephant/小象缤纷,Voi Màu Sắc/Con Voi Nhỏ Đa Sắc,Colour Elephant,giu_latin,,
小雅象,Tiểu Nhã Tượng,Xiaoyaxiang,pinyin,,
皇宠,Hoàng gia yêu thích,Huangchong,pinyin,,
爱因美,Làm đẹp,Aiyinmei,pinyin,,
可乐宝贝,Coke baby,Kelebaobei,pinyin,,
格越,Ge Yue,Geyue,pinyin,,
快乐小天使,Thiên thần nhỏ hạnh phúc,Kuailexiaotianshi,pinyin,,
杰凡路,Đường Jeffan,Jiefanlu,pinyin,,
古邦罗威,Cổ Bang La Vô,Gubangluowei,pinyin,,
新代号,Tên mã mới,Xindaihao,pinyin,,
