product_id,category,title_zh,title_vi,sim_score,rank_pct_in_cat,below_cat_threshold,cjk_in_title_vi,danh_gia,ghi_chu
941372486078,auto,龙旗车载手机支架汽车导航车用专用仪表台无痕防滑垫支架一件代发,Rồng Cờ Ô Tô Di Động Điện Thoại Ô Tô Ô Tô Đặc Biệt Bảng Điều Khiển Liền Mạch Chống Trơn Trượt Giá Đỡ Dropshipping,0.538,0.001,False,False,,
938233183886,auto,包邮大灯翻新修复液车灯镀晶液发黄免打磨雾化清洁剂抛光套装代发,"Dung dịch sửa chữa đèn pha Topbit, dung dịch phủ pha lê đèn xe hơi, bộ vệ sinh đánh bóng chống ố vàng.",0.542,0.002,False,False,,
801877533051,auto,跨境新款美国国旗老鹰汽车内饰后视镜挂件异形钥匙链装饰挂件吊坠,Mặt dây chuyền trang trí chìa khóa hình đặc biệt,0.554,0.003,False,False,,
795746442328,auto,代发栀子花车载香薰固体香膏淡香汽车玻璃香薰车用爆款留香摆件,"Sáp thơm ô tô Gardenia, hương nhẹ, khử mùi kính xe, phổ biến, lưu hương lâu, trang trí xe hơi.",0.561,0.004,False,False,,
898729390213,auto,汽车座椅缝隙塞条车内装饰用品大全车载夹缝防漏填补条收纳储物盒,Khe hở ghế ô tô,0.564,0.005,False,False,,
560899824392,auto,汽车挂件水晶葫芦貔貅车挂创意莲花车载吊坠饰品车内用品车饰批发,Mặt Dây chuyền ô tô Pha Lê Bầu Pixiu Treo ô tô Sáng tạo Hoa sen Mặt Dây chuyền ô tô Phụ kiện ô tô Phụ kiện ô tô Bán buôn,0.566,0.006,False,False,,
617982384740,auto,三和化油器汽车清洗清洁剂去油泥节气门发动机积碳去除化清剂批发,"Sanhe, bộ chế hòa khí, chất tẩy rửa làm sạch ô tô, loại bỏ cặn dầu, Van tiết lưu động cơ, chất làm sạch loại bỏ cặn carbon bán buôn",0.569,0.007,False,False,,
819952237583,auto,汽车除尘掸子擦车拖把神器扫灰蜡刷扫车灰尘伸缩蜡拖刷子用品纤维,"Cây lau bụi ô tô, cây lau nhà, vật dụng thần thánh, cây lau nhà, cây lau nhà, cây lau nhà, cây lau nhà, cây lau nhà, sợi",0.571,0.008,False,False,,
685311327888,auto,不锈钢除雪铲车用玻璃刮雪铲除冰除雪铲雪铲霜工具除冰铲除霜刮霜,"Xẻng làm tuyết bằng thép không gỉ, xẻng làm tuyết, xẻng làm tuyết, xẻng làm tuyết",0.573,0.009,False,False,,
980428788116,auto,汽车遮阳帘磁吸式车窗帘防晒隔热遮光板遮阳挡小车侧窗车载用品,Tấm che nắng ô tô từ rèm ô tô chống nắng cách nhiệt tấm che nắng tấm che nắng ô tô cửa sổ bên ô tô nguồn cung cấp,0.586,0.01,False,False,,
1001744080768,auto,精品汽车挂件黄杨木桃木莲花车载挂饰高挡车内后视镜吊饰工厂批发,"Mặt dây chuyền ô tô cao cấp, gỗ hoàng dương, gỗ đào, mặt dây chuyền ô tô hoa sen, mặt dây chuyền gương chiếu hậu ô tô cao cấp, bán buôn tại nhà máy",0.589,0.011,False,False,,
951707277487,auto,路虎专用无线行车记录仪发现神行运动版导航仪原厂隐形高清,"Máy ghi âm lái xe không dây dành riêng cho Land Rover, hệ thống định vị Discovery Sport, độ phân giải cao nguyên bản của nhà máy.",0.59,0.012,False,False,,
980908351668,auto,跨境电动感夹紧车载手机支架汽车导航出风口礼品定制内饰精品适配,"Giá đỡ điện thoại ô tô kẹp điện đa năng, quà tặng kẹp cửa gió điều hòa ô tô, phụ kiện nội thất tùy chỉnh.",0.592,0.013,False,False,,
617214055066,auto,三和粘贴不干胶黏胶清洗清洁剂脱胶剂除胶剂汽车家用除胶厂家批发,Sanhe dán keo dán chất tẩy rửa Tẩy rửa chất tẩy rửa chất tẩy rửa chất tẩy rửa chất tẩy rửa chất tẩy rửa ô tô gia dụng bán buôn,0.593,0.014,False,False,,
940164563717,auto,车载无线充气泵便携式汽车用打气泵电动轿车轮胎高压打气筒充气宝,"Máy bơm không dây trên ô tô Máy bơm không khí di động cho ô tô, lốp ô tô điện, máy bơm cao áp, kho báu bơm hơi",0.594,0.015,False,False,,
823772645016,auto,汽车座椅缝隙塞条车载好物边缝防漏条座位夹缝塞防掉车内装饰用品,Khe hở ghế ô tô,0.595,0.016,False,False,,
780449465663,auto,跨境车品新款汽车座椅缝隙塞条夹缝填补边缝防漏储物车载内饰用品,Sản phẩm ô tô xuyên biên giới,0.597,0.018,False,False,,
902673208133,auto,汽车遮阳前挡防晒隔热遮阳遮光帘车内挡风玻璃小车罩遮阳伞神器,Che nắng ô tô che nắng che nắng che nắng che nắng che nắng che nắng ô tô che nắng ô tô che nắng ô tô che nắng thần thánh,0.598,0.019,False,False,,
830399740780,auto,汽车头枕车用靠枕车内驾驶座椅记忆棉护腰靠车载一对车枕头护颈枕,"Gối tựa đầu ô tô, gối tựa ô tô, ghế lái ô tô, miếng bông bảo vệ eo, gối tựa ô tô, gối tựa cổ",0.598,0.02,False,False,,
642063332636,auto,三和变色龙除胶剂汽车家用广告粘胶贴纸不干胶强力清洗剂脱胶剂,Sanhe tắc kè hoa đại lý tẩy keo dán quảng cáo gia dụng ô tô tự dính chất tẩy keo mạnh,0.603,0.021,False,False,,
923329751448,auto,【抖音爆款】会动的蝴蝶汽车摆件车载车内摆件中控台治愈系装饰品,[Douyin Hot Model] Đồ trang trí ô tô bướm di chuyển Đồ trang trí trong ô tô Bảng điều khiển trung tâm Đồ trang trí hệ thống chữa bệnh,0.605,0.022,False,False,,
563365156826,auto,厂家批发汽车挂件葫芦车内挂饰出入平安车载车饰饰品创意礼品车挂,"Nhà sản xuất bán buôn đồ trang trí treo xe hình bầu dục, đồ trang trí nội thất cho hành trình an toàn, phụ kiện xe hơi, quà tặng sáng tạo, đồ treo xe hơi",0.606,0.023,False,False,,
865325852512,auto,蓝雨原创汽车坐垫创意车内座套秋冬季舒适保暖防滑车载座椅坐垫,Blue Rain Đệm Lót Ghế Ô Tô Chính Hãng Sáng Tạo Bọc Ghế Ô Tô Mùa Thu Đông Thoải Mái Ấm Áp Chống Trơn Trượt Đệm Lót Ghế Ô Tô,0.609,0.024,False,False,,
719783033580,auto,亿宝源头厂家汽车汽车内饰用品扶手箱垫防滑车载环保,"Phụ kiện nội thất ô tô Yibao, đệm hộp tỳ tay chống trượt, thân thiện với môi trường, lắp đặt trên xe hơi",0.609,0.025,False,False,,
771994565699,auto,跨境车载DVR高清前中后三录WiFi支架吸盘式行车记录仪3录源头工厂,"Camera hành trình ô tô ghi hình 3 chiều độ nét cao, camera trước, giữa và sau, kết nối WiFi, gắn cốc hút, nguồn gốc nhà máy",0.61,0.026,False,False,,
732744200146,auto,比亚迪海豚汽车显示屏仪表台蝴蝶结摆件车内饰品摆件车上装饰用品,Màn hình hiển thị ô tô BYD Dolphin Bảng điều khiển nơ trang trí nội thất nội thất nội thất nội thất nội thất đồ trang trí nội thất,0.612,0.027,False,False,,
657762627445,auto,汽车磨泥布去污魔泥毛巾清洗布洗车手套磨泥盘火山泥跨境清洁美容,"Khăn lau ô tô, khăn lau, khăn lau, găng tay rửa xe, đĩa bùn, bùn núi lửa, làm sạch và làm đẹp xuyên biên giới",0.613,0.028,False,False,,
934486797803,auto,大众朗逸速腾宝来帕萨特迈腾ID34L探岳专用行车记录仪原厂25夜视,"Camera hành trình ban đêm chính hãng dành cho Volkswagen Lavida, Sagitar, Bora, Passat, Magotan, ID34L và Tayron.",0.613,0.029,False,False,,
684679637546,auto,高档水晶石汽车挂件精致车内挂饰羽毛捕梦网风铃后视镜车饰品批发,Mặt Dây chuyền xe hơi bằng đá pha lê cao cấp Đồ trang trí nội thất xe hơi tinh tế lông vũ bắt giấc mơ Chuông gió gương chiếu hậu Phụ Kiện Xe Hơi bán buôn,0.615,0.03,False,False,,
732459925706,auto,车衣膜自贴车膜隐形车衣自己贴车衣全车车身改色亮光膜摩托车膜贴,Phim may ô tô Phim may ô tô tự dán Phim may ô tô vô hình,0.617,0.031,False,False,,
944466303906,bags,亚马逊爆款双肩包 跨境贴标小单快反 48小时发货大容量电脑包,"Túi du lịch thông thường phổ biến dành cho nữ, túi đựng máy tính dành cho sinh viên có sức chứa lớn, ba lô chống thấm nước dành cho nam đi công tác",0.52,0.0,True,False,,
958976544237,bags,【柜级品质】西太后新款鳄鱼纹腋下包压纹牛皮斜跨通勤链条单肩包,[Chất lượng cấp tủ] Túi đeo chéo họa tiết cá sấu mới của Hoàng hậu phương Tây Túi đeo chéo dây chuyền đi lại bằng da bò dập nổi,0.551,0.001,False,False,,
673308007004,bags,香港MackJhosel PU小众复古帆布法棍腋下包女秋夏新款单肩包,Túi Đeo Vai Nữ Mẫu Mới mùa thu hè,0.557,0.001,False,False,,
624482376020,bags,佧蒂袋鼠男士双肩包大容量背包休闲旅行包大学生皮包书包2022跨境,Tudi Kangaroo Ba Lô Nam Dung Tích Lớn Ba Lô Du Lịch Thông Thường Học Sinh Đại Học Túi Da Học 2022 Xuyên Biên Giới,0.558,0.001,False,False,,
1001659294692,bags,子母箱碳纤维宽拉杆行李箱印花24寸登机密码箱旅行箱定制图案logo,"Vali kéo rộng bằng sợi carbon in logo tùy chỉnh, dùng làm hành lý xách tay và vali du lịch.",0.565,0.002,False,False,,
764476001001,bags,双肩包,Ba lô,0.572,0.002,False,False,,
830504546942,bags,小房子高级感牛皮鳄鱼纹撞色铂金包2026新款时尚单肩斜挎手提包,"Túi Birkin da cao cấp họa tiết cá sấu phối màu hình ngôi nhà nhỏ, mẫu mới 2026, đeo vai/chéo thời trang",0.575,0.002,False,False,,
799305609886,bags,双肩包女2025新款英伦压花字母背包港风通勤软皮质感大学生书包,Ba Lô Nữ 2025 Anh Mới Dập Nổi Chữ Ba Lô Phong Cách Hồng Kông Đi Lại Da Mềm Họa Tiết Sinh Viên Đại Học Học,0.579,0.003,False,False,,
986553293248,bags,高级感麂皮绒磨砂女包复古轻奢双肩包时尚百搭小众背包日常通勤包,"Túi xách nữ da lộn cao cấp, ba lô sang trọng nhẹ nhàng theo phong cách retro, ba lô thích hợp thời trang và đa năng, túi đi lại hàng ngày",0.583,0.003,False,False,,
925170552352,bags,工厂直销代西北极双肩包跨境外贸狐狸双肩包学生户外防水旅行背包,Nhà máy bán hàng trực tiếp thế hệ ba lô Tây Bắc Cực xuyên biên giới ngoại thương cáo ba lô du lịch ngoài trời chống nước cho học sinh,0.587,0.003,False,False,,
944552599106,bags,厂家直销北极 彩带双肩包轻便复古大容量防泼水狐 狸学生书包,"Ba lô Arctic Ribbon bán buôn trực tiếp từ nhà máy, nhẹ, kiểu retro, dung tích lớn, chống thấm nước, dành cho học sinh, sinh viên",0.587,0.004,False,False,,
951797692372,bags,跨境竹节手提女士包包拼接亚麻布字母单肩水桶包刺绣斜挎菜篮包,"Túi xách nữ quai tre đan xuyên biên giới, in chữ vải lanh, túi đeo vai thêu, túi giỏ đeo chéo.",0.588,0.004,False,False,,
942815495654,bags,水桶包菜篮子包跨境热卖新款荔枝纹手提包轻奢小众高级感水桶包批,"Túi xách dạng xô, túi giỏ đựng rau củ, mẫu mới bán chạy xuyên biên giới, túi xách họa tiết vải thiều, túi xách xô cao cấp nhẹ nhàng sang trọng bán sỉ.",0.588,0.005,False,False,,
621768817689,bags,跨境厂家批发登山旅行徒步运动包轻便户外休闲双肩包外贸送防雨罩,Nhà Máy xuyên biên giới bán hàng trực tiếp Leo Núi Du Lịch Đi Bộ Đường Dài Túi thể thao 28L Ba lô giải trí ngoài trời Ngoại Thương,0.589,0.005,False,False,,
936392173394,bags,2026新款柔粉晨光枕头包包女牛仔布时尚单肩斜挎包手提洋气女包潮,"Túi đeo chéo nữ thời trang denim màu hồng nhạt sáng dịu năm 2026, kiểu dáng đơn giản, hợp thời trang",0.593,0.005,False,False,,
930660122810,bags,厂家直销定制高级感铆钉洗水皮双肩包纯色软面背包大容量书包超大,"Ba lô da lộn cao cấp, may đo, bán trực tiếp từ nhà máy, màu trơn, mềm mại, dung tích lớn, balo đi học cỡ lớn",0.594,0.006,False,False,,
993294911321,bags,新款包包新品时尚豹纹复古酒神单肩包小方包链条气质女包包,"Túi đeo vai họa tiết da báo retro Dionysus thời trang mới, túi vuông nhỏ, dây xích, túi nữ sành điệu",0.594,0.006,False,False,,
652528850164,bags,ChuongKaiye背包书包双肩包大容量休闲商务电脑包潮流厂家直销,"Ba lô Chồng Khai Ý, túi đi học, dung tích lớn, phong cách thường ngày, túi đựng laptop, thời trang, bán trực tiếp từ nhà máy",0.595,0.006,False,False,,
923768731750,bags,迷彩款诺一同款北极双肩包跨境外贸狐狸双肩包学生户外防水旅行包,Ba lô Bắc Cực cùng kiểu dáng Nuoyi phong cách ngụy trang Ba lô cáo ngoại thương xuyên biên giới Ba lô du lịch ngoài trời chống nước cho học sinh,0.596,0.007,False,False,,
948952392719,bags,真皮女包直播一件代发2026新款植鞣头层牛皮饺子包时尚百搭斜挎包,"Túi xách nữ bán chạy làm từ da bò lớp trên cùng, kiểu dáng bánh bao, túi nhỏ đa năng thời trang mới 2026, túi đeo chéo nữ, túi đựng điện thoại.",0.596,0.007,False,False,,
993202666936,bags,跨境新款翅膀包荔纹皮通勤包大容量托特包高级感腋下包单肩手提包,"Túi đeo chéo mới xuyên biên giới, túi đi lại bằng da sỏi, túi tote sức chứa lớn, túi nách cao cấp, túi xách đeo vai",0.599,0.007,False,False,,
982982870611,bags,爆款飞人秋冬23满印棋盘格针织布丝绒双肩包旅行潮牌男女运动背包,"Ba lô nhung vải dệt kim in họa tiết bàn cờ toàn bộ Jumpman Thu/Đông 23 phổ biến, thời trang, thương hiệu nổi tiếng, unisex, dành cho thể thao",0.6,0.008,False,False,,
923577846384,bags,25新款男士稻草人翻盖双肩包大容量背包学生书包经典老花旅行包,25 Mới Nam Bù Nhìn Lật Ba Lô Dung Tích Lớn Ba Lô Học Sinh Học Cổ Điển Presbyopic Túi Du Lịch,0.603,0.008,False,False,,
714666892521,bags,复古真皮甲壳虫男士双肩包休闲潮流大容量双肩背包潮,Balo nam Beetle da thật cổ điển ba lô hai vai dung tích lớn thời trang thường ngày,0.603,0.008,False,False,,
855875210266,bags,跨境潮牌提花格纹大容量双肩包时尚车缝线小方包菱格字母学生背包,Ba lô dung tích lớn kẻ sọc jacquard thương hiệu thời trang xuyên biên giới,0.605,0.009,False,False,,
944573226469,bags,跨境厂家热销蛇纹手拿包风琴包横款轻奢小方包手提单肩斜挎晚宴包,Nhà sản xuất xuyên biên giới bán chạy túi clutch in hình rắn túi nội tạng túi vuông nhỏ sang trọng nhẹ ngang túi dạ tiệc đeo chéo một vai,0.606,0.009,False,False,,
969600117671,bags,25新款欧美男士翻盖双肩包大容量背包学生书包经典老花机场旅行包,25 Mới Châu Âu Và Mỹ Nam Lật Ba Lô Dung Tích Lớn Ba Lô Học Sinh Học Cổ Điển Presbyopic Sân Bay Du Lịch,0.606,0.01,False,False,,
994181782293,bags,25新款欧美男士翻盖双肩包大容量背包学生书包经典老花机场旅行包,25 Mới Châu Âu Và Mỹ Nam Lật Ba Lô Dung Tích Lớn Ba Lô Học Sinh Học Cổ Điển Presbyopic Sân Bay Du Lịch,0.606,0.01,False,False,,
838858956357,bags,【跨境专供】小众编织单肩风琴包时尚横款手拿包百搭女士斜跨包,[Dành riêng cho xuyên biên giới] Túi nội tạng một vai dệt thích hợp Túi cầm tay ngang thời trang Túi đeo chéo nữ phù hợp,0.606,0.01,False,False,,
991101026648,bags,秋冬季复古麂皮绒面包包女2025新款磨砂单肩腋下包时尚手提法棍包,"Túi bánh mì da lộn retro mùa thu đông dành cho nữ 2025, túi đeo vai/nách mờ thời trang, túi baguette",0.607,0.01,False,False,,
897995054476,bags,2026新款斜纹菱格酒神包菱格腋下包 链条斜挎包单肩包女经典牛仔,"Túi Dionysus chần bông chéo kiểu mới 2026, túi chần bông đeo nách, túi đeo chéo dây xích, túi đeo vai cho nữ, denim cổ điển.",0.608,0.011,False,False,,
944607577478,bags,2026新款厂家生产粉色蝴蝶结腋下包女夏质感轻奢单肩小方包包包新,"Túi đeo nách nơ hồng mẫu mới 2026 dành cho nữ, túi vuông nhỏ đeo vai đơn nhẹ nhàng sang trọng mùa hè.",0.608,0.011,False,False,,
945943233509,bags,厂家直销高品质帆布双肩包轻便防水狐狸包学生书包,"Bán buôn trực tiếp từ nhà máy ba lô vải bố chất lượng cao, túi chống nước nhẹ, balo học sinh.",0.609,0.011,False,False,,
989727661888,bags,时尚小众牛仔双肩包字母刺绣小猴旅行包学生书包电脑背包,Thời trang thích hợp ba lô denim thêu chữ khỉ túi du lịch học sinh túi đi học ba lô máy tính,0.609,0.012,False,False,,
673216934401,bags,包包女单肩包石头纹斜挎女包2022春季新款压花纯色小方包跨境批发,Túi Nữ Đeo Vai Túi Đeo Chéo Họa Tiết đá Túi nữ 2022 mùa xuân mới nổi màu tinh khiết Túi vuông nhỏ bán buôn xuyên biên giới,0.61,0.012,False,False,,
979837442739,bags,跨境今年流行磨砂包包女包2024新款春夏爆款单肩小方包女士斜挎包,"Túi đeo chéo nữ thời trang mùa xuân hè 2024, kiểu dáng vuông nhỏ, chất liệu mờ",0.61,0.013,False,False,,
973432953300,bags,腋下女包鳄鱼纹复古腋下包小众设计质感洋气单肩黑色法棍包批发,Túi xách nữ nách họa tiết cá sấu retro túi xách nách thiết kế thích hợp họa tiết phong cách phương Tây đeo vai đơn màu đen túi baguette bán buôn,0.611,0.013,False,False,,
847061960912,bags,2026春夏时尚撞色草编竹节菜篮子包水桶包手提单肩斜跨包女包,"Túi xách nữ mùa Xuân/Hè 2026 kiểu phối màu, chất liệu cói dệt, quai tre, dáng xô, cầm tay, đeo vai, đeo chéo",0.613,0.013,False,False,,
775174495709,bags,荔枝纹女包单肩腋下包外贸2026春新款街头潮流带内衬手提包包,"Túi đeo vai nữ họa tiết vải litchi, túi kẹp nách, hàng xuất khẩu, mẫu mới xuân 2026, thời trang đường phố, túi có lót",0.613,0.014,False,False,,
942479800524,bags,手提包bag小香风蜥蜴纹定型质感大容量戴妃单肩斜挎手提包bags,Túi xách tay nhỏ thơm họa tiết thằn lằn hình dạng kết cấu công suất lớn Công nương Diana đeo vai túi xách đeo chéo,0.613,0.014,False,False,,
705105223384,bags,纯色菱格车缝线铆钉时尚双肩包女2026质感韩版大容量简约女士背包,Balo nữ đơn giản dung lượng lớn phong cách Hàn Quốc họa tiết 2023,0.613,0.014,False,False,,
794196138388,bags,2024新款日常斜口磁吸锁扣外贸handbags女士包菱格斜挎包包,Túi đeo chéo nam châm Miệng xiên hàng ngày mẫu mới 2024,0.613,0.015,False,False,,
997971609662,bags,新款韩国小众麂皮绒迷你小背包洋气复古双肩包手提包休闲旅行背包,"Ba lô mini da lộn niche Hàn Quốc mới, ba lô phong cách retro, túi xách, ba lô du lịch thông thường",0.614,0.015,False,False,,
988947302346,bags,男士格纹双肩包休闲旅行大容量背包,Ba lô kẻ sọc nam Du lịch thông thường Ba lô sức chứa lớn,0.615,0.015,False,False,,
746491609189,bags,2023秋冬新款休闲高级感鹿绒皮面双肩包小书包百搭外出小背包,Balo da nhung thường ngày cao cấp mẫu mới thu đông 2023 ba lô nhỏ ba lô đi chơi dễ phối đồ,0.616,0.016,False,False,,
975399069439,bags,新款珍珠绣花竹节手提包古风旗袍宴会手拿包重工铆钉水钻绣珠包,"Túi xách tre thêu ngọc trai mới, túi ly hợp dự tiệc sườn xám phong cách cổ điển, túi đính hạt thêu đinh tán nặng",0.616,0.016,False,False,,
992605395027,bags,跨境高版本爆款精英双肩篮球气垫款初中高中体育学生书包外出训练,Phiên bản cao cấp xuyên biên giới phổ biến đệm khí bóng rổ vai ưu tú dành cho học sinh trung học cơ sở và trung học thể thao dành cho huấn luyện ngoài trời,0.616,0.016,False,False,,
931071261008,bags,黑白熊猫撞色拼接横版手拿包质感链条斜挎手提女包百搭通勤包,Màu đen và trắng gấu trúc tương phản khâu màu ngang túi clutch kết cấu dây chuyền đeo chéo túi xách tay túi đi lại dễ phối,0.616,0.017,False,False,,
984963845238,bags,小香风菱格链条包包女士2025新款高级感小众百搭单肩斜挎包女流行,"Túi đeo chéo nữ chất liệu tweed may chần kiểu dáng mới 2025, cao cấp, độc đáo, đa năng, đang được ưa chuộng",0.617,0.017,False,False,,
782197982392,bags,跨境经典链条小方包复古轻奢质感酒神包气质通勤单肩斜跨包,"Túi vuông nhỏ dây đeo chéo phong cách cổ điển, chất liệu sang trọng nhẹ nhàng, túi Dionysus, túi đeo vai/chéo thời trang đi làm.",0.617,0.017,False,False,,
976490708718,bags,高颜值油蜡皮亮面轻奢包包女款爆款新款时尚休闲百搭单肩斜挎包,"Túi đeo chéo bằng da sáp dầu bóng nhẹ sang trọng dành cho nữ, phong cách mới phổ biến, túi đeo chéo thời trang, giản dị và đa năng",0.617,0.018,False,False,,
780696872725,bags,跨境头层牛皮真皮单肩斜挎包纯色爆款水桶百搭休闲通勤简约小方包,"Túi da bò lớp đầu tiên xuyên biên giới, da thật, màu trơn, túi đeo vai và đeo chéo đa năng phổ biến, túi vuông nhỏ đơn giản, cao cấp, phong cách thường ngày.",0.617,0.018,False,False,,
876329209107,bags,软皮女包手提包包女菜篮子高级感大气单肩包斜挎大气百搭水桶单肩,"Túi xách nữ bằng da mềm Túi tote nữ kiểu giỏ có cảm giác cao cấp, túi đeo vai sành điệu, túi đeo chéo, túi đeo vai đa năng.",0.619,0.018,False,False,,
851705787922,bags,结婚行李箱陪嫁箱红色箱子拉杆箱女皮箱婚礼用密码新娘嫁妆箱一对,Hộp đựng hành lý cưới Hộp đựng đồ cưới Hộp đựng xe đẩy Hộp đựng đồ nữ Hộp đựng của hồi môn cô dâu,0.619,0.019,False,False,,
835153600880,bags,结婚行李箱陪嫁箱红色箱子拉杆箱女皮箱婚礼用密码新娘嫁妆箱一对,Hộp đựng hành lý cưới Hộp đựng đồ cưới Hộp đựng xe đẩy Hộp đựng đồ nữ Hộp đựng của hồi môn cô dâu,0.619,0.019,False,False,,
858019116571,bags,超火小众豹纹帆布包包女款秋冬流行百搭斜挎包可爱卡通手提水桶包,Túi vải họa tiết da báo siêu hot dành cho nữ túi đeo chéo dễ phối phổ biến thu đông túi xô cầm tay hoạt hình dễ thương,0.619,0.019,False,False,,
978475245842,bags,BEAD BABY 可爱卡通小猴子双肩包印花大容量背包涂鸦学生书包大号,BEAD BABY Hoạt Hình Dễ Thương Khỉ Nhỏ Ba Lô In Hình Dung Tích Lớn Ba Lô Graffiti Học Sinh Học Lớn,0.62,0.02,False,False,,
992629509669,bags,小香风鹿皮绒包女2026新款秋冬轻奢单肩腋下包爆款斜挎精致链条包,"Túi xách da lộn kiểu Chanel dành cho nữ, mẫu mới thu đông 2026, túi đeo vai/nách sang trọng, túi đeo chéo thời thượng, túi dây xích tinh tế",0.62,0.02,False,False,,
991483137910,bags,小香风菱格包包新款时尚高级感单肩包香家百搭潮流单肩手拎链条包,"Túi chần bông phong cách vải tuýt, túi đeo vai thời trang mới và cao cấp, túi đeo vai hợp thời trang đa năng có dây chuyền",0.62,0.021,False,False,,
947125699446,bags,2025新款高颜值手提包水桶包时尚百搭潮流单肩女包高级感草编托特,"Túi xách nữ thời trang cao cấp 2025, kiểu bucket, đa năng, hợp xu hướng, đeo chéo, chất liệu cói cao cấp",0.622,0.021,False,False,,
966503288847,bags,批发麂皮拼接款双肩包暮光之城同款背包杰斯JS书包电脑包复古包,Bán buôn da lộn nối ba lô Twilight cùng phong cách ba lô Jace JS túi đi học túi máy tính túi retro,0.622,0.021,False,False,,
991977828392,bags,全铝镁合金925经典拉杆箱21登机箱金属箱包旅行箱30行李箱带标,"Vali kéo hợp kim nhôm magie 925 cổ điển, kích thước 21 inch (hành lý xách tay), vali kim loại, vali du lịch, vali 30 inch có nhãn",0.622,0.022,False,False,,
945596161296,bags,跨境爆款狐狸包防水双肩背包大容量超轻健身包多功能旅行包,"Ba lô chống nước đa năng, siêu nhẹ, dung tích lớn, kiểu dáng cáo thời trang, thích hợp du lịch, thể thao, xuất khẩu",0.624,0.022,False,False,,
985451825534,bags,迷你商务登机旅行箱小拉杆箱行李箱多功能牛津布万向轮航空登机箱,"Vali nội trú kinh doanh mini, vali xe đẩy nhỏ, vali nội trú bằng vải Oxford đa chức năng có bánh xe đa năng",0.624,0.022,False,False,,
933242803742,bags,荔枝纹软皮手提包包女夏季新款流行单肩斜挎包时尚丝巾水桶腋下包,Túi xách tay da mềm họa tiết vải thiều túi đeo chéo một bên vai thịnh hành mẫu mới mùa hè cho nữ túi đeo nách khăn lụa thời trang,0.624,0.023,False,False,,
761863121971,bags,外贸跨境热销双肩包女彩虹多色PU绗缝迷你背包时尚休闲高级感书包,Ba lô thương mại nước ngoài xuyên biên giới bán chạy nhất dành cho nữ cầu vồng nhiều màu PU chần bông ba lô mini thời trang cao cấp túi đi học,0.625,0.023,False,False,,
989038694709,bags,独立鞋仓便捷双肩包防水大容量多功能背包户外旅行干湿分离背包,"Ba lô du lịch xuyên biên giới phong cách mới có ngăn đựng giày cho nam và nữ, ba lô du lịch kinh doanh đa năng có sức chứa lớn",0.625,0.023,False,False,,
984037517436,bags,一件代发小众diy小香风菱格链条包经典发财包包女时尚百搭单肩包,Dropshipping Niche DIY Chanel-Phong Cách Mền Chần Gòn Túi Cổ Điển Tài Lộc Túi Thời Trang Nữ Đa Năng Túi Đeo Vai,0.626,0.024,False,False,,
908889089444,bags,2026年春季新款菱格绣线链条女包时尚通勤单肩方包斜挎包,"Túi xách nữ thêu hình thoi kiểu mới xuân 2026, thời trang, đeo vai, đeo chéo, hình vuông, tiện dụng",0.626,0.024,False,False,,
688785701484,bags,广州女包工厂荔枝纹头层牛皮真皮单肩斜挎手提女包休闲腋下包软皮,Nhà máy sản xuất Túi xách nữ Quảng Châu hoa văn vải thiều lớp đầu tiên Da Bò Một Vai Đeo Chéo Túi xách tay Túi xách tay Túi xách tay thường ngày da mềm,0.626,0.024,False,False,,
910338705581,bags,韩版ins风大容量高颜值书包大学生简约百搭双肩包轻便外出旅游包,Balo đeo hai vai dễ phối đơn giản phong cách instagram phong cách Hàn Quốc,0.627,0.025,False,False,,
901090555912,bags,镁铝合金拉杆箱20寸登机箱旅行箱28寸平湖行李箱密码箱锁扣箱包,Hộp đựng hành lý bằng hợp kim nhôm magiê 20inch Vali xách tay Hộp đựng hành lý du lịch 28inch Vali hành lý Pinghu có khóa kết hợp,0.627,0.025,False,False,,
742904743228,bags,潮酷防泼水皮膜双肩包减负大容量出行商务背包通勤双肩包骑行背包,"Balo da chống thấm nước mát mẻ, ba lô công sở du lịch sức chứa lớn, ba lô đi lại, ba lô đi xe đạp",0.628,0.025,False,False,,
805752349110,bags,高颜值搞怪毛绒双肩包黑色骷髅头百搭精致毛绒包高级感女生日礼物,"Ba lô sang trọng ngộ nghĩnh giá trị cao, đầu lâu màu đen, túi sang trọng tinh tế, quà tặng sinh nhật cho nữ cao cấp",0.628,0.026,False,False,,
809417440753,bags,2026羊皮车缝线十字双肩包超火ins多功能水桶包潮搭女式旅行背包,"Ba lô đeo chéo bằng da cừu khâu tay 2026 siêu hot trên Instagram, túi đeo vai đa năng, thời trang, balo du lịch nữ",0.628,0.026,False,False,,
782287812695,bags,2024春夏新款休闲水洗牛仔布刺绣饭盒包小手拎包手机包包女包潮,Túi đựng hộp cơm thêu vải denim giặt thoải mái mẫu mới xuân hè 2024,0.628,0.026,False,False,,
524631649045,bags,厂家货源定制双肩包涤纶学生书包学院风尼龙儿童背包束口袋宠物包,"Nhà sản xuất cung cấp ba lô tùy chỉnh chất liệu polyester, túi đi học kiểu sinh viên, túi ba lô nylon phong cách đại học, túi ba lô trẻ em, túi rút, túi thú cưng",0.628,0.027,False,False,,
993489971205,bags,2025秋新款老花高版本发财桶时尚百搭圆桶包手提单肩斜挎水桶女包,"Túi xách nữ thời trang cao cấp mùa thu 2025, đa năng, đeo tay, đeo vai, đeo chéo",0.629,0.027,False,False,,
986838645714,bags,潮流个性2025秋季新款星星休闲牛仔布铆钉链条手提单肩腋下包女包,"Túi đeo vai/nách nữ thời trang độc đáo mùa thu năm 2025, chất liệu denim, đính đinh tán, dây xích.",0.629,0.027,False,False,,
848871159696,bags,金丝花朵浮雕提花化妆包皱感肌理大容量便携内胆包护肤品收纳袋,"Túi đựng mỹ phẩm jacquard chạm nổi hoa dây vàng, túi lót cầm tay dung tích lớn kết cấu nhăn, túi đựng sản phẩm chăm sóc da",0.629,0.028,False,False,,
941129845882,bags,严选编织女包法棍包晚宴包风琴包时尚手拿单肩斜挎包时尚斜挎包,"Túi xách nữ được tuyển chọn kỹ lưỡng, bao gồm túi baguette, túi dự tiệc, túi accordion, túi cầm tay thời trang, túi đeo vai, túi đeo chéo, túi đeo chéo sành điệu.",0.63,0.028,False,False,,
919505512730,bags,新款男士双肩包大容量背包学生书包经典老花机场包旅行包电脑背包,Ba Lô Nam Mới Dung Tích Lớn Ba Lô Học Sinh Học Cổ Điển Lão Thị Túi Du Lịch Ba Lô Máy Tính,0.63,0.028,False,False,,
912299952619,bags,2026新款水桶春季小众大容量包包女包复古休闲时尚爆款单肩斜挎包,"Túi đeo chéo nữ thời trang xuân hè 2026 mẫu mới, kiểu dáng xô, dung tích lớn, phong cách retro, bán chạy, đeo vai, đeo chéo",0.63,0.029,False,False,,
934155955958,bags,手工编织竹节包多款式伴手礼女士手提单肩包小红书外贸同款代批发,"Túi tre đan tay nhiều kiểu dáng, quà lưu niệm cho nữ, túi đeo vai cầm tay, cùng kiểu dáng như trên Xiaohongshu, bán buôn.",0.63,0.029,False,False,,
983342280389,bags,现货秒发Polene云朵包真皮小众斜挎饺子包Number百搭手提单肩包,"Có sẵn, giao ngay: Túi Polene Cloud, da thật, túi đeo chéo kiểu bánh bao độc đáo, túi xách đa năng, túi đeo vai.",0.631,0.03,False,False,,
878498039340,bags,镶钻手提包包丝绸手拿包时尚派对晚装包宴会包斜挎包晚宴包手提包,"Túi xách đính kim cương, túi cầm tay bằng lụa, túi dự tiệc thời trang, túi dự tiệc, túi đeo chéo, túi buổi tối, túi xách tay",0.631,0.03,False,False,,
980700971631,bags,鸟家鸡骨架背包heliad 15L户外登山双肩包休闲男女徒步便携防水包,Nhà Chim Gà Đồng Hồ Ba Lô Heliad 15L Leo Núi Ngoài Trời Ba Lô Nam Nữ Đi Bộ Đường Dài Di Động Túi Chống Nước,0.631,0.03,False,False,,
822969947362,beauty,一枝春玻尿酸补水面膜美白保湿提亮肤色紧致滋润贴片面膜厂家批发,"Yizhichun Hyaluronic Acid Hydrating Mask Làm trắng, dưỡng ẩm, làm sáng da, làm săn chắc và dưỡng ẩm Mặt nạ chuyên dụng Nhà sản xuất Bán buôn",0.473,0.001,True,False,,
674111993698,beauty,碧素堂蜗牛面膜补水保湿美白滋润嫩肤面膜盈润养护厂家,"Bisutang Snail Mask Hydrating, Dưỡng ẩm, Làm trắng, Dưỡng ẩm và Trẻ hóa Mặt nạ Nhà sản xuất Dưỡng ẩm và Chăm sóc",0.501,0.002,False,False,,
655657203105,beauty,施逅微晶胶原额头贴川字纹抬头纹抗皱紧致淡纹填充贴面膜正品批发,Mặt nạ làm đầy nếp nhăn làm săn chắc da trắng chống nhăn mặt nạ làm đầy nếp nhăn nhẹ nhàng,0.504,0.002,False,False,,
796699186420,beauty,韩伦美羽积雪草面膜高保湿补水紧致提靓修护老虎面膜贴片代发批发,"Mặt Nạ Rau Má Han Lun Meiyu Dưỡng Ẩm Cao Cấp, Cấp Ẩm, Làm Săn Chắc, Làm Đẹp Và Chữa Lành - Bán Buôn Miếng Dán Mặt Nạ Hổ",0.506,0.003,False,False,,
903008572596,beauty,施逅玻尿酸富勒烯冻干粉靓肤面膜补水保湿面膜温和代发单片,Mặt nạ dưỡng ẩm và dưỡng ẩm mặt nạ dưỡng ẩm da mặt mặt nạ dưỡng ẩm nhẹ nhàng miếng đơn,0.512,0.004,False,False,,
871443653451,beauty,施逅玻尿酸富勒烯冻干粉靓肤面膜补水保湿面膜温和代发单片,Mặt nạ dưỡng ẩm và dưỡng ẩm mặt nạ dưỡng ẩm da mặt mặt nạ dưỡng ẩm nhẹ nhàng miếng đơn,0.512,0.004,False,False,,
684623158828,beauty,补水抗皱天丝面膜 致朵玻色因臻颜抗皱贴片面膜清透补水批发代发,Mặt nạ Tencel dưỡng ẩm và chống nhăn,0.514,0.005,False,False,,
701722982824,beauty,韩方五谷氨基酸洗面奶学生深层清洁控油滋润保湿洁面乳洗面奶男女,Sữa rửa mặt axit amin làm trắng và làm sạch lỗ chân lông kiểm soát dầu làm mới và dưỡng ẩm Sữa rửa mặt nhà máy bán buôn,0.515,0.006,False,False,,
639874433453,beauty,蝶澜氨基酸洗面奶深层清洁控油敏感肌温和泡沫洁面乳美容院批发,Bán buôn Sữa rửa mặt kiểm soát dầu Diilan Sữa rửa mặt tạo bọt trị mụn đầu đen dành cho nữ Sữa rửa mặt axit amin chính hãng,0.516,0.007,False,False,,
892406046890,beauty,冰肤之萃绿豆海藻泥膜面膜 补水保湿温和海藻清洁 泥膜护肤品,Mặt nạ bùn tảo biển đậu xanh,0.52,0.008,False,False,,
892538156386,beauty,抖音爆款紫苏壬二酸舒缓泥膜紧致细腻毛孔去黑头控油不拔干清爽,"Mặt nạ bùn làm dịu axit azulic nóng Douyin, se khít lỗ chân lông, loại bỏ mụn đầu đen, kiểm soát dầu, không làm khô và sảng khoái",0.521,0.008,False,False,,
925359851028,beauty,积雪草抗皱面膜补水保湿抗老紧致修复贴片超级好用院线专用,"Mặt nạ rau má là một loại miếng dán dưỡng ẩm, chống lão hóa, săn chắc và phục hồi da, rất dễ sử dụng. Mặt nạ dưỡng ẩm này được đặc biệt sử dụng trong các nhà hát.",0.521,0.009,False,False,,
888345620033,beauty,井尚韩纪海藻胶原蛋白填充水晶面膜补水保湿滋润果冻人皮贴片面膜,Mặt nạ pha lê làm đầy collagen rong biển Jing Shang Hanji,0.523,0.01,False,False,,
773960109327,beauty,冰肤之萃绿豆泥膜批发补水保湿清洁毛孔面膜改善黑头涂抹式泥膜,Mặt Nạ Bùn Đậu Xanh Chiết Xuất Từ Da Băng Giá Bán Buôn Dưỡng Ẩm Làm Sạch Lỗ Chân Lông Cải Thiện Mụn Đầu Đen Mặt Nạ Bùn Dạng Kem,0.525,0.011,False,False,,
641509128990,beauty,寡肽修护面膜 舒缓保湿嫩肤收细毛孔多肽玻尿酸雪莲蚕丝面膜加工,"Mặt nạ phục hồi Oligopeptide, làm dịu, dưỡng ẩm, trẻ hóa da, thu nhỏ lỗ chân lông, xử lý mặt nạ tơ tằm hoa sen Hyaluronic Acid Polypeptide",0.527,0.011,False,False,,
807959505038,beauty,采词洋甘菊舒缓滋润面膜补水保湿面部护肤片装面膜厂家一件批发,Mặt nạ làm dịu và dưỡng ẩm hoa cúc,0.528,0.012,False,False,,
694101186634,beauty,泊蝶玻尿酸面膜补水保湿积雪草复活草面部护理清洁面膜批发,Bodie Hyaluronic Acid Mask Dưỡng ẩm và dưỡng ẩm Centella Xuecao Phục sinh Chăm sóc da mặt Mặt nạ Làm sạch Bán buôn,0.529,0.013,False,False,,
752929498300,beauty,冰肤之萃海藻胶原蛋白面膜紧致抗皱嫩滑淡化细纹补水保湿水晶面膜,"Mặt nạ collagen rong biển làm săn chắc, chống nhăn, làm mịn, giảm nếp nhăn, dưỡng ẩm, mặt nạ pha lê",0.534,0.014,False,False,,
525160022438,beauty,韩婵蓝莓补水保湿面膜芦荟植物护理提亮肤色滋润面膜正品批发,Mặt nạ dưỡng ẩm và dưỡng ẩm việt quất Han Chan Mặt nạ dưỡng ẩm chăm sóc thực vật lô hội,0.536,0.014,False,False,,
901382587343,beauty,施逅海藻胶原蛋白面膜保湿补水提拉紧致修护抗皱抗纹批发,"Mặt Nạ Collagen Tảo Biển Shihou Dưỡng Ẩm, Nâng Cơ, Làm Săn Chắc, Chống Lão Hóa, Chống Nếp Nhăn - Bán Buôn",0.537,0.015,False,False,,
689012134767,beauty,氨基酸山茶花洗面奶洁面乳提亮肤色洗卸合一控油抗痘温和不紧绷女,Sữa rửa mặt Amino Camellia Sữa rửa mặt làm sáng màu da,0.537,0.016,False,False,,
545844393298,beauty,美容院线初简熙生物面膜银耳胶原高浓度生物发酵保湿面膜,Dòng sản phẩm làm đẹp Ju Jianxi Bio-Mask Mặt nạ dưỡng ẩm lên men sinh học nồng độ cao Tremella Collagen,0.538,0.017,False,False,,
681998630284,beauty,玻尿酸水润嫩肤面膜保湿补水滋润精华舒缓积雪草寡肽冰膜正品批发,"Mặt nạ trẻ hóa dưỡng ẩm axit hyaluronic, dưỡng ẩm, dưỡng ẩm, dưỡng ẩm, tinh chất làm dịu, mặt nạ Băng diopeptide, Bán Buôn chính hãng",0.54,0.017,False,False,,
991673051020,beauty,爆款欧姿萃胶原立体童颜面膜嫩肤紧致透亮滋润补水保湿清透护肤,"Mặt nạ trẻ em ba chiều Collagen phổ biến Châu Âu, trẻ hóa, làm săn chắc, mờ đục, dưỡng ẩm, dưỡng ẩm, chăm sóc da sạch",0.54,0.018,False,False,,
651743387059,beauty,泊泉雅木瓜净颜美肤洁面乳 泡沫绵密洁净柔和清爽滋润保湿 洗面奶,Sữa rửa mặt làm sạch và làm đẹp bằng đu đủ Boquanya,0.54,0.019,False,False,,
863378535943,beauty,贝玲美原B5积雪草精粹焕颜面膜补水舒缓修护改善暗美妆护肤品面膜,"Mặt nạ dưỡng ẩm, làm dịu, sửa chữa và cải thiện vẻ đẹp tối, mặt nạ dưỡng da",0.541,0.02,False,False,,
652214913112,beauty,玻尿酸蚕丝面膜补水保湿24k黄金富勒烯积雪草面膜批发一件代发,"Mặt Nạ Tơ Tằm axit hyaluronic, dưỡng ẩm và dưỡng ẩm, mặt nạ vàng fullerene, Bán Buôn một miếng",0.541,0.02,False,False,,
684925459194,beauty,肤研美白祛斑面膜 (田字款)补水保湿提靓肌肤烟酰胺面膜厂家批发,Zhiduo Fuyan Whitening and Removal Mask (Tianzi Model) Mặt nạ nicotinamide dưỡng ẩm và làm sáng da,0.541,0.021,False,False,,
837811392600,beauty,韩婵植物水果面膜蓝莓芦荟润肤补水保湿提亮肤色片装面膜正品批发,"Mặt nạ trái cây Han Chan chiết xuất việt quất nha đam dưỡng ẩm và làm sáng da, mặt nạ giấy chính hãng bán buôn",0.545,0.022,False,False,,
970028065521,beauty,逐本洗面奶氨基酸洁面乳控油深层清洁毛孔温和逐本清欢旗舰店正品,Zhuben Sữa Rửa Mặt Axit Amin Sữa Rửa Mặt Kiểm Soát Dầu Làm Sạch Sâu Lỗ Chân Lông Nhẹ Nhàng Zhuben Qinghuan Hàng Đầu Store Chính Hãng,0.547,0.023,False,False,,
755684121760,beauty,若水兰婷玻尿酸水光面膜贴补水保湿美容院同款面膜贴一件代发,Ruoshui Lanting Hyaluronic Acid Water Light Mask Patch Dưỡng ẩm cho Thẩm mỹ viện,0.548,0.024,False,False,,
667753974330,beauty,澳贝妍芦荟补水保湿面膜滋润嫩肤秋冬季亮肌厂家一件代发,Mặt nạ dưỡng ẩm nha đam Aobeiyan dưỡng ẩm và trẻ hóa làn da,0.548,0.024,False,False,,
671486377091,beauty,泊蝶玻尿酸面膜 补水保湿批发保湿积雪草清洁泥膜复活草面膜贴女,"Mặt nạ Hyaluronic Acid Bodie cấp ẩm và dưỡng ẩm, bán buôn mặt nạ bùn làm sạch Centella Asiatica, mặt nạ cỏ hồi sinh dành cho nữ",0.549,0.025,False,False,,
684929079298,beauty,致朵肤研美白祛斑面膜补水保湿提靓肌肤淡斑烟酰胺面膜贴厂家批发,Zhiduo Fuyan Mặt nạ làm trắng da và tàn nhang Dưỡng ẩm và làm đẹp da Mặt nạ nicotinamide nhà máy bán buôn,0.551,0.026,False,False,,
899803642096,beauty,玻尿酸补水面膜去暗沉补水保湿滋润肌肤蚕丝面膜片装批发代发厂家,"Mặt nạ dưỡng ẩm axit hyaluronic để loại bỏ xỉn màu, dưỡng ẩm và dưỡng ẩm cho da, mặt nạ lụa, nhà sản xuất bán buôn",0.551,0.027,False,False,,
978061437140,beauty,碧奥泉生物胶原蛋白灌注面膜抗皱紧致保湿面膜免洗烟酰胺面膜工厂,"Mặt Nạ Dưỡng Ẩm Chống Nếp Nhăn Biotherm Bio Collagen Infusion, Không Cần Rửa, Có Niacinamide, Sản Xuất Tại Nhà Máy",0.551,0.027,False,False,,
628564894676,beauty,致朵海藻柔嫩悦泽面膜玻尿酸积雪草补水保湿清洁面泥膜贴批发代发,"Mặt nạ làm mềm và dưỡng ẩm tảo biển Zhiduo, chứa Hyaluronic Acid và Centella Asiatica, mặt nạ bùn làm sạch dưỡng ẩm, bán buôn và giao hàng",0.551,0.028,False,False,,
753605723441,beauty,美容院爆款玫瑰软膜凝胶软膜粉补水提亮清洁养护涂抹式面膜,"Mặt nạ gel mềm hoa hồng phổ biến của salon làm đẹp, mặt nạ bột mềm dưỡng ẩm, làm sáng, làm sạch và nuôi dưỡng da mặt.",0.552,0.029,False,False,,
631999577472,beauty,韩伦美羽积雪草密集补水维稳面膜补水紧致贴片面膜一件代发现货,"Mặt Nạ Dưỡng Ẩm Và Làm Săn Chắc Da Han Lun Meiyu Centella Asiatica, Mặt Nạ Dưỡng Ẩm Cấp Tính, Mặt Nạ Dán Dưỡng Ẩm, Hàng Sỉ Có Sẵn",0.552,0.03,False,False,,
778376635783,beauty,润百颜玻尿酸丰盈焕颜面膜 保湿修护紧致抗皱淡化干纹紫晶面膜,Mặt nạ dưỡng ẩm Baiyan Hyaluronic Acid làm đầy và trẻ hóa,0.552,0.03,False,False,,
695479137501,electronics,影巨人气传导蓝牙耳机不入耳空气传导无线运动挂耳式跨境私模,Tai nghe Bluetooth dẫn không khí của người khổng lồ bóng tối,0.572,0.001,False,False,,
836658819444,electronics,跨境爆款蓝牙耳机超长续航无线蓝牙私模降噪数显滑盖防水厂家批发,"Tai nghe Bluetooth kiểu nổ xuyên biên giới, thời lượng pin cực dài, khuôn riêng Bluetooth không dây, giảm tiếng ồn, màn hình kỹ thuật số, nắp trượt, nhà sản xuất chống thấm nước, bán buôn",0.592,0.002,False,False,,
900804455251,electronics,跨境私模入耳式声控运动无线蓝牙挂耳式无线运动蓝牙耳机超长续航,"Tai nghe Bluetooth thể thao không dây không dây đeo tai, tai nghe Bluetooth thể thao không dây, thời lượng pin dài",0.596,0.003,False,False,,
841257924503,electronics,荔枝纹素皮背粘式翻盖手机皮套适用苹果18手机壳插卡iPhone18外壳,"Ốp điện thoại da trơn họa tiết vải litchi, có khe đựng thẻ, phù hợp với iPhone 18",0.608,0.004,False,False,,
631125900576,electronics,超长续航数显入耳式降噪真无线耳机华强北数码蓝牙跨境出口数显,"Tai nghe không dây hoàn toàn chống ồn, màn hình kỹ thuật số, thời lượng pin siêu dài, xuất khẩu xuyên biên giới Bluetooth kỹ thuật số Huaqiangbei",0.621,0.005,False,False,,
876243773288,electronics,华强北蓝牙耳机pro4真无线四代入耳式5运动款6代运动跑步迷你耳机,Tai nghe Bluetooth Huaqiangbei tai nghe mini thể thao chạy bộ thể thao thế hệ thứ 6,0.627,0.005,False,False,,
837303610508,electronics,跨境爆款不入耳全景音质定向传音久戴不痛蓝牙挂耳式蓝牙运动耳机,"Phong cách bùng nổ xuyên biên giới, âm thanh toàn cảnh, truyền âm thanh định hướng, tai nghe thể thao Bluetooth đeo tai nghe Bluetooth",0.628,0.006,False,False,,
998493246212,electronics,跨境批发蓝牙笔记本电脑手机音乐游戏直播电竞头戴式声卡耳机耳麦,"Tai nghe không dây Bluetooth, máy tính xách tay, điện thoại di động, tai nghe phát trực tiếp game thể thao điện tử, tai nghe thể thao điện tử",0.629,0.007,False,False,,
1000350311355,electronics,挂脖式电显插卡半入耳颈挂超长续航蓝牙耳机手机通用持久无线,Thẻ hiển thị điện gắn trên cổ Tai nghe Bluetooth gắn trên cổ siêu dài thời lượng pin Tai nghe Bluetooth điện thoại di động không dây lâu dài,0.642,0.008,False,False,,
987616842818,electronics,滴胶金箔闪立体马上有钱适用苹果17promax/16/15手机壳滴胶有钱马,"Ốp điện thoại phủ vàng ánh kim 3D, tạo hiệu ứng giàu sang tức thì, phù hợp với Apple 17 Pro Max/16/15, ốp điện thoại epoxy tạo hiệu ứng giàu sang.",0.643,0.009,False,False,,
971809316690,electronics,豹纹kt猫挂绳适用苹果17手机壳iphone16电镀视窗14硅胶15蝴蝶结13,"Dây đeo chìa khóa hình mèo in họa tiết báo, phù hợp với ốp điện thoại Apple 17, iPhone 16 mạ điện, iPhone 14 silicon, iPhone 15 nơ, iPhone 13",0.644,0.01,False,False,,
688010980027,electronics,新款蓝牙耳机入耳式挂脖运动耳机超长待机厂家批发通用手机,"Tai nghe Bluetooth mới, tai nghe thể thao đeo cổ, thời gian chờ siêu dài, bán buôn từ nhà sản xuất, tương thích với mọi điện thoại di động.",0.644,0.011,False,False,,
979948392821,electronics,原装华强北7代新款4/5代无线蓝牙耳机半入耳式高清降噪立体声耳机,Tai nghe Bluetooth không dây thế hệ thứ 7 mới của Huaqiangbei thế hệ thứ 4/5 tai nghe âm thanh nổi giảm tiếng ồn độ phân giải cao bán trong tai,0.645,0.012,False,False,,
656729550127,electronics,挂脖蓝牙耳机颈挂式无线运动超长待机续航跨境爆款私模耳机,"Tai nghe Bluetooth treo cổ, thời gian chờ siêu dài thể thao không dây treo cổ, tai nghe mô hình tư nhân phổ biến xuyên biên giới",0.646,0.013,False,False,,
902808375208,electronics,无线蓝牙睡眠眼罩3D立体遮光记忆棉防水套装用耳机睡眠眼罩,"Mặt nạ ngủ Bluetooth không dây, chống ồn 3D, chặn sáng, làm từ mút nhớt, chống nước, kèm tai nghe",0.651,0.014,False,False,,
938657039403,electronics,华强北蓝牙耳机air智能降噪耳机2025新款蓝牙耳机跨境无线蓝牙耳,Tai nghe Bluetooth Huaqiangbei tai nghe khử tiếng ồn thông minh không dây tai nghe Bluetooth mẫu mới 2025 tai nghe Bluetooth xuyên biên giới,0.653,0.014,False,False,,
837640368506,electronics,适用苹果华强北二三四五六七八代悦虎蓝牙无线耳机洛达入耳式降噪,"Thích hợp cho tai nghe không dây Bluetooth Yuehu thế hệ thứ 2, 3, 4, 5, 6, 7 và 8 của Apple Huaqiangbei, có tính năng khử tiếng ồn trong tai Loda.",0.654,0.015,False,False,,
943636367942,electronics,REMAX爆款 棉花糖tws迷你蓝牙耳机 立体声音乐无线耳机礼盒装,"Tai nghe Bluetooth mini REMAX bán chạy, chất liệu cotton, âm thanh stereo, không dây, kèm hộp quà tặng",0.655,0.016,False,False,,
1002961012637,electronics,跨境爆款挂脖式蓝牙耳机无线蓝牙大电量超长续航运动挂脖手机通用,"Tai nghe Bluetooth đeo cổ phổ biến xuyên biên giới, Bluetooth không dây với dung lượng pin lớn và thời lượng pin dài, thích hợp cho thể thao và tương thích với điện thoại di động.",0.656,0.017,False,False,,
929682008084,electronics,跨境爆款批发可充电无线蓝牙耳机超长续航降噪专用头戴蓝牙耳机,Tai nghe Bluetooth không dây có thể sạc lại bán buôn bùng nổ xuyên biên giới Tai nghe Bluetooth chuyên dụng để giảm tiếng ồn pin dài,0.656,0.018,False,False,,
948344929305,electronics,绿色椰子荔枝纹适用苹果16pro手机壳iphone15/14磨砂13高级12简约,"Ốp điện thoại iPhone 16 Pro, iPhone 15/14, iPhone 13, iPhone 12, họa tiết sỏi dừa xanh, mờ, sang trọng, đơn giản",0.657,0.019,False,False,,
852420806144,electronics,亚马逊新款蓝牙眼镜耳机开车偏光太阳墨镜头戴式通话智能蓝牙耳机,"Kính Bluetooth mới của Amazon, tai nghe, kính râm, kính râm phân cực, tai nghe Bluetooth thông minh",0.66,0.02,False,False,,
724741077671,electronics,漫步者花再Zero Air真无线蓝牙耳机半入耳式耳机一件代发批发包邮,Edifier Flower Zai Zero Air Tai nghe Bluetooth không dây thật Tai nghe bán trong tai Bán buôn một chiếc,0.66,0.021,False,False,,
977981788987,electronics,准分子磨砂适用iPhone17手机壳电镀PC全包镜头苹果18ProMax保护套,"Ốp lưng mờ chống sốc Excimer phù hợp với iPhone 17, ốp bảo vệ toàn diện bằng nhựa PC mạ điện cho Apple 18 Pro Max.",0.664,0.022,False,False,,
927310317395,electronics,华强北入耳式TWS蓝牙耳机运动无线二三四五代蓝牙耳机源头工厂,"Tai nghe Bluetooth TWS Huaqiangbei, tai nghe Bluetooth không dây thể thao thế hệ 2, 3, 4 và 5, nguồn gốc từ nhà máy.",0.664,0.023,False,False,,
960265724353,electronics,肤感果冻壳磁吸二合一适用苹果16手机壳iphone17PM保护套卡通动物,"Ốp điện thoại dạng thạch mềm mại, tích hợp nam châm hai trong một, phù hợp với iPhone 16, iPhone 17PM, bảo vệ toàn diện, họa tiết hoạt hình dễ thương",0.665,0.023,False,False,,
975480356667,electronics,华强北2025新款蓝牙耳机降噪无线耳机重低音半入耳式运动超长待机,"Tai nghe Bluetooth Huaqiangbei 2025 mới, khử tiếng ồn, không dây, bass mạnh, thể thao, bán trong tai, siêu bền",0.665,0.024,False,False,,
765884142922,electronics,入耳式高音质无线蓝牙耳机华强北四五代适用苹果跨境爆款久戴不痛,Tai nghe Bluetooth không dây chất lượng âm thanh cao in-ear Huaqiangbei thế hệ thứ năm phù hợp với các mẫu nổ xuyên biên giới của Apple.,0.666,0.025,False,False,,
887769264759,electronics,豹纹蝴蝶结适用于iPhone17PROMAX手机壳16plus创意感15软114爆款,"Ốp điện thoại iPhone 17PROMAX, 16 Plus, 15, 114 kiểu dáng sáng tạo, chất liệu mềm, họa tiết da báo, mẫu phổ biến.",0.666,0.026,False,False,,
976641267312,electronics,水钻闪粉磁吸支架适用iPhone18PROMAX手机壳带镜头膜苹果17防摔16,"Giá đỡ từ tính đính đá lấp lánh, phù hợp với ốp điện thoại iPhone 18 PRO MAX kèm miếng dán bảo vệ camera, chống rơi cho Apple 17/16.",0.667,0.027,False,False,,
753410460348,electronics,青春兰头戴蓝牙耳机 电竞运动跑步蓝牙耳麦 头戴式蓝牙无线耳机,"Tai nghe Bluetooth phong cách trẻ trung, tai nghe Bluetooth chơi game và thể thao chạy bộ, tai nghe Bluetooth không dây chụp tai.",0.667,0.028,False,False,,
933136101359,electronics,磨砂磁吸四角防摔适用iPhone18ProMax二合一ai侧键苹果磁吸手机壳,"Ốp lưng chống rơi từ tính bốn góc, tích hợp nút AI hai trong một, tương thích với iPhone 18 Pro Max, ốp điện thoại Apple từ tính",0.668,0.029,False,False,,
784320267228,electronics,亚马逊爆款头戴式蓝牙电竞游戏双耳有麦手机笔记本无线蓝牙耳机,Trò chơi thể thao điện tử Bluetooth gắn trên đầu bán chạy của Amazon hai chiều có micrô Điện thoại di động máy tính xách tay Tai nghe Bluetooth không dây,0.669,0.03,False,False,,
961646748268,electronics,跨境爆款迷彩手机壳适用苹果18PROMAX双层菲林17pm全包16防摔硬壳,"Ốp điện thoại ngụy trang thời trang xuyên biên giới, phù hợp với Apple 15PROMAX, màng bảo vệ kép 17pm, phủ toàn diện, chống rơi 16 điểm, vỏ cứng",0.67,0.031,False,False,,
785329535292,fashion,轻熟风星空短袖满天星烫钻宽松微潮体恤Tee男上衣T恤2024年,Áo phông nam Áo Phông Nam 2024 năm,0.487,0.001,True,False,,
812958742310,fashion,新疆长绒棉纯棉短袖男士夏季新款男装宽松休闲纯色重磅上衣服T恤,Áo thun nam ngắn tay cotton cotton dài Tân Cương,0.544,0.001,False,False,,
899451914466,fashion,液氨丝光棉新疆长绒棉凉感短袖男T恤宽松印花,"Áo thun nam tay ngắn chất liệu cotton mercerized amoniac lỏng, cotton sợi dài Tân Cương, mát lạnh, dáng rộng, in họa tiết.",0.553,0.002,False,False,,
822294906096,fashion,230克秋季新疆精梳全棉重磅圆领纯色长袖男t恤宽松打底衫厂家批发,"Áo thun nam tay dài chất liệu cotton chải kỹ Tân Cương 230g, cổ tròn, màu trơn, dáng rộng, bán buôn từ nhà sản xuất",0.563,0.003,False,False,,
888208144477,fashion,马球衫男性高尔夫球衫街头短袖衫时尚休闲衬衫爆款,Áo sơ mi chơi gôn nam áo sơ mi ngắn tay dạo phố áo sơ mi thời trang giản dị mẫu hot,0.565,0.004,False,False,,
779682075324,fashion,2-300斤胖mm牛仔蓝连衣裙女夏季新款特大码中长款宽松短袖t恤裙子,Váy denim màu xanh cỡ lớn dành cho nữ mùa hè mới cỡ lớn váy thun ngắn tay dáng rộng dài vừa phải,0.567,0.004,False,False,,
669579390000,fashion,高级感莫代尔男士短袖t恤夏季休闲商务冰丝凉感速干半袖体恤上衣,Áo phông nam ngắn tay kiểu phương thức cao cấp áo phông cộc tay nhanh khô cảm giác mát mẻ lụa lạnh công sở mùa hè,0.568,0.005,False,False,,
948186056020,fashion,莫代尔青年男士冰丝短袖T恤夏季休闲商务高品质速干体恤上衣梦伟,Áo phông ngắn tay lụa băng dành cho nam thanh niên phương thức mùa hè giản dị công sở chất lượng cao nhanh khô áo phông Mengwei,0.569,0.006,False,False,,
970197542543,fashion,桑蚕丝长袖卫衣男式春秋季休闲百搭弹力圆领潮流打底衫t恤上衣男,"Áo len lụa dài tay nam cho mùa xuân và mùa thu, áo thun cổ tròn co giãn đa năng thông thường Áo thun cơ bản hợp thời trang dành cho nam.",0.571,0.007,False,False,,
912871663451,fashion,美式痞帅重磅纯棉短袖T恤青年男女款夏季ins潮牌街头宽松圆领上衣,Áo phông ngắn tay 100% cotton dáng khủng kiểu Mỹ,0.572,0.007,False,False,,
815822329497,fashion,2026新款夏季双纱精梳纯棉百搭男士圆领重磅短袖T恤宽松潮牌体恤,"Áo thun nam tay ngắn chất cotton chải kỹ, vải dày, kiểu dáng rộng rãi, thời trang, thương hiệu nổi tiếng, mùa hè 2026.",0.572,0.008,False,False,,
946868608759,fashion,鸟家男士棉质短袖t恤夏季潮牌高级感男士体恤百搭圆领短袖上衣批,Áo thun nam cotton tay ngắn mùa hè thời trang cao cấp đa năng cổ tròn bán buôn,0.578,0.009,False,False,,
863625139800,fashion,2025重磅纯棉250G复古水洗炫染做旧t恤 跨境美式宽松短袖男士t恤,Áo thun nam ngắn tay ngắn tay rộng rãi kiểu Mỹ xuyên biên giới,0.578,0.01,False,False,,
695125097024,fashion,夏2026新款气质优雅包臀裙皱褶显瘦修身黑色一步裙子夏装连衣裙女,"Váy bút chì đen ôm sát, xếp ly, kiểu dáng thanh lịch, thời trang hè 2026 dành cho nữ",0.58,0.01,False,False,,
759917384661,fashion,清仓捡漏冰丝网眼短袖T恤男装夏季纯色打底衫上衣服汗衫潮上衣,Bán Lớn Rò Rỉ Băng Lụa Lưới Áo Thun Tay Ngắn Nam Mùa Hè Màu Nguyên Chất Đáy Áo Sơ Mi Top Quần Áo Quần Lót Thắt Nơ hàng Đầu,0.583,0.011,False,False,,
986683512951,fashion,跨境性感吊带裙蕾丝吊带裙花边大码睡裙连衣裙提花螺纹吊带裙修身,"Váy ngủ ren xuyên thấu gợi cảm, váy ngủ size lớn, váy ngủ ren gân jacquard, kiểu ôm dáng.",0.583,0.012,False,False,,
994351692412,fashion,明星款小香风千金感连衣裙女装修身显瘦长袖金色针织长裙子假两件,"Váy kiểu Chanel dành cho nữ, ôm dáng, dài tay, chất liệu dệt kim màu vàng, kiểu dáng hai mảnh giả.",0.583,0.013,False,False,,
921965747202,fashion,兰精莫代尔无痕短袖t恤男夏季新款抑菌运动休闲冰丝薄款半袖T恤男,Áo phông nam cộc tay ngắn liền mạch Lanjing modal áo phông nam cộc tay loại mỏng vải lụa băng thể thao kháng khuẩn mẫu mới mùa hè,0.585,0.013,False,False,,
948489343867,fashion,啄木鸟夏季男士短袖t恤冰丝圆领半袖丝光棉潮流男装上衣体恤汗衫,Áo thun nam ngắn tay mùa hè chim gõ kiến cổ tròn nửa tay bằng vải cotton bóng mượt hợp thời trang Áo thun nam lót,0.586,0.014,False,False,,
956583248092,fashion,镂空提花纯欲针织吊带白色连衣裙2026夏季气质新款收腰背心短裙子,"Váy liền thân dệt kim jacquard镂空 màu trắng dây spaghetti, kiểu dáng ôm eo, thời trang hè 2026.",0.587,0.015,False,True,,
703774418174,fashion,高端60S丝光新疆长绒棉男士白色打底240G重磅纯色圆领短袖T恤夏季,"Áo thun nam chất liệu cotton Xinjiang cao cấp, sợi dài, đã qua xử lý mercerized, màu trắng, dày 240G, cổ tròn, tay ngắn, màu trơn, thích hợp cho mùa hè",0.587,0.016,False,False,,
711626132651,fashion,莫代尔冰丝光棉t恤短袖男装简约百搭夏季圆领修身冰感半袖打底衫,Áo thun cotton đánh bóng Modal Áo nam tay ngắn tay áo lót nửa tay ôm dáng mùa hè cổ tròn dễ phối đơn giản,0.589,0.016,False,False,,
894847995568,fashion,液氨云感丝光棉短袖T恤男士2026夏季潮流插肩休闲凉感体恤上衣服,"Áo thun nam tay ngắn chất liệu cotton mercerized mềm mại như mây, kiểu dáng raglan thời trang mùa hè 2026, mang lại cảm giác mát mẻ.",0.589,0.017,False,False,,
802829207660,fashion,欧美短袖跨境男士长袖亨利复古硬汉装修身圆领上衣t恤打底,"Áo thun nam cổ tròn kiểu Henry cổ điển, chất liệu dày dặn, ôm sát body, tay ngắn/ngắn tay, phong cách mạnh mẽ, xuất khẩu Châu Âu và Mỹ.",0.589,0.018,False,False,,
669973654996,fashion,夏季男士纯色冰丝T恤休闲普通圆领中年不连帽纯色直筒短恤,Áo thun nam mùa hè màu Trơn Áo Thun Trơn trơn màu trung niên cổ tròn thường ngày,0.59,0.019,False,False,,
972853965785,fashion,德绒卫衣男复古黑白条纹圆领长袖T恤德绒半高领休闲百搭上衣加工,"Áo giữ nhiệt nam có sọc đen trắng cổ điển, cổ tròn, tay dài, cổ cao nửa cổ giữ nhiệt, kiểu dáng đa năng, chất liệu cao cấp.",0.59,0.019,False,False,,
806286090313,fashion,莫代尔棉冰丝男士短袖t恤2024新款夏季纯色圆领高端体恤薄款T恤男,Áo Thun Nam Ngắn Tay Lụa băng cotton Model áo thun cao cấp cổ tròn màu trơn mùa hè mẫu mới 2024 Áo thun nam mẫu mỏng,0.591,0.02,False,False,,
923004148984,fashion,美式重磅空气棉正肩解构圆领短款男t恤休闲螺纹潮牌拼接短袖t恤男,Áo thun nam cổ tròn ngắn cotton hạng nặng ở Mỹ cổ tròn bị hủy cấu trúc giản dị có ren hợp thời trang thương hiệu nối áo thun ngắn tay dành cho nam,0.591,0.021,False,False,,
704951161075,fashion,oversize潮牌落肩短袖男夏季重磅水洗做旧t恤圆领宽松百搭上衣女,Áo Phông Nam Ngắn Tay Trễ vai thương hiệu thời trang oversize Áo phông cổ tròn rộng rãi dễ phối đồ nữ,0.591,0.021,False,False,,
842918646202,fashion,胖妹妹大码连衣裙中长款过膝裙子千鸟格洋气上衣秋季千鸟格连衣裙,Váy liền cỡ lớn cho cô nàng mập váy dài vừa qua đầu gối áo phong cách phương Tây houndstooth váy liền houndstooth mùa thu,0.592,0.022,False,False,,
733556915011,fashion,【雪纺+里布+拉链】法式杏色长袖连衣裙收腰显瘦超仙荷叶边蛋糕裙,[Dây kéo vải voan] Váy dài tay màu mơ kiểu Pháp ôm eo thon gọn váy bánh bèo siêu tiên nữ,0.593,0.023,False,False,,
705989676825,fashion,2026现货新款春款牛仔净色气质通勤波西米亚宽松大码长款连衣裙,"Váy dài denim màu trơn phong cách xuân hè 2026, kiểu dáng thanh lịch, phong cách boho, rộng rãi, size lớn",0.594,0.024,False,False,,
902653054605,fashion,夏季新款大码宽松短袖t恤男士潮牌圆领休闲半袖体恤上衣厂家批发,"Áo thun nam tay ngắn size lớn mùa hè, kiểu dáng rộng rãi, thời trang, cổ tròn, chất liệu cao cấp, sản xuất số lượng lớn, bán buôn.",0.595,0.024,False,False,,
703825765002,fashion,莫代尔男士冰丝短袖t恤夏季新款高级感青年潮流速干半袖体恤上衣,Áo thun nam ngắn tay lụa băng Modal mùa hè mới dành cho thanh niên cao cấp hợp thời trang nhanh khô nửa tay áo thun hàng đầu,0.595,0.025,False,False,,
903335368868,fashion,捡漏2025新款夏季男士短袖T恤潮流透气汗衫圆领运动上衣体恤衫 潮,Áo phông nam ngắn tay mùa hè mẫu mới 2025,0.597,0.026,False,False,,
954998936409,fashion,120支液氨匹马棉高端冰丝短袖t恤男士2026夏季新款凉感丝光速干薄,"Áo thun nam tay ngắn chất liệu cotton Pima cao cấp, vải lụa băng, 120 sợi, làm từ amoniac lỏng, mẫu mới hè 2026, vải mỏng, mát lạnh, mềm mại, nhanh khô.",0.598,0.027,False,False,,
777771209020,fashion,液氨丝光棉长袖T恤青年男打底衫宽松高级感春秋装上衣打底衫批发,Áo phông dài tay cotton Đánh Thuê Amoniac lỏng áo mặc trong nam thanh niên áo mặc trong trang phục xuân thu dáng rộng cao cấp áo bán buôn,0.598,0.027,False,False,,
647766555217,fashion,字母短袖男夏季ins潮牌港风t恤宽松简约百搭衣服原宿风潮流五分袖,Áo Phông Nam Ngắn Tay Phong Cách Hồng Kông thương hiệu sành điệu Instagram mùa hè Áo dễ phối đơn giản rộng rãi tay áo năm điểm phong cách Harajuku,0.599,0.028,False,False,,
796369142467,fashion,华夫格冰丝t恤男士短袖翻领2026夏季新款商务休闲凉感polo衫上衣,"Áo thun nam tay ngắn chất liệu lụa waffle, cổ bẻ, kiểu dáng công sở lịch lãm, mát mẻ, mùa hè 2026",0.599,0.029,False,False,,
886451745311,fashion,纯欲两穿法式泡泡袖连衣裙收腰一字露肩收腰蓬蓬短裙小个度假裙夏,"Váy liền tay phồng kiểu Pháp hai kiểu trong sáng, váy ngắn bồng eo trễ vai, váy ngắn ngày lễ nhỏ mùa hè",0.6,0.03,False,False,,
785603361529,fashion,厂家批发男装夏季五分袖暴力熊时尚短袖印花T恤上衣简约宽松T恤衫,"Áo thun nam tay ngắn in hình gấu thời trang, kiểu dáng đơn giản, rộng rãi, bán buôn từ nhà sản xuất",0.6,0.03,False,False,,
735300087550,food,严选凤凰单枞鸭屎香蜜兰香凤凰单从高山乌龙茶罐装茶叶礼盒装送礼,Phân vịt Phoenix Dancong được lựa chọn cẩn thận,0.439,0.001,True,False,,
1067521189531,food,源头工厂普洱熟茶云南勐海糯香熟普洱茶陈年发酵熟茶散装茶叶批发,"Trà Phổ Nhĩ chín Vân Nam Mạnh Hải hương nếp, trà Phổ Nhĩ chín ủ lâu năm, trà rời bán sỉ từ nhà máy sản xuất.",0.463,0.001,True,False,,
732578611329,food,凤凰单枞鸭屎香茶叶高端罐装特级老丛地标认证潮州单丛茶散批代发,"Trà Phượng Hoàng Đan Công Yashixiang, trà cao cấp đóng hộp, được chứng nhận là sản phẩm chỉ dẫn địa lý, trà Đan Công Triều Châu, bán buôn và giao hàng tận nơi.",0.474,0.002,False,False,,
583691580014,food,凤凰单枞蜜兰香茶叶散批潮州乌岽老枞单丛茶地标认证厂家批发代发,"Trà Phượng Hoàng Đan Công hương hoa lan mật ong, trà lá rời từ Triều Châu, được chứng nhận là sản phẩm chỉ định vùng, bán buôn và giao hàng trực tiếp từ nhà sản xuất.",0.474,0.003,False,False,,
850523709198,food,怡口莲夹心太妃糖经典巧克力味混合独立小包散装糖果结婚喜糖奶糖,Kẹo bơ cứng bánh kẹo sô cô la cổ điển trộn kẹo gói nhỏ độc lập kẹo cưới kẹo bơ cứng,0.475,0.004,False,False,,
943730263382,food,【包邮】香辣鸭翅湖南特色酱麻辣板鸭鸭货翅尖追剧卤味零食小吃,[Miễn phí vận chuyển] Cánh vịt cay sốt đặc biệt Hồ Nam,0.488,0.004,False,False,,
825704718320,food,广东潮州凤凰单丛蜜兰香乌龙茶单枞茶蜜香单枞茶场乌叶散茶礼盒,Quảng Đông Triều Châu Phượng Hoàng Dancong Mật ong Trà ô long Trà ô long Dancong Mật ong Trang trại trà Dancong Hộp quà trà lỏng lá đen,0.492,0.005,False,False,,
844137817646,food,家城沙嗲素牛肉干怀旧辣条牛肉粒儿时经典校园素肉沙爹素小吃零食,"Thịt bò khô sa tế Jiacheng, thịt bò cay hoài cổ, món ăn nhẹ sa tế",0.494,0.006,False,False,,
924743979898,food,香菇豆干混合重庆产麻辣香辣零食大全各种各样嫩豆腐干不辣小吃的,Đậu phụ khô nấm trộn với đồ ăn nhẹ cay và cay từ Trùng Khánh,0.497,0.006,False,False,,
672137834057,food,香脆小米锅巴薯片零食小吃网红膨化食品虎牙脆尖角脆整箱批发,"Khoai tây chiên giòn kê, đồ ăn nhẹ, đồ ăn nhẹ, thực phẩm phồng nổi tiếng trên mạng, răng hổ, giòn, sừng nhọn, Bán Buôn FCL",0.498,0.007,False,False,,
959363637796,food,香烤面筋川香麻辣孜然味豆干面筋串辣条四川特色休闲小吃零食,Xương rồng nướng kiểu Tứ Xuyên cay với hương vị thì là,0.498,0.008,False,False,,
626842869775,food,邬辣妈辣条豆腐干休闲麻辣零食豆干制品素牛筋酒鬼鱼豆条,Wu Lama Spicy Bar Đậu phụ khô Món ăn nhẹ cay Thông thường Đậu phụ khô Sản phẩm gân bò chay,0.499,0.008,False,False,,
995705017592,food,去骨猪蹄黄豆即食酱香香辣卤味熟食休闲零食休闲小吃食品散装发批,"Thịt heo chân không xương và đậu tương sốt ăn liền, món ăn chín mềm cay, đồ ăn nhẹ, đồ ăn vặt, bán buôn số lượng lớn",0.501,0.009,False,False,,
857486110497,food,宫廷金芽普洱茶熟茶七子饼茶云南临沧古树春茶熟普厂家茶叶批发,Cung điện Golden Bud Pu'er Trà nấu trà Qizi Bánh Trà Vân Nam Lincang Cây cổ thụ Trà mùa xuân Nhà máy nấu trà Nhà máy bán buôn,0.505,0.01,False,False,,
876239150987,food,龙岩泡鸭爪鸭掌熟食福建特产卤味鸭脚小零食小吃休闲食品批发辣味,"Chân vịt ngâm Longyan, chân vịt, thực phẩm nấu chín, đặc sản Phúc Kiến, chân vịt om, đồ ăn nhẹ, đồ ăn nhẹ, bán buôn, cay",0.505,0.011,False,False,,
625667077461,food,一件代发麦皇朝黑芝麻层层酥饼干休闲零食食品老式巧克力夹心饼干,Bánh mì ngắn từng lớp mè đen của Vương Triều lúa mì,0.508,0.011,False,False,,
772027535026,food,福鼎白茶寿眉白茶饼礼盒装送人送礼一件代发,Hộp quà Bánh trà Trắng trà trắng Fude,0.508,0.012,False,False,,
800596889810,food,黄山特产烧饼袋装梅干菜扣肉小饼浓郁新鲜酥脆黄山烧饼手工整箱,"Bánh quy đặc sản Hoàng Sơn bao mận khô, rau củ, thịt, bánh quy Hoàng Sơn, bánh quy thủ công",0.509,0.013,False,False,,
971603837602,food,黑芝麻无花果核桃派无花果夹心核桃仁立小包装软糯糕点休闲零食,"Bánh mì nhân hạt óc chó, bánh mì nhân hạt sung, bánh mì nhân hạt óc chó, gói nhỏ bánh dẻo mềm, đồ ăn nhẹ",0.513,0.013,False,False,,
998917208517,food,蒙都内蒙古超干风干牛肉干牛肉零食即食牛肉批发源头厂家,"Thịt bò khô siêu khô Nội Mông Mengdu, đồ ăn nhẹ bò khô, nguồn cung cấp bán buôn bò khô sẵn ăn, nhà sản xuất",0.513,0.014,False,False,,
545858180371,food,现货邬辣妈辣条素牛筋蒜蓉豆条香辣味豆干豆腐干休闲零食麻辣小吃,"Mì cay Wu La Ma, gân bò chay, đậu tỏi, đậu que cay, đậu phụ khô, đồ ăn nhẹ thông thường, đồ ăn nhẹ cay",0.514,0.015,False,False,,
1026476188554,food,福建武夷红茶特级金骏眉茶叶新茶浓香型散茶罐装蜜香金骏眉,"Trà đen Phúc Kiến Vũ Di, trà Kim Tuấn Mi đặc cấp, trà mới, hương đậm, trà rời đóng hộp, Kim Tuấn Mi hương mật ong.",0.515,0.015,False,False,,
857725609369,food,红茶滇红茶特级云南把把茶古树晒红茶金枝玉叶蜜香把子茶散装批发,Trà đen Vân Nam Trà đen Vân Nam loại đặc biệt Trà cổ khô Trà đen cành vàng lá ngọc thơm mật ong Trà nắm bán buôn số lượng lớn,0.516,0.016,False,False,,
761309399789,food,金枪滋补肉苁蓉黄芪茶金枪滋补茶肉苁蓉茶枸杞茶肉苁蓉黄芪茶代发,Kim giáo bồi bổ Cistanche Trà kim giáo Vàng Trà bổ Cistanche Trà cây Sói Rừng Trà Cistanche,0.517,0.017,False,False,,
561633451442,food,福建武夷山红茶批发散装红茶茶叶浓香正山小种 金骏眉滇红茶厂家,"Trà đen núi Wuyi Phúc Kiến bán buôn, trà đen lá rời, hương thơm mạnh mẽ, Zhengshan Xiaozhong Jinjunmei, nhà sản xuất trà đen Vân Nam",0.518,0.018,False,False,,
605923851858,food,凤凰单枞茶鸭屎香高山乌龙茶叶2026新茶蜜兰香乌岽宋种单丛茶直销,"Trà Phượng Hoàng Đan Công, Trà Ô Long Núi Cao Yashixiang, Trà Mới 2026, Hương Thơm Hoa Lan Mật Ong, Trà Đan Công Vũ Đông Tống Tông, Bán Hàng Trực Tiếp.",0.52,0.018,False,False,,
939052101642,food,亿家馨酱香鸡爪香辣原味32g/袋卤味鸡脚真空包装网红休闲鸡肉零食,Chân gà sốt Yijiaxin cay nguyên bản 32 g/túi chân gà om đóng gói hút chân không,0.52,0.019,False,False,,
861833539020,food,普洱茶叶批发云南高山普洱茶熟茶小茶饼100克现货批发源头工厂,Trà Pu'er Bán Buôn Vân Nam Alpine Trà Pu'er Trà Nhỏ Bánh Trà 100G Điểm Bán Buôn Nguồn Nhà Máy,0.52,0.02,False,False,,
935912639701,food,云南茶化石碎银子普洱茶特级糯米香熟茶散装糯香熟茶金沙茶叶批发,Trà Vân Nam hóa thạch bạc vỡ Trà Pu'er gạo nếp đặc biệt thơm nấu trà số lượng lớn gạo nếp thơm nấu trà trà cát vàng bán buôn,0.521,0.02,False,False,,
638289370291,food,直播茶浓香型金骏眉大红袍高山小种铁观音碧螺春代发超市罐装茶叶,Trà trực tiếp hương vị Jin Junmei Dahongpao Núi nhỏ Tieguanyin Biluochun thay mặt siêu thị trà đóng hộp,0.522,0.021,False,False,,
871254382407,food,铁棍山药桃酥早餐代餐粗粮宫廷正宗糕点整箱,Thanh sắt khoai mỡ chiên giòn bữa sáng thay thế bữa ăn ngũ cốc nguyên hạt cung điện bánh ngọt đích thực FCL,0.523,0.022,False,False,,
1045199644439,food,云南冰岛熟茶勐海普洱茶散茶宫廷十年金芽熟普洱茶叶普洱收藏茶,"Trà Phổ Nhĩ chín Vân Nam Băng Đảo, trà Phổ Nhĩ Mạnh Hải dạng rời, trà Phổ Nhĩ chín kim nha cung đình mười năm, trà sưu tầm Phổ Nhĩ.",0.524,0.023,False,False,,
903558596071,food,酸枣仁茯苓百合茶大麦大枣百合桑椹茯苓栀子酸枣仁重瓣红玫瑰袋泡,"Hạt táo tàu Poria, trà hoa loa kèn lúa mạch, táo tàu, hoa huệ, dâu tằm, cây sơn tra, hạt táo tàu, cánh hoa kép, bong bóng túi hoa hồng đỏ",0.524,0.023,False,False,,
670087037069,food,云南凤庆滇红大金针红茶散装批发特级金芽蜜香金螺全单芽茶叶市场,Vân Nam Fengqing Dianhong Dajinzhen Trà đen bán buôn số lượng lớn Siêu búp vàng mật ong ốc vàng đầy đủ búp đơn Chợ trà,0.527,0.024,False,False,,
550938397821,food,批发盛华牌超市袋装茶叶带孔包装龙井碧螺春茉莉花茶铁观音茶叶,"Trà đóng gói thương hiệu Shenghua bán buôn, có lỗ để đóng gói: Trà Long Tỉnh, Trà Bích Lô Xuân, Trà Hoa Nhài, Trà Thiết Quan Âm.",0.528,0.025,False,False,,
988170616762,food,广西横县茉莉花茶奶茶专用茶底茉莉绿茶散装原料小毛尖茶厂家批发,"Trà hoa nhài Quảng Tây Hengxian, nguyên liệu trà đặc biệt dùng cho trà sữa, nguyên liệu trà xanh hoa nhài dạng lá rời, lá trà nhỏ, bán buôn từ nhà sản xuất.",0.529,0.025,False,False,,
630123882628,food,【金奖】新会特产生晒大红柑柑普茶云南宫廷陈皮普洱熟茶一件代发,"[Giải vàng] Đặc sản Xinhui, trà cam quýt đỏ tươi, vỏ quýt Vân Nam, trà chín Pu'er",0.529,0.026,False,False,,
1075596779147,food,中宏印班章普洱熟茶云南普洱茶散茶2019年陈年熟普SC认证厂家批发,"Trung Hoành Ấn Trà Phổ Nhĩ chín Ban Chương, trà Phổ Nhĩ Vân Nam dạng rời, trà Phổ Nhĩ chín lâu năm 2019, chứng nhận SC, bán sỉ từ nhà sản xuất.",0.529,0.027,False,False,,
1059418660409,food,宫廷普洱茶熟茶散茶勐海古熟班章金芽普洱茶定制熟普散装茶叶批发,"Trà Phổ Nhĩ cung đình, trà chín, trà rời, trà Phổ Nhĩ chín cổ truyền Mạnh Hải Ban Chương Kim Nha, trà Phổ Nhĩ chín tùy chỉnh, bán buôn trà rời.",0.529,0.027,False,False,,
1009120245466,food,2014普洱茶熟茶砖250g云南勐海古树茶叶自己喝口粮茶熟普茶砖,"Trà Phổ Nhĩ chín dạng gạch 250g năm 2014, trà cây cổ thụ Mạnh Hải Vân Nam, trà uống hàng ngày, trà Phổ Nhĩ chín dạng gạch.",0.529,0.028,False,False,,
1078810771352,food,桑葚黑枸杞红枣茶养生茶红枣枸杞茶包独立小包装组合代用茶批代发,"Trà dâu tằm, kỷ tử đen và táo đỏ – một hỗn hợp trà tăng cường sức khỏe. Trà túi lọc táo đỏ và kỷ tử được đóng gói riêng lẻ, có nhiều loại để bán sỉ và giao hàng tận nơi.",0.53,0.029,False,False,,
771950007663,food,金芽普洱茶熟茶砖云南西双版纳古树茶250克自己喝口粮茶熟普茶砖,Trà Pu'er búp Vàng Gạch chín trà Vân Nam Xishuangbanna Trà cây cổ thụ 250g,0.53,0.03,False,False,,
669897780791,food,淳滋堂金丝黄菊20克罐装 菊花茶瓶装金丝黄菊枸杞茶 菊花茶 厂家,Trà hoa cúc vàng Chunzitang 20g đóng hộp trà hoa cúc đóng chai Trà hoa cúc vàng trà hoa cúc vàng Nhà sản xuất trà hoa cúc,0.531,0.03,False,False,,
904386495388,home,炮筒投影仪收纳包装盒防水收纳盒eva材质包装大疆pocket4收纳包,"Túi đựng máy chiếu thùng xuyên biên giới, túi đựng máy chiếu thùng, túi xách tay, giá rẻ toàn mạng",0.518,0.0,False,False,,
657074320814,home,丝瓜络 刷碗 丝瓜瓤洗碗 丝瓜烙 洗碗刷丝瓜络洗碗神器 丝瓜抹布,"Bông tắm rửa chén, bột bông tắm rửa chén, miếng bọt biển rửa chén, dụng cụ rửa chén bằng bông tắm, khăn lau chùi bằng bông tắm",0.521,0.001,False,False,,
915834715335,home,侘寂仿藤编织收纳箱收纳筐杂物衣柜橱柜客厅茶几整理收纳盒收纳框,"Wabiji, hộp đựng đồ dệt mây, giỏ đựng đồ lặt vặt, tủ quần áo, phòng khách, bàn cà phê, hộp đựng đồ, hộp đựng đồ, hộp đựng đồ",0.55,0.001,False,False,,
1077392585507,home,三角针泡芙纱床单被套卡通少女心床笠款床上用品四件套单人三件套,"Bộ chăn ga gối vải voan dập nổi họa tiết tam giác, phong cách hoạt hình nữ tính, kiểu ga chun, bộ 4 món, bộ 3 món đơn",0.55,0.002,False,False,,
1063454404307,home,日式ins风水洗棉四件套纯色双拼磨毛被套单件学生宿舍床单三件套,"Bộ chăn ga gối 4 món vải xô hai lớp kim tam giác loại A chính hãng, vỏ chăn hoạt hình cotton nguyên chất, bộ ga trải giường 3 món chuẩn mẹ và bé phong cách Ins.",0.557,0.002,False,False,,
995492205971,home,丝瓜络洗碗巾丝瓜瓤洗碗神器厨房家用清洁擦百洁布刷锅不沾油去污,"Khăn rửa chén bằng xơ mướp, miếng bọt biển xơ mướp, dụng cụ vệ sinh nhà bếp, dụng cụ chà rửa gia dụng, chất tẩy vết dầu mỡ không dính.",0.557,0.002,False,False,,
1042703924379,home,天然丝瓜络洗碗丝瓜瓤沾油抹布厨房百洁布老丝瓜洗碗刷洗锅带皮,"Xơ mướp tự nhiên rửa chén, miếng lau dầu mỡ, giẻ lau bếp, miếng rửa đa năng, xơ mướp già rửa chén, cọ rửa nồi, có vỏ.",0.569,0.003,False,False,,
724581923688,home,不粘锅专用锅铲炒菜家用铲子柯木老漆炒勺木勺饭勺木铲厨房用具铲,"Chảo chống dính thìa đặc biệt để nấu ăn, thìa gia dụng, thìa gỗ, thìa gỗ, thìa cơm, thìa gỗ, dụng cụ nhà bếp thìa",0.572,0.003,False,False,,
1029595518719,home,轻奢高级感冰丝床上四件套夏季水洗真丝滑裸睡被套床单床笠床盖款,"Bộ chăn ga gối lụa băng cao cấp, sang trọng, gồm bốn món, phù hợp cho mùa hè, với chất liệu lụa đã được xử lý để tạo cảm giác mềm mại, mịn màng, mang lại sự thoải mái khi ngủ. Bộ sản phẩm bao gồm vỏ chăn, ga trải giường, ga bọc và tấm trải giường.",0.578,0.004,False,False,,
898559866061,home,轻奢高级感冰丝床上四件套水洗真丝天丝提花被套床单三件套床笠款,Bộ chăn ga gối đệm lụa băng cao cấp nhẹ sang trọng bộ bốn món chăn ga gối đệm lụa Tencel jacquard bộ ba món ga giường,0.579,0.004,False,False,,
1033475685675,home,ins床品四件套纯棉全棉贝壳边新款床单被套床笠宿舍三件套四季款,"Bộ chăn ga gối kiểu dáng hiện đại, chất liệu cotton nguyên chất, có viền trang trí, bao gồm ga trải giường, vỏ chăn và ga bọc, phù hợp cho ký túc xá, bộ ba món, kiểu dáng dùng được cho mọi mùa.",0.579,0.004,False,False,,
966067310721,home,多功能土豆丝刨丝器家用切菜擦丝器厨房切丝神器,"Máy bào khoai tây đa năng, máy bào rau củ gia dụng, dụng cụ bào rau củ nhà bếp",0.583,0.005,False,False,,
848404613556,home,跨境加厚水貂绒四件套床单冬季保暖长毛绒被套纯色水晶绒三件套,"Bộ ga trải giường nhung lông chồn dày dặn bốn món, bộ vỏ chăn lông nhung dài ấm áp mùa đông, bộ ba món nhung pha lê màu trơn.",0.584,0.005,False,False,,
1042336796719,home,厨房置物架水槽抹布沥水架水龙头水池洗碗洗洁精钢丝球收纳架神器,"Giá để đồ nhà bếp, giá phơi khăn rửa chén bát, giá đựng nước rửa chén và chất tẩy rửa gắn vòi rửa, giá đựng bông thép, một dụng cụ tiện dụng.",0.584,0.006,False,False,,
1060581416966,home,潮牌冰丝四件套外贸跨境水洗真丝床上用品轻奢风被套床单床笠,"Bộ chăn ga gối 4 món lụa băng thương hiệu thời trang, hàng xuất khẩu, lụa tơ tằm giặt, phong cách sang trọng nhẹ nhàng, bao gồm vỏ chăn, ga trải giường, ga bọc đệm.",0.585,0.006,False,False,,
797332731718,home,长条缝隙刷卫生间多功能浴室厨房瓷砖死角清洁凹槽灰尘刷子硬毛刷,Khoảng Cách Dài Bàn Chải Phòng Tắm Đa Năng Phòng Tắm Nhà Bếp Gạch Chết Góc Vệ Sinh Rãnh Chổi Quét Bụi Lông Cứng Bàn Chải,0.587,0.006,False,False,,
1081088952040,home,纯色网红款双面冰丝四件套夏季凉感丝真丝被套床单三件套床上仕淮,"Bộ chăn ga gối 4 món lụa băng hai mặt màu trơn phong cách hot trend, bộ 3 món vỏ chăn ga trải giường lụa tơ tằm mát lạnh mùa hè",0.587,0.007,False,False,,
1079545685276,home,挂耳式水煮荷包蛋模具网红煮蛋器快速蒸温泉溏心蛋工具清水卧鸡蛋,"Dụng cụ đun trứng kiểu treo tai, khuôn làm trứng ốp la luộc, dụng cụ luộc trứng hot trend, hấp nhanh trứng lòng đào suối nước nóng, dụng cụ luộc trứng trong nước sạch.",0.588,0.007,False,False,,
1072508158553,home,严选代发黑金檀整木菜板实木家用双面切菜板砧板加厚厨房案板工厂,"Thớt gỗ đàn hương đen vàng nguyên khối cao cấp, thớt gỗ tự nhiên dùng trong gia đình, thớt thái hai mặt, thớt bếp dày dặn, sản xuất tại nhà máy.",0.59,0.008,False,False,,
1056241491386,home,潮牌冰丝四件套轻奢外贸跨境大牌水洗真丝被套出口床上用品床笠,"Bộ chăn ga gối bốn món chất liệu lụa lạnh thời thượng, một lựa chọn sang trọng và phong cách cho thị trường xuất khẩu quốc tế, bao gồm vỏ chăn lụa đã qua xử lý và ga trải giường.",0.591,0.008,False,False,,
970427099134,home,秋冬新品A类高克重四件套亚麻复古全棉花边侘寂风原麻床单款套件,"Bộ ga trải giường linen cotton cao cấp bốn món phong cách wabi-sabi mùa thu đông, chất liệu linen thô, kiểu dáng cổ điển",0.591,0.008,False,False,,
984321858078,home,加厚不锈钢漏勺家用厨房汤勺沥水隔油捞面饺子勺厨房用具现货批发,"Vá lọc inox dày dặn, vá múc canh nhà bếp, vá vớt mì, vá vớt bánh bao, dụng cụ nhà bếp, hàng có sẵn, bán sỉ.",0.591,0.009,False,False,,
1005488862332,home,全棉色织水洗棉学生四件套格子纯棉被套床单床笠三件套简约床品,"Bộ chăn ga gối 4 món cotton 100% dệt nhuộm sợi, cotton giặt, họa tiết kẻ caro, vỏ chăn ga trải giường ga bọc",0.592,0.009,False,False,,
1059243021528,home,严选不锈钢网格漏勺多功能笊篱家用捞面勺油炸饺子厨房烹饪工具,"Vá lưới inox cao cấp, đa năng, dùng trong gia đình để vớt mì, háp bánh bao chiên, dụng cụ nấu ăn nhà bếp.",0.592,0.01,False,False,,
921608927959,home,贴标代发珠子收纳米珠配件收纳盒钻石串珠透明整理饰品美甲首饰盒,"Dán nhãn và giao hạt, hộp đựng phụ kiện hạt nano, hạt kim cương, trang sức hoàn thiện trong suốt, hộp trang sức làm móng tay",0.592,0.01,False,False,,
1026433939444,home,跨境提盘夹碗碟夹防滑家用夹子防烫夹厨房取碗夹不锈钢砂锅盘蒸鱼,"Kẹp gắp đĩa bát chống trượt, chống nóng, dùng trong gia đình, kẹp gắp bát đĩa nhà bếp, kẹp inox, dùng cho nồi đất, đĩa, cá hấp",0.593,0.01,False,False,,
877384584886,home,厨房清洁刷洗手池锅灶浴室台清洁用品墙面玻璃百洁瓷砖清洁厨房刷,"Bàn chải vệ sinh nhà bếp, bồn rửa, bếp nồi, bàn tắm, vật dụng vệ sinh, kính tường, gạch Baijie, bàn chải vệ sinh nhà bếp",0.593,0.011,False,False,,
1034073107888,home,新款A类水洗真丝提花床盖款四件套夏季冰丝凉感高级天丝花边被套,"Bộ chăn ga gối đệm lụa jacquard cao cấp, đã qua xử lý để tạo cảm giác mềm mại, gồm bốn món, với thiết kế lụa băng mát mẻ, tươi mát, và vỏ chăn ren Tencel cao cấp, phù hợp cho mùa hè.",0.594,0.011,False,False,,
645012038685,home,格子珊瑚绒百洁布吸水洗碗布家务清洁去油污厨房抹布加厚款,"Khăn lau lông cừu san hô kẻ sọc, khăn lau chén thấm hút, vệ sinh gia đình, tẩy dầu mỡ, giẻ lau nhà bếp, phiên bản dày.",0.594,0.012,False,False,,
1056396258158,home,跨境大叶相思木炒铲汤勺漏勺不粘锅酒店厨具家用餐具套装厂家直发,"Bộ dụng cụ nấu ăn bằng gỗ keo lá lớn xuyên biên giới, bao gồm thìa xào, muỗng múc canh và muỗng có lỗ, chống dính, dùng cho nhà bếp khách sạn và gia đình, trực tiếp từ nhà sản xuất.",0.595,0.012,False,False,,
978955249522,home,冬季珊瑚绒被套单件冬天加绒双面毛绒牛奶绒四件套单人被罩加厚,Mùa Đông Nhung San Hô Vỏ Chăn Đơn Mùa Đông Lông Cừu 2 Mặt Sang Trọng Nhung Sữa 4 Bộ Đơn Vỏ Chăn dày,0.595,0.012,False,False,,
745368071768,home,厨房置物架水槽抹布沥水架水龙头水池洗碗洗洁精钢丝球收纳架神器,"Giá để đồ nhà bếp, bồn rửa, giẻ lau, giá để ráo nước, vòi nước, rửa bát, chất tẩy rửa, giá để đồ bóng dây, dụng cụ thần thánh",0.596,0.013,False,False,,
838643825786,home,跨境塑料家用翻盖收纳鞋盒鞋子透明防尘整理收纳盒现货批发定制,"Hộp đựng giày trong suốt bằng nhựa PP dày có nắp, hộp đựng giày nữ, hộp đựng đồ, bán buôn trực tiếp tại xưởng",0.598,0.013,False,False,,
993723104333,home,简约纯色床上四件套磨毛羽绒被套三件套厂家直供外贸批发一件代发,"Bộ chăn ga gối màu trơn đơn giản gồm bốn món, bộ vỏ chăn lông vũ chải sợi ba món, cung cấp trực tiếp từ nhà sản xuất, bán buôn cho xuất khẩu, hỗ trợ dropshipping.",0.598,0.014,False,False,,
719698209380,home,抖音爆款布艺无格收纳盒棉麻夹缝收纳整理盒衣柜衣物裤子分层收纳,Hộp đựng đồ bằng vải kiểu hot Douyin Hộp đựng đồ bằng vải cotton và vải lanh,0.598,0.014,False,False,,
1066614188101,home,胡桃木纹首饰盒透明纹防氧化戒指手镯项耳环耳钉用纳盒轻奢高级感,"Hộp đựng trang sức vân gỗ óc chó trong suốt, chống oxy hóa, dùng cho nhẫn, vòng tay, dây chuyền, bông tai, khuyên tai, mang phong cách sang trọng nhẹ nhàng, cao cấp.",0.598,0.014,False,False,,
904425111045,home,刀具收纳架刀厨房放刀架家用刀具自由插多功能随意插塑料刀架桶,Giá đựng dao Giá đựng dao nhà bếp Giá đựng dao gia dụng,0.599,0.015,False,False,,
773079471876,home,日式墙角门窗凹槽缝隙刷刮刀刷窗台沟槽清洁刷厨房灶台清洁工具刷,"Bàn chải vệ sinh khe cửa sổ, khe góc kiểu Nhật, bàn chải vệ sinh khe cửa sổ, bàn chải vệ sinh bếp",0.6,0.015,False,False,,
641975914080,home,厂家批发蛋黄酥包装盒月饼盒子单个装透明圆形雪媚娘吸塑包装盒,Nhà sản xuất bán buôn lòng đỏ trứng giòn hộp đóng gói Hộp bánh trung thu hộp đóng gói duy nhất hộp đóng gói vỉ Xuemeiniang tròn trong suốt,0.601,0.016,False,False,,
1068929928647,home,拼豆收纳盒桌面配件首饰盒透明整理积木收纳零件收纳箱透明双层,"Hộp đựng hạt ghép hình, hộp sắp xếp đồ dùng để bàn, hộp đựng phụ kiện, hộp đựng trang sức, hộp sắp xếp trong suốt, hộp đựng khối xếp hình, hộp đựng linh kiện trang sức.",0.601,0.016,False,False,,
1077883231698,home,轻奢提花全棉磨毛床上四件套100纯棉高级被套床笠床单三件套床品,"Bộ chăn ga gối 4 món cotton 100% dệt jacquard cao cấp, bề mặt chải lông mềm mại, phong cách sang trọng nhẹ nhàng. Có các bộ 3 món vỏ chăn, ga chun, ga trải giường cao cấp 100% cotton.",0.602,0.016,False,False,,
1073960727391,home,无印风水洗提花纽扣款四件套水洗棉床单被套学生宿舍三件套床笠4,"Bộ chăn ga gối 4 món phong cách Muji, vải cotton giặt, họa tiết jacquard, có nút cài, ga trải giường, vỏ chăn, bộ 3 món cho ký túc xá sinh viên, ga chun 4",0.602,0.017,False,False,,
661690820360,home,奢华水洗真丝四件套双面绸缎被套冰丝丝绸床单床笠床上用品批发,"Bộ ga gối lụa tơ tằm cao cấp 4 món, vỏ chăn satin hai mặt, ga trải giường lụa băng, ga trải giường fitted, bán buôn đồ trải giường.",0.602,0.017,False,False,,
915152129515,home,牛木匠柯木锅铲汤勺厨具套装炒菜家用铲子锅铲子烧菜木铲勺子炒勺,Bộ dụng cụ nhà bếp bằng gỗ gồm thìa và vá để nấu ăn tại nhà.,0.603,0.018,False,False,,
1031945310696,home,夏季法式赫本风水洗棉床盖床上四件套夹棉床单被套花边夏凉被夏被,"Bộ chăn ga gối 4 món cotton giặt phong cách Hepburn Pháp mùa hè, ga trải giường chần bông, vỏ chăn, chăn hè mát, chăn hè",0.603,0.018,False,False,,
1003959497928,home,加厚磨毛纯棉四件套全棉印花床单被套套件新疆长绒棉床上用品,"Bộ chăn ga gối 4 món cotton nguyên chất dày dặn, vải chải lông, in họa tiết, 100% cotton, chất liệu cotton sợi dài Tân Cương.",0.604,0.018,False,False,,
914643618615,home,牛木匠跨境小叶相思木锅铲炒菜锅铲子汤勺木铲柚木厨具套装木质,"Bộ dụng cụ nấu ăn bằng gỗ gồm thìa, vá, muỗng súp bằng gỗ keo nhỏ, gỗ tếch, xuất xứ Niu Manger.",0.604,0.019,False,False,,
994501338608,home,耐用天然竹刷洗锅刷竹质锅刷老式洁刷去污洁净厨房清洁用品刷碗用,"Bàn chải chà nồi bằng tre tự nhiên bền chắc, bàn chải chà nồi bằng tre, bàn chải vệ sinh truyền thống, tẩy vết bẩn, dụng cụ vệ sinh nhà bếp, bàn chải rửa chén.",0.605,0.019,False,False,,
921964536276,home,LF级100支奥地利兰精天丝夏季床四件套冰丝夏凉被套床笠床单真丝3,"Bộ chăn ga gối đệm mùa hè Lenzing Tencel Áo 100% chất lượng cao cấp, 4 món, chất liệu lụa đá mát lạnh",0.605,0.02,False,False,,
830283954976,home,不锈钢锅铲漏勺子汤勺煎铲饭勺炒菜锅铲子厨房家用品厨具大全套裝,"Xẻng inox, thìa rò rỉ, thìa canh, thìa chiên, thìa cơm, nồi nấu, xẻng, đồ dùng nhà bếp, đồ dùng nhà bếp, bộ bách khoa toàn thư",0.607,0.02,False,False,,
1069746467787,home,源头工厂牛奶绒四件套 纯色拼色翡色 150*200cm单被套 买家秀实拍,"Trực tiếp từ nhà máy: Bộ chăn ga gối bốn món chất liệu nhung mềm mại, màu trơn với điểm nhấn màu xanh ngọc bích, kích thước 150*200cm, bao gồm vỏ chăn đơn. Hình ảnh thực tế từ khách hàng.",0.607,0.02,False,False,,
1080379412716,home,2026新款四件套双层纱布被套床单被罩床笠新款加厚学生宿舍三件套,"Bộ chăn ga gối bốn món vải gạc hai lớp kiểu dáng năng động ins, họa tiết hoa 2026",0.607,0.021,False,False,,
825144673902,home,纯手工木质首饰盒锁扣收纳盒耳钉戒指项链饰品收纳盒有分隔防尘,"Hộp đựng trang sức nhẫn vàng mới, vòng cổ, bông tai, đồ trang sức, hộp đựng đồ trang sức, hộp đựng đồ trang sức có ngăn kéo, hộp đựng đồ trang sức",0.608,0.021,False,False,,
816504333750,home,透明塑料长方盒防噪音耳塞盒皮筋发卡发饰包装盒串珠项链小收纳盒,Nhựa Trong Suốt Hộp Hình Chữ Nhật Chống Ồn Tai Nghe Hộp Cao Su Kẹp Tóc Phụ Kiện Tóc Hộp Đóng Gói Vòng Cổ Đính Hạt Hộp Bảo Quản Nhỏ,0.608,0.022,False,False,,
1012848023224,home,妙洁钢丝球不锈钢家用清洁球洗碗神器洗锅刷厨房不掉丝铁丝球锅刷,"Bùi nhùi thép không gỉ Miao Jie, dụng cụ rửa chén thần thánh, bàn chải cọ nồi nhà bếp, không rụng sợi, dùng trong gia đình.",0.608,0.022,False,False,,
1034049187420,home,艾阳绒床上用品四件套活性印花莱赛尔棉高端轻奢亲肤舒适,"Bộ chăn ga gối 4 món vải nhung Ai Dương, in hoạt tính, chất liệu Lyocell cotton cao cấp, phong cách sang trọng nhẹ nhàng, thân thiện với da, thoải mái.",0.608,0.022,False,False,,
724170528143,home,厨房水龙头置物架洗碗洗菜池水槽用品家用沥水篮多功能抹布收纳架,"Giá để vòi bếp rửa bát, bồn rửa bát, đồ dùng bồn rửa bát, giỏ thoát nước gia dụng, Giá đựng giẻ lau đa năng",0.609,0.023,False,False,,
673934720140,home,三创 相思木锅铲家用长柄木铲子木质厨具饭勺木勺炒菜不粘锅专用,"Xẻng gỗ Sanchuang Xiangsi, xẻng gỗ cán dài gia dụng, thìa bếp bằng gỗ, thìa gỗ, chảo chống dính nấu ăn chuyên dụng",0.609,0.023,False,False,,
712574678126,home,安如山尼龙锅刷洗多功能长柄碟碗厨房清洁刷塑料糖果色刷子,Anru Núi Nylon Nồi Bàn Chải Đa Năng Tay Cầm Dài Bát Đĩa Bàn Chải Vệ Sinh Nhà Bếp Nhựa Màu Kẹo Bàn Chải,0.61,0.024,False,False,,
906107317844,home,厨房置物架多层收纳架家用碳钢杂物间整理架储物架落地一体货架子,"Giá để đồ nhà bếp, giá để đồ nhiều tầng, giá để đồ gia dụng bằng thép cacbon, giá để đồ, giá để đồ, giá để đồ, giá để đồ",0.61,0.024,False,False,,
935012271353,home,伸缩日式直角收纳盒厨房橱柜收纳盒抽取式桌面杂物整理深柜收纳筐,Kính thiên văn kiểu Nhật Bản góc vuông hộp bảo quản tủ bếp hộp bảo quản có thể tháo rời để bàn mảnh vụn tổ chức sâu tủ giỏ lưu trữ,0.611,0.024,False,False,,
1084240092798,home,轻奢兔兔绒牛奶绒床上四件套冬季加厚双面绒珊瑚绒被套床笠四件套,"Bộ chăn ga gối 4 món nhung thỏ sữa phong cách sang trọng nhẹ nhàng, dày dặn mùa đông, hai mặt nhung san hô, gồm vỏ chăn và ga chun.",0.612,0.025,False,False,,
814915064905,home,一次性干湿两用厨房用品懒人抹布小灵人厨房懒人抹布无纺布百洁布,Đồ dùng nhà bếp dùng một lần khô và ướt,0.612,0.025,False,False,,
877171758752,home,纯加厚磨毛棉床上四件套亲肤斜纹棉宿舍三件套水洗棉床单被套批发,"Bộ bốn mảnh giường bông chải dày nguyên chất, bộ ba mảnh vải bông chéo thân thiện với da, bộ ba mảnh vải bông đã giặt, bộ chăn bông bán buôn",0.613,0.026,False,False,,
984187443236,home,PP材质桌面收纳盒四格分格文具化妆品整理盒现代简约大号储物筐,"Hộp lưu trữ để bàn đa chức năng, ngăn lưu trữ bằng tre dung tích lớn, tổ chức bàn học sinh văn phòng tại nhà phong cách đơn giản",0.613,0.026,False,False,,
1048036285046,home,内衣内裤收纳盒天山棉麻抽屉分格多功能宿舍整理盒家用衣柜内衣盒,"Hộp đựng đồ lót cotton lanh Thiên Sơn, chia ngăn, đa năng, dùng cho ngăn kéo, hộp sắp xếp đồ ký túc xá, hộp đựng đồ lót gia đình, tủ quần áo.",0.614,0.026,False,False,,
764997946669,home,厨房清洁海绵擦木浆绵洗碗海绵百洁布抹布洗碗布海绵块批发去油,"Bọt rửa chén, bọt giấy bột gỗ, bọt rửa chén, miếng cọ rửa, khăn lau, khăn rửa chén, miếng bọt biển bán buôn, tẩy dầu mỡ",0.614,0.027,False,False,,
971317495170,home,大容量首饰盒胡桃木纹复古戒指手镯项链耳环拼豆收纳盒,"Hộp đựng trang sức dung tích lớn với vân gỗ óc chó, phong cách cổ điển, dùng để đựng nhẫn, vòng tay, dây chuyền, bông tai và hạt cườm.",0.614,0.027,False,False,,
980205833337,home,清洁天然神器洗碗去油瓜瓤抹布海绵百洁布厨房丝瓜络实用环保,Vệ sinh hiện vật tự nhiên rửa chén tẩy dầu bột dưa giẻ lau miếng bọt biển miếng cọ rửa nhà bếp bông tắm thiết thực và thân thiện với môi trường,0.615,0.028,False,False,,
1029451812427,home,轻奢高级感冰丝床上四件套夏天水洗真丝滑裸睡被套床单三件套床笠,"Bộ chăn ga gối đệm lụa băng cao cấp, sang trọng, gồm bốn món, phù hợp cho mùa hè, chất liệu lụa mềm mại, dễ giặt, màu nude, bao gồm ba món: vỏ chăn, ga trải giường và chăn lụa.",0.615,0.028,False,False,,
990438600569,home,跨境热卖亚克力收纳盒麻将收纳盒多功能透明陈列展示盒工厂,Hộp đựng acrylic bán chạy xuyên biên giới Hộp đựng mạt chược Mỹ hộp trưng bày trong suốt đa chức năng nhà máy sản xuất,0.615,0.028,False,False,,
573305467916,home,厂家家用厨房用品收纳置物架晾碗架韩式沥水架不锈钢碗碟架定制,"Giá để đồ nhà bếp, giá úp bát đĩa, giá thoát nước Hàn Quốc, giá để bát đĩa inox, sản xuất theo yêu cầu của nhà sản xuất",0.615,0.029,False,False,,
1002178429488,home,不锈钢加厚锅铲炒勺厨具套装家用炒菜煎铲漏勺捞面勺大汤勺炒铲子,"Bộ thìa và vá nấu ăn bằng thép không gỉ dày dặn dùng trong gia đình, bao gồm vá chiên, vá có lỗ, vá mì, vá súp lớn và vá chiên.",0.616,0.029,False,False,,
950230337239,home,A类加厚兔毛绒四件套冬季保暖兔兔绒条纹款懒兔绒牛奶绒床单被套,"Bộ chăn ga gối đệm lông thỏ dày dặn loại A, 4 món, mùa đông ấm áp, lông thỏ sọc, lông thỏ lười, chất liệu nhung sữa",0.616,0.03,False,False,,
872917960962,home,被出嫁大红长绒棉贡缎刺绣床上用品纯棉婚庆四件套新全喜结婚龙凤,Bộ đồ giường thêu satin cotton nhung dài màu đỏ đã kết hôn,0.616,0.03,False,False,,
1017254198628,mother_baby,婴儿包屁衣长袖柔软打底婴童a类哈衣宝宝连体衣坑条兰精莫代尔,"Bộ đồ liền thân dài tay mềm mại cho bé, chất liệu cao cấp, kiểu dáng ôm sát cơ thể, chất liệu vải gân, làm từ sợi Lenzing Modal.",0.523,0.0,False,False,,
1041630604788,mother_baby,新品高颜值液态玻璃泥老头起泡胶高透水晶泥好拉伸不粘手解压有3c,"Đất sét lỏng chất lượng cao mới, đất sét bong bóng, đất sét pha lê có độ trong suốt cao, dễ kéo giãn, không dính, giúp giảm căng thẳng, có chứng nhận 3C.",0.533,0.001,False,False,,
749883688825,mother_baby,地摊夜市爆款玩具发光手提水母灯笼儿童仿真网红同款七彩飘带灯,Đường Phố Gian Hàng Đêm Đồ Chơi Phổ Biến Dạ Quang Tất Sứa Đèn Lồng Trẻ Em Nhân Tạo Phổ Biến Cùng Nhiều Màu Sắc Streamer Đèn Lồng,0.551,0.001,False,False,,
712739950340,mother_baby,加倍爱初生婴儿新生儿高硼硅玻璃奶瓶防胀气宝宝宽口径果汁小奶瓶,Bình sữa thủy tinh borosilicate sơ sinh cho trẻ sơ sinh,0.558,0.002,False,False,,
766486739538,mother_baby,外贸宝宝连体衣坑条布爬服针织哈衣有机棉宝宝爬服包脚婴儿连体衣,"Bộ đồ liền thân cho bé sơ sinh chất liệu vải gân, bộ đồ bò dệt kim, bộ đồ liền thân cotton hữu cơ cho bé, bộ đồ liền thân có chân cho bé",0.559,0.002,False,False,,
848939138063,mother_baby,爱因美新生婴幼儿宽口径硅胶奶嘴十字孔鸭嘴吸嘴三用奶瓶柔软,Ainmei trẻ sơ sinh núm vú silicone cỡ lớn có lỗ hình chữ thập vòi vịt ba chức năng bình sữa mềm mại,0.563,0.002,False,False,,
975294503909,mother_baby,万圣节宝宝南瓜背带哈衣 条纹网纱蓬蓬裙婴儿包屁衣 女宝造型爬服,"Cung cấp xuyên biên giới quần áo trẻ em mới 2025, đồ sơ sinh và trẻ nhỏ mùa hè, quần yếm ren, Halloween, hoạt hình, sọc, quần yếm",0.564,0.003,False,False,,
998895362525,mother_baby,皇嗣适用世喜奶嘴直饮吸管杯学饮杯大棕瓶奶瓶配件鸭嘴手把柄奶嘴,Royal Baby Thích hợp cho Shixi Núm vú uống trực tiếp Cốc uống nước học tập Cốc uống nước lớn màu nâu Phụ kiện bình sữa cho bé Núm vú có tay cầm hình mỏ vịt,0.565,0.003,False,False,,
1007358906518,mother_baby,咔咔熊猫儿童牛仔裤男童秋装女童秋季休闲裤子婴儿宝宝春秋长裤潮,"Quần jean trẻ em Kaka Panda, quần dài thường ngày mùa thu cho bé trai và bé gái, quần dài xuân thu cho bé sơ sinh, phong cách thời trang.",0.566,0.004,False,False,,
693451118068,mother_baby,木质婴幼儿玩具拔浪鼓牙胶宝宝百天周岁拍照道具配件玩具木圈,Đồ chơi bằng gỗ cho trẻ sơ sinh và trẻ mới biết đi,0.567,0.004,False,False,,
1067870031462,mother_baby,小叮当婴儿新款针织连体衣可拆卸口水巾哈衣长袖宝宝爬服纯棉童装,"Bộ đồ liền thân dệt kim mới cho bé Doraemon, có yếm rời, tay dài, chất liệu cotton nguyên chất, phù hợp cho bé tập bò.",0.571,0.004,False,False,,
708866373517,mother_baby,适配世喜7.2cm大棕瓶奶瓶配件鸭嘴学饮吸水嘴重力球奶嘴一瓶多用,"Tương thích với bình sữa màu nâu lớn 7.2cm Shixi: vòi uống hình mỏ vịt, núm ti bi trọng lực, đa năng cho một bình.",0.573,0.005,False,False,,
956944508476,mother_baby,洋气百搭儿童森系复古背带裤男女婴儿宝宝春秋季连体裤宽松外穿潮,"Quần yếm liền thân phong cách Mori cổ điển sành điệu, dễ phối đồ cho bé trai bé gái, trẻ sơ sinh, mặc ngoài mùa xuân thu, dáng rộng.",0.575,0.005,False,False,,
622540370791,mother_baby,快乐孩儿宽口径吸管奶嘴宽口一口吸磨砂硅胶奶嘴适用各种奶瓶奶嘴,Núm vú ống hút cỡ rộng Happy Baby Núm vú silicon dạng bọt miệng rộng Núm vú silicon mờ Thích hợp cho các loại núm vú bình sữa,0.575,0.006,False,False,,
847035239880,mother_baby,INS女宝宝秋季衣服绣花翻领长袖包屁衣婴儿薄款连体包屁衣纯棉a类,"Bộ đồ liền thân bé gái mùa thu thêu viền cổ, tay dài, chất liệu cotton mỏng, loại A.",0.575,0.006,False,False,,
1005723912703,mother_baby,咔咔熊猫男童牛仔裤儿童秋装女童秋季休闲长裤婴儿宝宝春秋裤子潮,"Quần jeans cho bé trai Kaka Panda, trang phục mùa thu cho trẻ em, quần dài mặc thường ngày cho bé gái, quần mùa xuân và mùa thu cho bé, kiểu dáng thời trang.",0.577,0.006,False,False,,
1010399228161,mother_baby,咔咔熊猫男童运动裤女童秋装儿童秋季休闲长裤婴儿宝宝春秋裤子潮,"Quần thể thao bé trai Kaka Panda, quần dài thường ngày mùa thu cho bé gái, quần dài trẻ em mùa thu, quần xuân thu cho bé sơ sinh, phong cách thời trang.",0.582,0.007,False,False,,
852268079332,mother_baby,严选举重裤春季打底韩版护肚棉质背带裤婴儿a类宝宝男女儿童裤,"Quần yếm cotton kiểu Hàn Quốc mùa xuân cho bé, loại A, quần trẻ em unisex.",0.582,0.007,False,False,,
1042701689033,mother_baby,皇嗣适用贝亲奶瓶配件奶嘴第三含线宽口径新生儿硅胶畅吸实感奶嘴,"Núm ti silicone Bebe (Pigeon) dùng cho trẻ sơ sinh, cổ rộng, có dây, hút êm, cảm giác thật, phụ kiện bình sữa.",0.585,0.008,False,False,,
709709050377,mother_baby,工厂超轻粘土批发彩泥橡皮泥儿童手工diy玩具太空泥黏土低硼套装,"Đất sét siêu nhẹ bán buôn, đất sét màu, đất nặn, đồ chơi tự làm cho trẻ em, đất sét không chứa boron, bộ đồ chơi đất nặn",0.588,0.008,False,False,,
820363291054,mother_baby,哆拉哆布6cm广口径实感硅胶奶嘴喂奶奶嘴防胀气奶瓶专配奶嘴6517,"Núm vú giả silicon cảm ứng đường kính rộng 6cm, núm vú giả chống đầy hơi, bình sữa chống đầy hơi, núm vú giả 6517",0.589,0.008,False,False,,
1016659195208,mother_baby,【贝亲品牌旗舰店】贝亲新生儿奶瓶宽口径高硼硅玻璃奶瓶,"【Cửa hàng chính hãng Pigeon】Bình sữa Pigeon cho trẻ sơ sinh, cổ rộng, thủy tinh borosilicate cao cấp",0.59,0.009,False,False,,
859836856674,mother_baby,哆拉哆布新款宽口径奶瓶奶嘴磨砂奶嘴含衔线婴儿实感硅胶奶嘴6527,Núm vú cho bé cỡ lớn mới của Doradobu Núm vú mờ Núm vú silicon cảm giác rắn cho bé 6527,0.591,0.009,False,False,,
1005616587482,mother_baby,咔咔熊猫男童梭织长裤儿童秋装女童秋季休闲裤子婴儿宝宝春秋童裤,"Quần dài dệt cho bé trai Kaka Panda, quần thu đông cho trẻ em, quần thu đông thường ngày cho bé gái, quần xuân thu cho bé.",0.591,0.01,False,False,,
742120116557,mother_baby,适配于世喜奶瓶配件 7.2mm广口径吸水嘴奶嘴鸭嘴吸管组厂家现货,"Thích ứng với phụ kiện bình sữa Shixi núm hút nước cỡ rộng 7,2mm núm vú giả đầu vịt đầu ống hút nhà sản xuất kho",0.591,0.01,False,False,,
1027925228432,mother_baby,新款舒绒包屁衣春秋新生婴儿包屁衣内穿打底宝宝连体长袖三角哈衣,"Áo liền quần lông cừu mềm mại kiểu mới dành cho mùa xuân và mùa thu, thích hợp cho trẻ sơ sinh, dùng làm lớp lót bên trong, áo liền quần dài tay hình tam giác cho bé.",0.591,0.01,False,False,,
887404986834,mother_baby,亚马逊新生儿宽口径奶瓶中硼硅玻璃奶瓶防胀气奶瓶直身初生儿奶瓶,Bình sữa cỡ lớn cho trẻ sơ sinh Amazon Bình sữa thủy tinh borosilicate Bình sữa chống đầy hơi Bình sữa thẳng cho trẻ sơ sinh,0.592,0.011,False,False,,
830803665899,mother_baby,ins婴幼儿宝宝秋冬针织连体衣韩国婴儿秋季超萌兔子耳朵毛衣爬服,"Bộ liền thân len dệt kim mùa thu đông cho bé sơ sinh, kiểu Hàn Quốc, siêu dễ thương, có tai thỏ",0.592,0.011,False,False,,
1074288492748,mother_baby,【胎柔·莫棉】新生儿连体衣宝宝爬服兰精莫代尔包屁衣婴儿衣服,"【Tái Nhu·Mô Miên】Áo liền thân sơ sinh, bộ body cho bé, vải Modal Lenzing, quần áo trẻ em",0.592,0.012,False,False,,
943867641692,mother_baby,儿童过家家国潮彩泥中华美食面粉彩泥模具厨房中华点心彩泥套装,"Bộ đồ chơi làm bánh bằng đất nặn cho trẻ em với khuôn đồ ăn Trung Quốc, bộ đồ chơi làm bánh ăn nhẹ kiểu Trung Quốc.",0.593,0.012,False,False,,
1075215182773,mother_baby,小叮当学院风莫代尔棉a类秋季婴幼儿长袖连体衣男女宝宝翻领爬服,"Bộ liền thân dài tay cho bé trai bé gái, phong cách học đường Tinkerbell, chất liệu cotton modal loại A, cổ bẻ, mùa thu.",0.593,0.012,False,False,,
705061879463,mother_baby,竹蜻蜓飞天仙子户外发光飞碟枪弹射旋转飞盘闪光陀螺夜市地摊玩具,"Chuồn chuồn tre, Tiên bay, Phát sáng ngoài trời, Đĩa bay, Súng bắn đạn, Đĩa quay, Đèn flash, Đồ chơi Chợ đêm Gyro",0.595,0.013,False,False,,
1054265782001,mother_baby,美食橡皮泥套装国潮中华彩泥面粉模具工具儿童宝宝过家家厨房玩具,"Bộ đồ chơi Play-Doh thơm ngon, bột nặn nhiều màu sắc theo phong cách Trung Hoa, khuôn và dụng cụ làm bột, đồ chơi nhà bếp cho trẻ em và trẻ nhỏ.",0.595,0.013,False,False,,
978236774609,mother_baby,婴儿磨砂奶嘴宽口径通用5cm奶瓶食品级硅胶奶嘴柔软鸭嘴多款批发,Núm vú giả mờ cho bé đường kính rộng đa năng 5cm bình sữa silicone cấp thực phẩm núm vú giả mềm mỏ vịt đa dạng bán buôn,0.595,0.014,False,False,,
1078267967119,mother_baby,定制婴儿硅胶奶瓶可么多么同款宝宝断奶母乳实感新生儿奶瓶跨境,"Bình sữa silicon cho bé tùy chỉnh, mẫu tương tự Kemodo, bình sữa cai sữa mẹ cho bé, cảm giác như sữa mẹ, bình sữa cho trẻ sơ sinh, hàng xuyên biên giới.",0.596,0.014,False,False,,
875799614600,mother_baby,新生儿衣服初生儿春秋蝴蝶衣和尚服纯棉无骨宝宝婴儿连体衣哈衣,Quần áo sơ sinh áo bướm mùa xuân và mùa thu cho trẻ sơ sinh,0.597,0.014,False,False,,
1072402561927,mother_baby,新品阿嬷豆花麻薯泥起泡胶儿童史莱姆解压玩具帐篷泥安全不粘手,"Sản phẩm mới: Slime đậu hũ chè đậu nành và mochi, slime tạo bọt, đồ chơi giảm căng thẳng cho trẻ em, slime lều, an toàn không dính tay.",0.597,0.015,False,False,,
1005231713539,mother_baby,咔咔熊猫男童梭织长裤儿童秋装女童秋季休闲裤子婴儿宝宝春秋童裤,"Quần dài dệt thoi bé trai Kaka Panda, quần dài thường ngày mùa thu cho bé gái, quần trẻ em xuân thu cho bé sơ sinh",0.598,0.015,False,False,,
976356115441,mother_baby,婴儿硅胶72口径奶嘴奶瓶配件鸭嘴吸管嘴学饮吸水嘴四喜配件通用,"Núm vú silicon 72 cỡ, phụ kiện bình sữa, ống hút, vòi tập uống, vòi hút nước, phụ kiện đa năng.",0.599,0.016,False,False,,
954531034642,mother_baby,婴儿包屁衣秋季纯棉a类新生儿衣服男女宝宝花边领哈衣爬爬服,"Bộ liền thân bé sơ sinh mùa thu chất liệu cotton nguyên chất loại A, unisex, cổ ren, bộ đồ bò cho bé",0.599,0.016,False,False,,
1011807050503,mother_baby,适配世禧百日奶瓶配件硅胶防摔手柄保护套奶嘴学饮吸管鸭嘴重力球,"Phụ kiện bình sữa Sishi Bách Nhật: tay cầm silicon chống rơi, vỏ bảo vệ, núm ti, ống hút tập uống, vòi hút, bi trọng lực.",0.6,0.016,False,False,,
880329708229,mother_baby,新生儿衣服初生儿春秋蝴蝶衣和尚服纯棉无骨宝宝婴儿连体衣哈衣服,Quần áo sơ sinh áo bướm mùa xuân và mùa thu cho trẻ sơ sinh,0.6,0.017,False,False,,
919295733713,mother_baby,厂家夜光回旋镖儿童飞回来软胶摔不烂男孩玩具飞来飞去回力镖飞盘,"Boomerang phát sáng trong bóng tối dành cho trẻ em, cao su mềm, không thể gãy, đồ chơi cho bé trai, bay lùa qua lại, boomerang frisbee",0.601,0.017,False,False,,
957817120290,mother_baby,男女宝宝包屁衣秋款条纹长袖哈衣爬服婴儿莫代尔纤维a类两件套,"Bộ áo liền quần dài tay kẻ sọc mùa thu cho bé trai bé gái, chất liệu sợi Modal loại A, bộ hai món.",0.602,0.018,False,False,,
1012659701455,mother_baby,适配世禧奶瓶鸭嘴奶嘴水嘴学饮杯吸管杯配件重力球吸水嘴水杯盖子,"Phụ kiện tương thích bình sữa Sishi: núm vú giả mỏ vịt, vòi nước, cốc tập uống, cốc ống hút, bi trọng lực, vòi hút nước, nắp bình nước.",0.603,0.018,False,False,,
844111815599,mother_baby,美婴堂婴儿玻璃奶瓶标口直身带柄硅胶套耐摔防烫奶瓶母婴用品批发,"Bình sữa thủy tinh Meiyingtang cho bé, miệng tiêu chuẩn, thân thẳng, có tay cầm, vỏ silicon, chống rơi, chống nóng, bán buôn sản phẩm cho bé và mẹ.",0.603,0.018,False,False,,
609303595290,mother_baby,宝宝奶瓶新生儿两用儿童吸管水杯宽口径套装婴儿用品厂家批发,Bình Sữa Sơ Sinh Kép Trẻ Em Ống Hút Cốc Đường Kính Rộng Bộ Sản Phẩm Cho Bé Nhà Sản Xuất Bán Buôn,0.603,0.019,False,False,,
642546919416,mother_baby,鸭嘴奶嘴吸管一体式配件重力球通用宽口径奶瓶转变鸭嘴替换头奶嘴,"Núm vú mỏ vịt, ống hút, phụ kiện tích hợp bóng trọng lực, bình sữa cỡ rộng thông dụng, vòi vịt thay thế núm vú",0.604,0.019,False,False,,
949806183895,mother_baby,咔咔熊猫男童长裤女童秋装儿童裤子婴儿春秋休闲裤宝宝童装童裤潮,Quần dài bé trai Kaka Panda quần áo mùa thu bé gái quần trẻ em quần dài mùa xuân thu cho bé quần áo trẻ em quần trẻ em hợp thời trang,0.604,0.02,False,False,,
844505917639,mother_baby,严选跨境代发印第安儿童小帐篷室内女孩男孩户外城堡游戏屋玩具,"Lều chơi trẻ em nhỏ nhập khẩu, chất lượng cao, dành cho bé gái và bé trai, sử dụng trong nhà và ngoài trời, kiểu lâu đài",0.604,0.02,False,False,,
771999985212,mother_baby,婴儿春秋款双层女宝宝牛仔可爱兔宝娃娃领满月百天外出连体哈衣,Bé mùa xuân và mùa thu hai lớp bé gái denim Dễ Thương Thỏ Búp Bê Cổ Áo trăng tròn Một Trăm ngày đi chơi một mảnh Romper,0.605,0.02,False,False,,
1065209520802,mother_baby,小叮当新款新生儿三角爬服a类宝宝打底包屁衣春秋长袖婴幼儿哈衣,"Tiểu Đinh Đang mẫu mới, áo liền quần tam giác cho trẻ sơ sinh, loại A, áo liền quần dài tay cho bé mặc lót, thích hợp mùa xuân thu.",0.605,0.021,False,False,,
1033707877505,mother_baby,源头工厂春季婴儿连体衣纯棉女宝宝哈衣爬服洋气花边新生儿衣服秋,"Bộ đồ liền thân cho bé gái, chất liệu cotton nguyên chất, kiểu dáng thời trang với chi tiết ren, sản xuất trực tiếp tại xưởng, phù hợp cho mùa xuân và mùa thu.",0.605,0.021,False,False,,
583703188182,mother_baby,欧贝妮 带硅胶套玻璃奶瓶 高硼硅玻璃宝宝奶瓶 240ml奶瓶厂家批发,Oubeini có vỏ Silicone Chai Thủy Tinh chai thủy tinh borosilicate chai 240ml nhà sản xuất bán buôn,0.605,0.022,False,False,,
1023858143406,mother_baby,小叮当春秋长袖哈衣宝宝纯棉a类婴儿连体衣新生儿柔软贴身爬服,"Áo liền quần dài tay Tinkerbell cho bé, chất liệu cotton nguyên chất loại A, mềm mại, ôm sát, dành cho trẻ sơ sinh.",0.606,0.022,False,False,,
767628951014,mother_baby,谦之良品婴儿连体衣春秋款幼儿衣服条纹洋气外出哈衣爬服男女宝宝,Qianzhiliang sản phẩm quần áo trẻ em một mảnh mùa xuân và mùa thu quần áo trẻ em phong cách phương Tây sọc đi ra ngoài quần áo romper cho bé trai và bé gái,0.606,0.022,False,False,,
843390787454,mother_baby,婴儿米糊奶瓶挤压式硅胶,Silicone vắt bình sữa trẻ em,0.608,0.023,False,False,,
732890191412,mother_baby,婴儿纯棉连体衣四季新生儿哈衣男女宝宝全棉护肚魔术贴蝴蝶衣春秋,Áo liền thân 100% cotton cho bé sơ sinh bốn mùa áo liền thân cho bé trai và bé gái,0.609,0.023,False,False,,
1072250836200,mother_baby,女宝宝包屁衣春秋季无骨a类甜美三角哈衣长袖居家弹力婴儿外出服,"Áo liền quần cho bé gái mùa xuân thu, không đường may, loại A, ngọt ngào, kiểu tam giác, tay dài, co giãn, mặc nhà và đi chơi.",0.609,0.024,False,False,,
946079437287,mother_baby,义乌夜市地摊地推小商品套圈圈摆摊批发网红儿童礼品发光小玩具,"Quầy hàng đường phố chợ đêm Nghĩa Ô quảng bá hàng hóa nhỏ, nhẫn, quầy hàng, bán buôn quà tặng trẻ em nổi tiếng trên Internet, đồ chơi nhỏ phát sáng",0.609,0.024,False,False,,
1069713232870,mother_baby,春秋新款可爱风婴儿英伦格纹熊汗布里哈衣外出服,"Áo liền quần vải thun kẻ caro Anh Quốc hình gấu phong cách dễ thương cho bé, mẫu mới xuân thu, đồ mặc ngoài.",0.609,0.024,False,False,,
669035746558,mother_baby,韩版ins婴幼童休闲套装儿童宝宝春秋宽松华夫格卫衣长裤两件套,"Bộ đồ mặc thường ngày trẻ em Instagram phong cách Hàn Quốc, áo nỉ rộng rãi mùa xuân và mùa thu cho bé, Bộ hai chiếc",0.61,0.025,False,False,,
875573476249,mother_baby,夜光软飞盘儿童安全可回旋亲子游戏幼儿园户外手抛回旋镖玩具批发,"Đồ chơi boomerang phát sáng trong bóng tối, mềm mại, an toàn cho trẻ em, có thể ném và trả lại, trò chơi dành cho cha mẹ và con cái, đồ chơi ngoài trời dành cho mẫu giáo, bán buôn",0.611,0.025,False,False,,
1066098273521,mother_baby,婴儿纯棉 a类连体衣长袖类爬服新生儿四季款柔软透气马宝宝蝴蝶衣,"Áo liền quần dài tay cho bé làm từ cotton nguyên chất loại A, phù hợp với mọi mùa, mềm mại và thoáng khí, có thiết kế hình con bướm.",0.611,0.026,False,False,,
1018921500592,mother_baby,【贝亲品牌旗舰店】贝亲新生儿宽口玻璃奶瓶高硼硅玻璃无把手,"【Cửa hàng chính hãng Pigeon】Bình sữa thủy tinh cổ rộng Pigeon cho trẻ sơ sinh, thủy tinh borosilicate cao cấp, không tay cầm",0.611,0.026,False,False,,
838217561327,mother_baby,ins韩版秋季男宝宝休闲活性牛仔裤婴幼儿防褪色宽松复古百搭裤子,Quần jean hoạt tính thường ngày cho bé nam mùa thu instagram quần dễ phối cổ điển rộng rãi chống phai màu cho bé,0.611,0.026,False,False,,
991996201127,mother_baby,婴儿纯棉包屁衣春秋宝宝哈衣男女新生儿无骨A类全棉无骨三角爬,Bộ áo liền quần cotton nguyên chất cho bé Bộ áo liền quần mùa xuân và mùa thu cho bé unisex sơ sinh liền mạch Bộ đồ bò tam giác liền mạch hoàn toàn bằng cotton loại A.,0.611,0.027,False,False,,
887330445967,mother_baby,跨境小熊宽口径奶瓶婴幼儿高硼硅玻璃奶瓶大容量三段式防胀气奶瓶,"Bình sữa cỡ lớn xuyên biên giới, bình sữa thủy tinh borosilicate cho trẻ sơ sinh, bình sữa chống đầy hơi ba tầng dung tích lớn",0.611,0.027,False,False,,
1032904568589,mother_baby,无骨纯棉长袖四季婴幼儿包屁衣手感在线宝宝潮舒适透气哈衣三角潮,"Áo liền quần dài tay cotton nguyên chất không đường may, dùng được bốn mùa cho bé, chất liệu mềm mại, thoải mái, thoáng khí, kiểu dáng tam giác thời trang.",0.611,0.028,False,False,,
832387255391,mother_baby,甜小司女童秋装套装26新款童装女宝宝春秋草莓针织外套开衫两件套,Bộ trang phục mùa thu cho bé gái Sweet Little Sister 26 Bộ quần áo trẻ em phong cách mới dành cho bé gái Bộ hai món áo len dệt kim dâu tây mùa xuân và mùa thu.,0.612,0.028,False,False,,
1024076501911,mother_baby,婴儿连体衣荷叶边小翻领长袖包屁衣女宝宝女童春秋长袖爬服新款,"Áo liền quần dài tay cho bé gái, cổ bẻ nhỏ, bèo nhún, kiểu dáng ôm sát, thích hợp mùa xuân thu, mẫu mới.",0.612,0.028,False,False,,
1006267601956,mother_baby,卡通凸点按摩球儿童运动吊绳拍拍球幼儿园充气弹力小皮球批发货源,"Bóng massage chấm nổi hoạt hình, bóng vỗ dây treo thể thao cho trẻ em, bóng nhỏ bơm hơi đàn hồi dùng cho mẫu giáo, nguồn hàng sỉ.",0.615,0.029,False,False,,
700954466832,mother_baby,亚马逊爆款婴幼儿免手持标口径240ml奶瓶宝宝解放双手奶瓶pp奶瓶,Bình Sữa Cỡ nòng 240ml không cầm tay cho trẻ sơ sinh và trẻ mới biết đi,0.615,0.029,False,False,,
726142780458,mother_baby,满天星灯光纤花灯批发七彩闪光发光玩具批发地摊货源批发儿童玩具,Đèn chiếu sáng gypsophila đèn lồng sợi quang bán buôn đồ chơi phát sáng nhấp nháy đầy màu sắc bán buôn quầy hàng cung cấp bán buôn đồ chơi trẻ em,0.615,0.03,False,False,,
1071417458498,mother_baby,【柠里】原创！韩系女宝宝秋季新品镂空毛衣显白橘黄色开衫外套潮,"【Ningli】Hàng chính hãng! Bộ sưu tập thu đông mới theo phong cách Hàn Quốc dành cho bé gái: một chiếc áo len dệt kim kiểu dáng thời trang, màu cam tươi sáng, giúp làn da trông trắng sáng hơn.",0.615,0.03,False,False,,
834457793386,shoes,2024新款时尚百搭博肯拖鞋女罗马凉拖女休闲平底一字防滑拖鞋批发,Dép Boken thời trang mới 2024,0.51,0.0,True,False,,
1048723499026,shoes,魔术贴拖鞋女厚度网红一字拖松糕时尚情侣拖鞋平底舒适厚底,"Dép nữ có quai dán, dép đôi thời trang với đế dày, dép đế bằng, êm chân và thoải mái.",0.544,0.001,False,False,,
1063928447528,shoes,女拖鞋方头金属搭扣凉拖鞋坡跟防滑耐磨包头拖鞋夏季外穿工厂直供,"Giày sandal nữ mũi vuông, có khóa kim loại, gót đế xuồng, đế chống trượt và thiết kế mũi kín, phù hợp để đi ngoài trời vào mùa hè; sản phẩm được cung cấp trực tiếp từ nhà máy.",0.549,0.001,False,False,,
1071512377577,shoes,黑色皮带扣骑士靴女短筒机车靴显瘦裤管靴辣妹铆钉圆头粗跟短靴子,"Bốt kỵ sĩ nữ cổ ngắn, khóa thắt lưng da đen, bốt biker tôn dáng, bốt ống rộng phong cách hot girl, đinh tán, mũi tròn, gót thô, bốt ngắn.",0.563,0.002,False,False,,
1058375459068,shoes,"境外爆款闪钻 ""荒野豹影""复古回溯豹纹皮铆钉高帮厚底增高坡跟鞋","Hàng hot quốc tế DETW ""Bóng Báo Hoang Dã"" giày cao cổ đế dày tăng chiều cao gót xuồng, họa tiết da báo đinh tán, phong cách retro.",0.568,0.002,False,False,,
984584262414,shoes,老爹鞋男秋季新款透气网面鞋子男潮流百搭厚底增高休闲运动鞋潮鞋,Giày Bố Nam Mùa Thu Mới Giày Lưới Thoáng Khí Hợp Thời Trang Đa Năng Đế Dày Tăng Chiều Cao Giày Thể Thao Thông Thường Giày Hợp Thời Trang,0.575,0.003,False,False,,
1007006677156,shoes,磨砂皮丝光反绒皮低帮板鞋马丁靴中邦复古男士休闲皮鞋厚底潮鞋子,"Giày da lộn mờ, da bóng, cổ thấp, kiểu sneaker, bốt Martin, cổ lửng, phong cách retro, giày da nam thường ngày, đế dày, giày thời trang.",0.575,0.003,False,False,,
1075567212660,shoes,复古风皮带扣辣妹尖头高跟裤管靴黑色褶皱堆堆靴粗跟显瘦短靴子女,"Bốt nữ cổ ngắn gót vuông, mũi nhọn, gót cao, ống bốt nhún/xếp ly màu đen, phong cách retro, khóa thắt lưng, tôn dáng thon gọn",0.576,0.003,False,False,,
961783838036,shoes,包头半拖鞋女外穿2026夏季新款时尚百搭仙女配裙子法式平底凉拖鞋,"Dép quai hở mũi nữ, mẫu mới hè 2026, thời trang đa năng phong cách tiên nữ, dép bệt kiểu Pháp phối cùng váy.",0.578,0.004,False,False,,
1036262969634,shoes,复古方头粗跟乐福鞋女通勤鞋气质一脚蹬单鞋皮带扣小皮鞋,"Giày lười nữ mũi vuông gót thô phong cách retro, giày công sở thanh lịch, giày da có khóa cài.",0.578,0.004,False,False,,
961199651278,shoes,中古款小香~小香菱格蝴蝶结2025春秋新款真皮平底单鞋芭蕾舞鞋,"Giày Chanel đã qua sử dụng ~ Giày bệt da thật kiểu nơ may chần bông Chanel mùa xuân thu 2025, hàng chính hãng",0.579,0.005,False,False,,
1012107007515,shoes,羊皮版老钱风女鞋不累脚高跟鞋一脚蹬软底单鞋粗跟小皮鞋乐福鞋女,"Giày nữ da cừu phong cách cổ điển, giày cao gót thoải mái, giày bệt đế mềm dễ mang, giày da gót vuông nhỏ, giày lười nữ.",0.579,0.005,False,False,,
827234478346,shoes,短靴女春秋单靴2024新款方头芒果靴软皮弹力瘦瘦靴复古炸街马丁靴,Bốt ngắn bốt đơn xuân thu nữ bốt xoài mũi vuông mẫu mới 2024 bốt gầy co giãn da mềm bốt Martin đường phố,0.581,0.006,False,False,,
1073148792864,shoes,尖头内增高裤管靴皮带扣长筒靴子女2026秋季新款巨好看高筒骑士靴,"Bốt nữ cổ cao mũi nhọn độn đế, ống bốt có khóa cài, mẫu mới thu 2026 cực đẹp, bốt kỵ sĩ cao cổ.",0.583,0.006,False,False,,
1076615769408,shoes,羊皮版~复古方头拼接短靴女粗跟弹力瘦瘦靴美拉德高跟显瘦及踝靴,"Bốt cổ ngắn nữ da cừu, mũi vuông retro, phối màu, gót thô, co giãn ôm chân, màu Maillard, gót cao tôn dáng thon gọn, bốt cổ thấp.",0.585,0.006,False,False,,
1078138792611,shoes,复古尖头褶皱长筒裤管靴女2026秋新款时尚显瘦堆堆靴不过膝骑士靴,"Bốt nữ ống dài nhún bèo mũi nhọn phong cách retro, mẫu mới thu 2026, thời trang tôn dáng, bốt nhún không quá gối, bốt kỵ sĩ.",0.585,0.007,False,False,,
1075355008135,shoes,泉州运动鞋男鞋男鞋回力运动鞋鞋子男鞋鞋男男士运动鞋男鞋休闲鞋,"Giày thể thao nam Quán Châu, giày nam, giày thể thao Huili, giày nam, giày thể thao nam, giày nam, giày thể thao nam, giày casual nam",0.585,0.007,False,False,,
813355791985,shoes,棕色西部牛仔褶皱靴女夏季2026新款粗跟长靴显脚小骑士堆堆靴,"Giày bốt cao bồi miền Tây màu nâu dành cho nữ, kiểu mới mùa hè 2026, gót dày, kiểu dáng dài, tạo hiệu ứng thon gọn, kiểu dáng hiệp sĩ, đế xếp lớp.",0.585,0.008,False,False,,
935938384055,shoes,男鞋外贸批发网红同款舒适跑步鞋青少年厚底回弹轻便系带运动鞋子,Giày Nam Ngoại Thương Bán Buôn Internet Người Nổi Tiếng Cùng Phong Cách Thoải Mái Chạy Bộ Thanh Niên Đế Dày Phục Hồi Nhẹ Buộc Dây Giày Thể Thao,0.586,0.008,False,False,,
972480656551,shoes,不过膝长靴女2025年春秋卡其色绒面尖头靴子女粗跟显瘦褶皱堆堆靴,"Bốt nữ cao quá đầu gối mùa xuân thu 2025, chất liệu da lộn kaki, mũi nhọn, gót dày, kiểu dáng thon gọn, xếp ly",0.586,0.009,False,False,,
1073433924704,shoes,跨境轻奢爱心装饰毛绒拖鞋女露趾一字居家棉拖鞋家用室内拖鞋批发,"Dép bông lông xù nữ hở ngón quai ngang, trang trí trái tim, phong cách sang trọng nhẹ nhàng, dép đi trong nhà, bán sỉ.",0.586,0.009,False,False,,
1076682883710,shoes,6cm内增高复古尖头短靴女2026新款绑带拼接褶皱堆堆靴中筒骑士靴,"Bốt cổ ngắn nữ mũi nhọn phong cách retro, độn gót 6cm, mẫu mới 2026, có dây buộc, phối nhún bèo, bốt ống lửng kiểu kỵ sĩ.",0.588,0.01,False,False,,
1079896537119,shoes,羊皮版复古通勤双排魔术贴小皮鞋女粗跟3.5cm单鞋真皮暴走乐福鞋,"Giày lười nữ da cừu thật, gót thô 3.5cm, khóa dán hai hàng, phong cách cổ điển công sở, da thật, thoải mái đi bộ.",0.589,0.01,False,False,,
1005544811547,shoes,磨砂皮丝光反绒皮中帮板鞋马丁靴中邦复古男士休闲皮鞋厚底潮鞋子,"Giày da lộn mờ bóng, giày sneaker cổ lửng, bốt Martin cổ lửng, giày da nam phong cách retro, giày đế dày thời trang.",0.59,0.01,False,False,,
1007358954620,shoes,内增高德训鞋女真皮条纹圆头复古擦色系带运动拼接休闲阿甘鞋女鞋,"Giày nữ độn đế, kiểu Đức, da thật, sọc, mũi tròn, phong cách retro, màu phai, buộc dây, phối màu thể thao, giày casual, giày Forrest Gump.",0.59,0.011,False,False,,
1015406586192,shoes,初遇季时尚尖头复古磨砂皮粗跟玛丽珍鞋女百搭纯色一字带中跟单鞋,"Giày Mary Jane mũi nhọn phong cách retro bằng da lộn gót vuông Chuyuji dành cho nữ, đa năng, màu trơn, quai đeo, gót vừa, giày đơn.",0.59,0.011,False,False,,
985925038931,shoes,韩版2025新款磨砂翻领两穿系带厚底松糕小众板鞋女休闲高帮鞋女鞋,"Giày thể thao nữ cao cổ đế xuồng platform phối ren buộc dây, chất liệu mờ, kiểu dáng mới 2025, phong cách Hàn Quốc",0.591,0.012,False,False,,
1044988419847,shoes,2026卡其色裤管靴子女早秋新款不过膝拼色圆头长筒靴粗跟骑士长靴,"Bốt nữ ống dài màu kaki 2026, mẫu mới đầu thu, không quá gối, phối màu, mũi tròn, gót thô, bốt kỵ sĩ.",0.591,0.012,False,False,,
1029366140712,shoes,H二舅男女平底舒适同款时尚潮流室内外百搭外贸经典爆款情侣拖鞋,"Dép lê nam nữ đế bằng thoải mái, mẫu mã thời trang sành điệu, dễ phối đồ trong nhà và ngoài trời, hàng xuất khẩu, sản phẩm kinh điển bán chạy, dép đôi.",0.591,0.013,False,False,,
1014584941839,shoes,爆款阿甘男鞋三杠皮面复古运动休闲鞋小白鞋子透气软底运动潮流鞋,"Giày nam kiểu Forrest Gump đang rất được ưa chuộng, với phần thân giày làm bằng da có ba sọc, thiết kế cổ điển, phong cách thoải mái, thoáng khí và có đế mềm, rất phù hợp cho các hoạt động thể thao và tạo phong cách thời trang hiện đại.",0.594,0.013,False,False,,
881911797188,shoes,平底高级感方头水钻单鞋女鞋子2026年秋季新款黑色通勤上班工作鞋,"Giày bệt nữ cao cấp mũi vuông đính đá mùa xuân 2025 màu đen, kiểu đi làm",0.594,0.013,False,False,,
811228918732,shoes,2023新款帮帆布鞋女内休闲鞋韩版百搭女式平跟鞋舞蹈拉链街舞鞋,Giày vải bố kiểu mới 2023,0.594,0.014,False,False,,
1058662149711,shoes,小香风菱格蝴蝶结芭蕾奶奶鞋女休闲平底浅口单鞋一脚蹬百搭单鞋女,"Giày búp bê nữ phong cách tiểu thư, họa tiết trám, đính nơ, đế bệt, cổ thấp, kiểu lười, dễ phối đồ.",0.595,0.014,False,False,,
1054634336192,shoes,跨境外贸经典H拖鞋羊皮平底女拖鞋沙滩一字拖鞋女士凉拖鞋,"Dép lê nữ da cừu đế bằng quai ngang kiểu H cổ điển, dép đi biển, dép lê nữ",0.596,0.015,False,False,,
1065585307558,shoes,西域骆驼男鞋跨境大码厚底运动鞋缓震回弹舒适跑步鞋透气百搭单鞋,"Giày nam Tây Vực Lạc Đà, giày thể thao đế dày cỡ lớn, giảm chấn, đàn hồi, thoải mái, giày chạy bộ thoáng khí, dễ phối đồ, giày thường ngày.",0.597,0.015,False,False,,
1071840799830,shoes,福建男鞋泉州晋江精品运动鞋厚底老爹鞋摆摊的鞋子批发处理地摊鞋,"Giày nam Fujian, sản xuất tại Quanzhou, Jinjiang, giày thể thao chất lượng cao, giày đế dày kiểu dáng thể thao, bán buôn giày cho các người bán hàng rong, giày thanh lý cho các quầy hàng chợ.",0.598,0.016,False,False,,
1074806680906,shoes,春秋新款真皮方头一脚蹬女单鞋通勤百搭平底鞋粗跟简约气质深口,"Bộ sưu tập mới mùa xuân và mùa thu: Giày búp bê nữ đế bằng, chất liệu da thật, kiểu dáng mũi vuông, dễ xỏ chân, phù hợp để đi làm, gót giày thấp, thiết kế đơn giản và thanh lịch, kiểu dáng hở gót.",0.599,0.016,False,False,,
977262032294,shoes,厚底胖mm西部靴子女大码41大筒围骑士靴褶皱堆堆靴粗腿长筒裤管靴,"Giày bốt nữ đế dày cỡ lớn, size lớn 41, bốt cưỡi ngựa cổ cao, bốt nhún gân, bốt dài ống rộng.",0.599,0.016,False,False,,
655409617036,shoes,外穿豆豆鞋女平跟平底鞋休闲女单鞋蝴蝶结女鞋德迅外贸大码工作鞋,"Giày bệt nữ kiểu dáng đơn giản có nơ, giày công sở size lớn xuất khẩu",0.6,0.017,False,False,,
961208877614,shoes,ZA新款2025夏季小众月光法式复古凉拖包头手工编织罗马软皮凉鞋女,"Dép sandal nữ mùa hè 2025 kiểu Pháp cổ điển, đế xuồng, thủ công, chất liệu da mềm, kiểu La Mã",0.6,0.017,False,False,,
992717922403,shoes,2026新款秋冬赵露思同款波浪底面包鞋韩版大头鞋秋季厚底板鞋女,"Giày bánh mì đế xu hướng Hàn Quốc kiểu Zhao Lusi mùa thu đông 2025, đế dày, mũi nhọn, dành cho nữ",0.6,0.018,False,False,,
1000506423169,shoes,网红不过膝长筒靴女2025年秋季新款厚底显瘦平底时尚高筒骑士靴潮,"Bốt nữ cao đến đầu gối thời thượng mùa thu 2025 đế dày, kiểu dáng ôm chân, thời trang, bốt cưỡi ngựa cao đến đầu gối",0.601,0.018,False,False,,
1040088794126,shoes,春秋新款小香风蝴蝶结菱格浅口女单鞋芭蕾舞复古平底不累脚一脚蹬,"Giày bệt nữ kiểu mới Xuân Thu, họa tiết nơ nhỏ đính kim cương, giày bệt cổ thấp phong cách retro, thoải mái, dễ mang.",0.601,0.019,False,False,,
887787783270,shoes,气质浅口单鞋女2025春季新款粗跟尖头复古小皮鞋女一脚蹬女鞋中跟,"Giày nữ mũi nhọn đế xuồng, kiểu dáng thanh lịch, mùa xuân 2025, giày da nhỏ cổ điển, kiểu lười, gót trung bình.",0.602,0.019,False,False,,
671846576586,shoes,仙女风拖鞋女新款2022夏季外穿韩版简约细带方头平底沙滩凉拖鞋潮,Dép lê phong cách tiên nữ Dép lê đi biển đế bằng đầu vuông dây nhỏ đơn giản phong cách Hàn Quốc đi ra ngoài mùa hè 2022 mẫu mới cho nữ sành điệu,0.602,0.019,False,False,,
1036071784494,shoes,仙女风夏季复古气质交叉带罗马鞋子沙滩鞋软底露趾一字扣带凉鞋女,"Dép xỏ ngón kiểu La Mã, thiết kế cổ điển, thanh lịch, phù hợp với mùa hè, có quai chéo, đế mềm, mũi dép hở, có một quai cài, dành cho nữ.",0.602,0.02,False,False,,
1066043319333,shoes,【莆田处理鞋】福建运动鞋杂款鞋子批发男鞋地摊货源摆地摊的鞋子,"【Giày thanh lý Phủ Điền】Giày thể thao Phúc Kiến, giày nam tổng hợp, bán sỉ, nguồn hàng cho sạp, giày bán sạp",0.602,0.02,False,False,,
1074336234309,shoes,头层牛皮复古魔术贴小白鞋女秋季新款老钱风厚底脏脏鞋百搭板鞋,"Giày thể thao nữ màu trắng, chất liệu da bò cao cấp, kiểu dáng cổ điển, có quai dán, mẫu mới nhất cho mùa thu, phong cách ""old money"", đế dày, kiểu dáng phá cách, dễ phối đồ.",0.603,0.021,False,False,,
997123765536,shoes,夏季小香风黑白熊猫拼色圆头系带厚底舒适休闲鞋女薄底板鞋女,"Giày thể thao đế dày thoải mái, kiểu dáng mùa hè, phối màu đen trắng hình gấu trúc, mũi tròn, buộc dây dành cho nữ, giày thể thao đế mỏng dành cho nữ.",0.604,0.021,False,False,,
1079807648432,shoes,6cm内增高尖头拼接短靴女2026新款复古系带褶皱堆堆靴中筒时装靴,"Bốt ngắn nữ mũi nhọn độn gót 6cm, phối màu, mẫu mới 2026, phong cách retro buộc dây, bốt nhún bèo, bốt thời trang cổ lửng.",0.604,0.022,False,False,,
1013620414201,shoes,春秋季蝴蝶结平底银色单鞋2025年爆款方头浅口百搭小香风鞋子,"Giày bệt màu bạc đính nơ, mũi vuông, cổ thấp, phong cách tiểu thư, dễ phối đồ, mẫu hot 2025, mùa xuân thu.",0.604,0.022,False,False,,
1029375658856,shoes,2026春秋新款森系博肯女鞋休闲一脚蹬平底乐福鞋子,"Giày lười nữ đế bệt phong cách Mori, mẫu mới Xuân Thu 2026, kiểu dáng casual, dễ xỏ.",0.605,0.023,False,False,,
1047045024020,shoes,真皮博肯鞋包头半拖大码鞋2026春夏季新款厚底鞋穆勒鞋凉鞋男女款,"Dép xỏ ngón kiểu Birkenstock, chất liệu da thật, có nhiều kích cỡ lớn, bộ sưu tập mới mùa xuân/hè 2026, đế dày, dành cho cả nam và nữ.",0.605,0.023,False,False,,
1053381396080,shoes,厚底踩屎感拖鞋女夏季高颜值可爱蝴蝶结少女心居家浴室凉拖鞋防滑,"Dép đế dày mang lại cảm giác êm ái, thoải mái, rất phù hợp cho phụ nữ vào mùa hè. Những đôi dép thời trang và dễ thương này có thiết kế nơ, lý tưởng để sử dụng trong nhà và phòng tắm, đồng thời có khả năng chống trơn trượt tuyệt vời.",0.605,0.023,False,False,,
968985575775,shoes,春秋新款八爪鱼椰子鞋透气运动鞋女单鞋休闲网红潮软底火焰袜子鞋,Mùa Xuân Và Mùa Thu Mới Bạch Tuộc Dừa Giày Thể Thao Thoáng Khí Giày Đơn Nữ Giày Internet Người Nổi Tiếng Hợp Thời Trang Đế Mềm Ngọn Lửa Tất Giày,0.605,0.024,False,False,,
1076949306896,shoes,头层牛皮真皮高跟鞋女春秋新款粗跟软皮单鞋防滑系带乐福鞋小皮鞋,"Giày cao gót nữ bằng da thật, bộ sưu tập xuân/thu mới, có gót vuông, da mềm, đế chống trượt và thiết kế buộc dây, kiểu dáng tương tự giày lười hoặc giày da nhỏ.",0.606,0.024,False,False,,
817622249292,shoes,内增高女鞋经典方扣方头浅口单鞋女温柔风软漆皮高跟鞋粗跟通勤鞋,Giày nữ độn cao bên trong giày một lớp miệng nông mũi vuông khóa vuông cổ điển giày cao gót da sáng chế mềm mại phong cách nhẹ nhàng cho nữ giày đi làm gót thô,0.606,0.025,False,False,,
992872048774,shoes,跨境女鞋新款时尚拖鞋珍珠扣百搭纯色金属装饰圆头平底凉鞋,"Dép nữ thời trang xuyên biên giới, kiểu mới, đính ngọc trai, khóa đa năng, màu trơn, trang trí kim loại, mũi tròn, đế bằng",0.606,0.025,False,False,,
911872075151,shoes,爆款厚底小白帆布板鞋女春秋季ins潮2024新款小众百搭休闲运动鞋,"Giày thể thao vải bố trắng đế dày thời thượng dành cho nữ mùa xuân thu xu hướng 2024, giày thể thao đa năng phong cách mới",0.606,0.026,False,False,,
1073770539409,shoes,糖果色圆头帆布鞋2026夏季新款平底低帮阿甘鞋百搭时尚休闲板鞋,"Giày vải đế bằng, mũi tròn, màu kẹo ngọt, kiểu dáng mới nhất cho mùa hè 2026, phong cách giản dị, dễ phối đồ và hợp thời trang.",0.608,0.026,False,False,,
1044953537378,shoes,初遇季红底侧空裸色高跟鞋女尖头职业不累脚细跟高跟单鞋,"Giày cao gót nữ mũi nhọn, gót mảnh, đế đỏ, khoét eo, màu nude, gót cao, không mỏi chân, phong cách công sở, mẫu mới.",0.608,0.026,False,False,,
995159985665,shoes,跨境德训鞋男女经典小白鞋休闲板鞋低帮运动鞋莆田货源滑板,"Giày thể thao Đức xuất khẩu, giày sneaker trắng cổ điển nam nữ, giày thể thao thường ngày, giày thể thao cổ thấp, nguồn cung Phù Điền, giày trượt ván.",0.608,0.027,False,False,,
1076120105052,shoes,一脚蹬德训半拖复古包头女外脚蹬增高厚底休闲拖鞋德训半拖鞋耐脏,"Giày thể thao nữ kiểu Đức, thiết kế cổ điển, dễ xỏ chân, phù hợp đi ngoài trời, đế dày giúp tăng chiều cao, kiểu dáng thoải mái, dễ xỏ chân, chống bám bẩn.",0.608,0.027,False,False,,
785724800061,shoes,蝴蝶结尖头休闲低帮单鞋女式平底浅口简约套脚通勤女皮鞋单鞋女夏,"Giày bệt mũi nhọn kiểu nơ buộc dành cho nữ, giày da đi làm đơn giản kiểu xỏ chân dành cho nữ, mùa hè.",0.609,0.028,False,False,,
782417418584,shoes,一字椰子男拖鞋夏季新款跨境大码休闲男士一字拖厚底情侣款拖鞋,Dép lê nam Một chữ dừa mùa hè mẫu mới xuyên biên giới cỡ lớn thường ngày Dép lê nam đế dày đôi Dép lê,0.61,0.028,False,False,,
981525291749,shoes,2025秋季女鞋新款内增高休闲老爹鞋小白鞋坡跟松糕厚底网单鞋加绒,"Giày nữ Thu Đông 2025 kiểu mới, giày thể thao đế xuồng nâng chiều cao, giày đế xuồng trắng, giày đế xuồng platform đế dày, giày lưới lót lông nhung",0.61,0.029,False,False,,
1048018007843,shoes,外贸批发H拖外穿拖鞋平底女居家一字拖沙滩休闲凉鞋百搭单鞋泡沫h,"Bán sỉ hàng xuất khẩu: Dép lê nữ đế bệt quai ngang, dép đi ngoài trời, dép đi trong nhà, dép đi biển, dép sandal casual, dễ phối đồ, dép xốp.",0.611,0.029,False,False,,
1054859781305,shoes,2026春季新款女鞋网面女士厚底缓震老爹鞋休闲运动鞋复古熊猫鞋,"Giày nữ mùa xuân 2026: Giày thể thao đế dày, có lớp đệm, kiểu dáng thoải mái, giày thể thao thường ngày, giày kiểu dáng cổ điển hình gấu trúc.",0.611,0.029,False,False,,
753465536610,shoes,莆田男鞋减震运动鞋春秋款爆米花软底夏季透气网面休闲厚底跑步鞋,Giày nam Putian giày thể thao giảm xóc giày chạy bộ đế dày thường ngày mặt lưới thoáng khí mùa hè đế mềm bỏng ngô mẫu xuân thu,0.612,0.03,False,False,,
1048726179823,shoes,正确版35色二舅H拖鞋女夏季外穿真皮厚底魔术贴平底女式沙滩凉拖,"Phiên bản chính xác của đôi dép xỏ ngón đế dày, chất liệu da, có quai dán, dành cho nữ, kiểu dáng Erjiu H, phù hợp đi biển vào mùa hè, với 35 màu sắc khác nhau.",0.612,0.03,False,False,,
