name_zh,name_vi,so_lan,sim_name
毛重,Trọng lượng tịnh,876,0.415
领标,Nhãn,377,0.301
领标,Nhãn chì,13,0.356
声道,Kênh,6,0.368
礼服摆型,Váy xòe,2,0.402
奶瓶是否带柄,Thông số kỹ thuật,1,0.401
奶嘴,Núm ti,1,0.39
3,Bộ trang trí lưu ly,1,0.365
属性三,Mẫu mã,1,0.412
小狗小熊收纳箱,Mẫu mã,1,0.386
张家界特产,Mẫu mã,1,0.343
广州协和,Quảng Châu Concord,1,0.388
束脚裤,Thông số kỹ thuật,1,0.381
环保安全,Mẫu mã,1,0.412
华强北,Hoa Cường Bắc,1,0.423
四件套,Mã hàng,1,0.406
省份,Dòng sản phẩm,1,0.42
皮质特征,Số tạp chí,1,0.371
箱规重量,Số tạp chí,1,0.408
网面男鞋,Thông số kỹ thuật,1,0.423
茶包独立小包装,Mẫu mã,1,0.391
茶种类,Mẫu mã,1,0.391
花茶独立小包装,Mẫu mã,1,0.36
苹果,táo,1,0.421
裤子分类,Mẫu mã,1,0.419
衣门襟,Mã hàng,1,0.382
镂空透气男鞋,Mẫu mã,1,0.383
饺子盒,Mẫu mã,1,0.404
首谷德训鞋女款,Thông số kỹ thuật,1,0.377
首饰盒,Thông số kỹ thuật,1,0.399
麂皮,Da lộn,1,0.381
黄山毛峰,Huangshan Maofeng,1,0.299
