,value
rows,16348.0
cols,33.0
null_%_max,16.5
empty_%_max,77.07
dup_pair_%,1.29
dup_zh_%,2.97
dup_vi_%,1.33
avg_len_zh,31.2
avg_len_vi,125.0
avg_tok_zh,31.1
avg_tok_vi,27.8
ratio_tok_median,0.9
ratio_outliers_%,0.18
suspect_%,0.18
title_pairs_scored,16348.0
title_sim_mean,0.7020000219345093
title_threshold_hard_p50_neg,0.504
title_threshold_grey_p95_neg,0.633
title_auc_vs_samecat_neg,0.9779
title_hard_wrong_n,17.0
title_grey_zone_%,11.9
title_vi_with_chinese,7.0
description_vi_with_chinese_%,12.83
attr_pairs,405190.0
attr_threshold_hard_p50_neg,0.486
attr_auc_vs_samename_neg,0.8183
attr_below_threshold_%,8.51
attr_numbering_artifact_%,8.98
attr_vi_with_chinese_%,1.23
