thuat_ngu_zh,so_dong_zh_co,cach_dich_vi (so_dong),khong_khop_mau_nao
行车记录仪,519,camera hành trình: 140; máy ghi âm lái xe: 213; máy ghi hình lái xe: 36; ghi âm lái xe: 246; ghi hình lái xe: 61,76
充电宝,67,sạc dự phòng: 51; kho báu sạc: 2; pin dự phòng: 2,13
密码箱,230,vali khóa số: 3; hộp mật khẩu: 97; vali mật khẩu: 15; vali mã: 0,115
爆款,605,bán chạy: 82; bùng nổ: 31; kiểu nổ: 7; mẫu nổ: 9; hot: 199,281
网红,307,nổi tiếng trên mạng: 110; net red: 1; người nổi tiếng: 30; internet: 32,160
一件代发,178,dropship: 36; một mảnh: 21; thay mặt: 0; giao hàng: 36,88
老爹鞋,354,dad: 126; giày bố: 136; giày ông già: 0; đế thô: 1; chunky: 14,77
拉杆箱,424,vali kéo: 65; vali xe đẩy: 99; hộp xe đẩy: 12; xe đẩy: 292,68
双肩包,1023,ba lô: 987; balo: 113; túi đeo vai: 20,5
补水,664,cấp nước: 33; cấp ẩm: 54; dưỡng ẩm: 619; bổ sung nước: 2,38
面膜,798,mặt nạ: 776; mask: 70,9
