"dest","source","sha256_source","status"
"WALKTHROUGH.md","D:\nam4_ky1\e-commerce - crawl\ecom_crawler\WALKTHROUGH.md","AAAB91F25D98B26E5AD38F0874311A11BE352E07DEAB04E149537D11734B9D9D","edited after copy (added section 0 + 01/10 log)"
"notebooks\eda-bilingual_zh_vi.ipynb","D:\nam4_ky1\e-commerce - crawl\ecom_crawler\eda-bilingual_zh_vi.ipynb","21F5C3984B9172361EE284263E71130CA025C67D48DD94B184EFC6D98359244F","byte-identical"
"notebooks\archive\eda-bilingual_zh_vi.BACKUP.ipynb","<scratchpad>\eda-bilingual_zh_vi.BACKUP.ipynb","3624F27F881AD45BB3C8570401381EAC4AFD01BB60BF6224F8C3471E4FA2CA02","byte-identical"
"data\snapshot\bilingual_zh_vi.parquet","D:\nam4_ky1\e-commerce - crawl\ecom_crawler\data\snapshot_tmp\bilingual_zh_vi.parquet","B4E5CE75D5AE8AF523235B5C23F5C7289E405A8230D879F11136AFC938135A29","byte-identical"
"data\snapshot\mono_zh.parquet","D:\nam4_ky1\e-commerce - crawl\ecom_crawler\data\snapshot_tmp\mono_zh.parquet","34A568997506C6AB9C95EEE33611F0A1EC7BC72E82071FAD010A4268637D24CB","byte-identical"
"data\snapshot\tiki_vi.parquet","D:\nam4_ky1\e-commerce - crawl\ecom_crawler\data\snapshot_tmp\tiki_vi.parquet","4BD8CE3559FB93F35FEC3EF8149FC991BD0E1DD2DD4BB2FA324D2374C4DD9710","byte-identical"
"docs\design\pipeline_artifact.html","<scratchpad>\pipeline_artifact.html","F69D112313BA79DE9C4CE0F6DA49FCC62318F95FE34CA056CFE528AE730BE2C9","byte-identical"
"docs\design\eda_pipeline.html","<scratchpad>\eda_pipeline.html","E0D676D034DF13CDE3A2E336D0BE33E805C74A768BA4F56AD89735DC97196A36","byte-identical"
"docs\ecom_crawler_README.md","D:\nam4_ky1\e-commerce - crawl\ecom_crawler\README.md","4BE4911CEC320428A76FB078A9CDC754FE274698D056E2A23D40F84B70570161","byte-identical"
"src\textnorm.py","D:\nam4_ky1\e-commerce - crawl\ecom_crawler\core\textnorm.py","99652B4F42CE519E6A944EE9E5701F9E69D5AC378117355D18C2645A9B8BA059","byte-identical"
"scripts\eda\title_audit.py","<scratchpad>\title_audit.py","88E82FB12A929F2DE6E4AB350F57893D71FCCB726C063F5BF5E8D762C6F93F32","edited after copy (paths only)"
"scripts\eda\data_issues.py","<scratchpad>\data_issues.py","4FA6438960A8E2D4533BE5C90699EC5594CAE6AD39FFD4671E76B19D90834BA5","edited after copy (paths only)"
"scripts\eda\build_tokens_edited.py","<scratchpad>\build_tokens_edited.py","7B0267896956F26AABD875152BDD225C51FFF9B5DA1E6CA54B5FE184CBABF8A4","edited after copy (paths only)"
"scripts\eda\tok_prep.py","<scratchpad>\tok_prep.py","094C54FDF95B3DAC2E1FA46E61740F448A4020855AB773648899F92FC5F926AE","edited after copy (paths only)"
"scripts\eda\dec_pinyin.py","<scratchpad>\dec_pinyin.py","915C3767B38302DFCD304A82B8B842D7DC8E2CDA8483FDE85357478E43EB5298","byte-identical"
"scripts\eda\dec_en.py","<scratchpad>\dec_en.py","95C196A0004D9A88573C7899EFAA1B3F308C3D5159D657145EBEA1152C6E95CA","byte-identical"
"scripts\eda\sim_full.py","<scratchpad>\sim_full.py","DA1A6EC2923C5CBB5DB78B92F1696635CBC1DAD0F06C736E9DDEA0D27A22B055","edited after copy (paths only)"
"scripts\eda\attr_split_check.py","<scratchpad>\attr_split_check.py","E90C2288163156FA6B2F88CEBB37B4929A418A9A2819B81A6DBCA1671F4CF8D3","edited after copy (paths only)"
"scripts\notebook\run_nb_harness.py","<scratchpad>\run_nb_harness.py","630AEBDD6217B2D2235C4D797BF72E23178F4DC5C79FB73421585EBB140B821B","edited after copy (paths only)"
"scripts\archive\patch_nb.py","<scratchpad>\patch_nb.py","C5482D9845CB72D89BD4FFAFCB271C5E4FD4F93547B7E226E47CB609FCF9EF92","byte-identical"
"scripts\archive\new_cells.py","<scratchpad>\new_cells.py","FDF2887A7DC8CEAD1B153B3ACB0B92001EB1C3CA57CB1FBA998EE4ECA0010AD2","byte-identical"
"scripts\archive\title_latin_explore.py","<scratchpad>\title_latin_explore.py","4482A0627226C22B3EF005FB9651AE4C29A89DA7FCEDC9C4E0D0C95E252DB6B9","byte-identical"
"data\eda\title_similarity_full.csv","D:\nam4_ky1\e-commerce - crawl\ecom_crawler\data\eda\title_similarity_full.csv","50DAAE40DF3501BC1DB35138DEE178AEF28FABD892A9BE95B33E396CC42A06B0","byte-identical"
"data\eda\title_similarity_summary.json","D:\nam4_ky1\e-commerce - crawl\ecom_crawler\data\eda\title_similarity_summary.json","F22EDEFEF0470C17C662C317F27EDDB5080E3E474E4DB2F46039D826CD4960F0","byte-identical"
"data\eda\data_issues\data_issues_evidence.csv","D:\nam4_ky1\e-commerce - crawl\ecom_crawler\data\eda\data_issues\data_issues_evidence.csv","1785B03B73DE3EE20BB63C9EFE2FB2FCA863C806387806C66234C04D97287FC7","byte-identical"
"data\eda\data_issues\data_issues_summary.csv","D:\nam4_ky1\e-commerce - crawl\ecom_crawler\data\eda\data_issues\data_issues_summary.csv","A6BDEED2AFE0EF4AAD9A067A5C0F76D9F3F878FD3709018DAE19253109E24B0E","byte-identical"
"data\eda\full_run\eda_attr_below_threshold.csv","D:\nam4_ky1\e-commerce - crawl\ecom_crawler\data\eda\full_run\eda_attr_below_threshold.csv","2315EF71F991AA1573BC65611D8F06574114CA247F771B489DCF32F9CD219E8E","byte-identical"
"data\eda\full_run\eda_attr_names_low_sim.csv","D:\nam4_ky1\e-commerce - crawl\ecom_crawler\data\eda\full_run\eda_attr_names_low_sim.csv","97B8060943E631358584E5B74A092CE7BF15CC00E4951209462335B9AE7CC1C7","byte-identical"
"data\eda\full_run\eda_chinese_left_in_vi.csv","D:\nam4_ky1\e-commerce - crawl\ecom_crawler\data\eda\full_run\eda_chinese_left_in_vi.csv","4FB98E46D3D1CD5D9D9D7B67DBC990697C54686FE8BE4A99BF6DD34A67FC8C78","byte-identical"
"data\eda\full_run\eda_summary.csv","D:\nam4_ky1\e-commerce - crawl\ecom_crawler\data\eda\full_run\eda_summary.csv","378FEA815FD5E508742BFE8E86EBB674054BFC17987A396CDA96809135E8782B","byte-identical"
"data\eda\full_run\eda_suspect_pairs.csv","D:\nam4_ky1\e-commerce - crawl\ecom_crawler\data\eda\full_run\eda_suspect_pairs.csv","4CEA084742CD67E575E3F20EC5BA19E841D95F2BA659A0289B34C2641AD3C271","byte-identical"
"data\eda\full_run\eda_title_review_by_category.csv","D:\nam4_ky1\e-commerce - crawl\ecom_crawler\data\eda\full_run\eda_title_review_by_category.csv","8422C9C4EFE3EA2BD389D55F6DCC87B023D3AE8FE4D14B2298A8C35C0DB443D9","byte-identical"
"data\eda\full_run\run.log","D:\nam4_ky1\e-commerce - crawl\ecom_crawler\data\eda\full_run\run.log","708F488899483D99237922848D26F28FFE950547D27913E8920E978EF8D4987A","byte-identical"
"data\eda\full_run\run_failed_http400.log","D:\nam4_ky1\e-commerce - crawl\ecom_crawler\data\eda\full_run\run_failed_http400.log","C262658DC0CF03254DDA2D28FADB60E6A64CB5533D3B62BC6B1FA7B3ADA9DF34","byte-identical"
"data\eda\full_run\run_full.bat","D:\nam4_ky1\e-commerce - crawl\ecom_crawler\data\eda\full_run\run_full.bat","EF165A692CBED1239DDDE12B241ECB3D0D09029A86E3AF2320DA981AE0699863","byte-identical"
"data\eda\title_audit\title_issues_rows.csv","D:\nam4_ky1\e-commerce - crawl\ecom_crawler\data\eda\title_audit\title_issues_rows.csv","EAF9553AE6118F1C54F561B4D8DD5C4EC455C0C8B57FD910202DE55326D77B4B","byte-identical"
"data\eda\title_audit\title_issues_summary.csv","D:\nam4_ky1\e-commerce - crawl\ecom_crawler\data\eda\title_audit\title_issues_summary.csv","CC973B9FC7D9FBC90BC38E4637ACB382ADFB437CE354303D77157F82081FE0C4","byte-identical"
"data\eda\title_audit\title_latin_rows_can_xu_ly.csv","D:\nam4_ky1\e-commerce - crawl\ecom_crawler\data\eda\title_audit\title_latin_rows_can_xu_ly.csv","74D2D5A21BD5312D0D2E1C511956CE76B800BB6101A2AB37651A9CE9A439B148","byte-identical"
"data\eda\title_audit\title_latin_tokens.csv","D:\nam4_ky1\e-commerce - crawl\ecom_crawler\data\eda\title_audit\title_latin_tokens.csv","BA83D346F4D18C520A3EAAF865B70479AE707973E926AACF1A830D44FCF840D1","byte-identical"
"data\eda\title_audit\title_latin_tokens_editted.csv","D:\nam4_ky1\e-commerce - crawl\ecom_crawler\data\eda\title_audit\title_latin_tokens_editted.csv","074B480CD04E46D2A45B8CBF1808588BAD7B183EC77685F42476A73D6F9E23CA","byte-identical"
"data\eda\title_audit\title_term_consistency.csv","D:\nam4_ky1\e-commerce - crawl\ecom_crawler\data\eda\title_audit\title_term_consistency.csv","35358138BA4D872644CF404C734C442F3CC90F3BD297A13A796C2C26D4B61D14","byte-identical"
